Date,ABEV3.SA,B3SA3.SA,BBAS3.SA,BRFS3.SA,CMIG4.SA,CRFB3.SA,CSNA3.SA,ITUB4.SA,KLBN11.SA,LREN3.SA,MRFG3.SA,PETR3.SA,PETR4.SA,RAPT4.SA,VALE3.SA
2023-01-02,13.359,11.5464,14.1885,7.9255,6.5628,13.7559,12.1608,21.2367,16.0067,16.3778,7.1235,17.2049,14.6541,7.4032,72.5644
2023-01-03,13.3402,11.16,13.9241,7.5272,6.4064,13.6588,12.0204,20.7945,16.1584,15.988,6.9787,16.9616,14.2833,7.3017,72.4345
2023-01-04,13.4155,11.2448,14.1032,7.6766,6.4846,13.9695,12.1113,20.8552,16.2222,16.0897,7.115,17.2443,14.7372,7.237,72.5644
2023-01-05,13.4531,11.5935,14.7474,8.3437,6.5447,14.2607,12.9126,21.5055,16.342,15.844,7.2173,17.8031,15.2679,7.3386,73.7819
2023-01-06,13.4814,11.8669,14.9521,8.6025,6.5447,14.3578,13.4414,21.8784,16.2222,16.4286,7.2002,17.6913,15.1784,7.3201,74.9507
2023-01-09,13.5567,11.7066,14.8071,8.6523,6.7132,14.1927,13.4992,22.0345,16.2941,16.471,7.1065,17.8097,15.2615,7.4586,75.0319
2023-01-10,13.6885,12.1214,15.0588,9.0207,6.7493,14.2704,14.1436,22.4594,16.1663,16.9624,7.311,17.9149,15.4021,7.5878,75.9572
2023-01-11,13.4531,12.6775,15.2721,8.4233,7.026,14.1054,14.1684,22.8496,15.8231,17.6402,7.3621,18.145,15.5236,7.7355,75.6893
2023-01-12,13.2743,12.6021,15.174,8.5229,6.9598,13.9792,13.9866,22.5288,15.9029,17.996,7.3621,18.2436,15.7474,7.754,76.0871
2023-01-13,13.0671,12.4041,15.2081,7.9653,6.8696,14.3286,13.9536,22.416,15.855,17.064,7.132,18.2041,15.709,7.634,76.152
2023-01-16,12.427,12.2062,15.191,7.5372,6.8034,14.9596,13.7222,22.1732,15.8949,16.7167,6.8679,17.7505,15.3702,7.3109,74.8777
2023-01-17,13.0483,12.2628,16.0826,7.806,7.0079,14.7849,13.8627,22.6328,16.1264,16.8946,7.0724,18.9996,16.3164,7.3017,74.7803
2023-01-18,12.973,12.3287,16.313,7.8956,7.038,14.9014,14.3005,23.0404,16.1584,17.4962,7.0127,18.7564,16.0287,7.274,75.7624
2023-01-19,12.8412,12.225,16.6841,7.6865,7.026,14.5713,14.3832,23.0404,16.0306,17.6232,7.0468,19.3941,16.553,7.2924,76.0871
2023-01-20,12.7376,12.0365,17.0937,7.8657,6.8395,14.2801,14.7301,22.6328,15.6634,17.4114,6.9787,19.611,16.8599,7.3663,76.29
2023-01-23,12.6341,11.9234,16.9657,7.7562,6.7372,15.0858,14.8293,21.9391,15.5277,17.2759,7.1746,20.0647,17.1284,7.2832,76.5416
2023-01-24,12.8129,12.1025,16.8804,7.9852,6.8636,15.6683,14.5649,22.1386,15.6235,18.0384,7.1576,19.9135,17.0069,7.3755,77.3533
2023-01-25,12.9071,12.357,17.3411,8.1047,7.05,15.8042,14.5484,22.2166,15.4558,18.4112,7.1406,19.9989,17.2243,7.5601,78.0838
2023-01-26,12.9353,12.3664,17.3325,8.1644,6.8515,15.6295,15.1928,22.0865,15.384,18.4959,7.0724,19.4401,16.7832,7.7263,79.5448
2023-01-27,12.8506,11.98,17.1406,7.7363,6.7372,15.445,15.0358,21.6183,15.3361,18.013,6.8423,18.9996,16.3804,7.6709,77.3695
2023-01-30,12.7376,12.1308,17.4093,7.4973,6.7192,15.7654,15.1184,21.6269,15.6873,17.9537,6.6378,19.0588,16.4635,7.4309,77.0936
2023-01-31,12.86,12.2156,17.3624,7.9255,6.8936,15.9692,15.2837,21.9651,15.5676,18.3265,6.5611,19.3678,16.6681,7.4771,76.7121
2023-02-01,12.4081,12.1685,17.1534,8.5328,6.8696,15.8139,15.2919,21.6767,15.6953,18.3519,6.9105,18.9865,16.4379,7.3294,75.8598
2023-02-02,12.3422,12.2533,16.8292,7.8757,6.8696,15.843,14.4575,21.8763,15.1604,18.4536,6.6293,18.0858,15.6771,7.274,72.3533
2023-02-03,12.2198,11.4144,16.7225,7.6965,6.7192,15.1247,14.5649,21.7982,15.4239,17.1657,6.5611,18.3028,15.8497,7.1909,72.1991
2023-02-06,12.2575,11.4144,16.8164,7.1389,6.8154,14.8237,14.2675,21.8069,15.2403,17.1149,6.118,18.9668,16.4827,7.1355,71.2981
2023-02-07,12.201,11.2071,16.586,6.651,6.5989,14.5616,14.284,21.3036,15.384,16.7506,5.8028,18.8681,16.3804,7.1724,71.7689
2023-02-08,12.4175,11.4239,16.9785,6.8701,6.7011,14.1636,14.3005,23.0651,15.368,17.0302,5.9732,19.2495,16.6553,7.3201,72.0124
2023-02-09,12.2575,10.9809,16.8889,6.8502,6.5327,13.4841,14.1188,22.4924,15.4878,16.31,5.7261,19.2495,16.5786,7.117,71.7446
2023-02-10,12.1069,11.1223,17.2216,6.3922,6.5929,13.8044,14.094,22.3883,15.6155,16.3354,5.6409,19.7754,17.0837,7.1909,70.454
2023-02-13,12.3611,11.2354,17.3197,6.88,6.6229,13.6297,14.0362,23.178,15.6714,16.3862,5.709,19.874,17.1348,7.4217,70.3809
2023-02-14,12.2387,10.7829,17.725,6.432,6.5628,14.0277,14.0775,22.8916,15.8446,15.8609,5.6068,19.7557,17.0709,7.2647,70.6975
2023-02-15,12.4552,10.9243,17.8871,6.6809,6.5568,14.7169,14.598,23.23,16.0393,16.293,5.8283,19.8411,17.0964,7.3755,72.2397
2023-02-16,12.314,10.7169,18.0876,6.7406,6.5808,14.5325,14.8375,23.4036,15.9988,16.4201,5.7602,19.8214,17.1668,7.3478,72.3939
2023-02-17,12.427,10.3965,18.2668,6.8302,6.5808,14.6005,14.3749,23.3255,15.6823,16.6235,5.6068,19.519,16.9046,7.3109,71.4524
2023-02-22,12.4364,10.2268,17.8146,6.3722,6.4244,14.1927,14.3336,22.8916,15.3497,15.8355,5.3426,19.0325,16.4699,7.2278,70.9085
2023-02-23,12.474,10.1608,17.9596,6.4718,6.4305,13.8433,14.3997,22.9784,15.3416,16.2507,5.3597,19.7425,16.975,7.2924,70.5757
2023-02-24,12.5399,9.8267,17.6145,6.432,6.3462,13.7365,13.6479,22.2755,15.439,16.1066,5.3682,19.4467,16.5594,7.2278,69.0254
2023-02-27,12.6152,9.9875,17.3752,6.4419,6.3462,13.8141,13.8214,21.9891,15.4714,16.2676,5.496,19.7688,16.7192,7.274,69.0254
2023-02-28,12.6058,9.978,17.5362,6.1333,6.3041,13.0569,13.7718,22.0672,15.8365,15.8016,5.4278,18.901,16.1374,7.3478,69.2527
2023-03-01,12.6811,9.9308,16.9705,6.4618,6.2801,12.5036,14.821,21.7091,15.9014,15.1662,5.5983,18.901,16.1758,7.1909,72.402
2023-03-02,12.3611,10.0159,16.2873,6.7108,6.2259,12.3871,14.6806,20.9971,15.9744,15.3356,5.6664,18.3816,15.7538,7.0801,72.2397
2023-03-03,12.3422,9.9497,16.4701,6.6909,6.1838,12.4745,15.0689,21.0231,16.0069,15.0391,5.7687,19.0522,16.4315,7.1632,72.4832
2023-03-06,12.7094,10.3658,16.8443,7.1588,6.2801,12.591,14.4906,21.5007,15.9257,15.3695,5.8965,19.3349,16.5977,7.3571,69.9264
2023-03-07,12.6435,10.4509,17.2316,6.8601,6.3342,12.2803,14.2923,21.5615,15.7959,15.4542,5.9221,18.7498,16.0479,7.4032,69.2608
2023-03-08,12.8224,11.0184,17.4057,7.0493,6.4605,12.7463,14.8623,21.8307,15.9825,16.6065,5.9561,19.0391,16.2525,7.634,69.8939
2023-03-09,12.8035,10.9522,17.0271,6.9597,6.2981,12.4162,13.6644,21.4139,15.8203,16.3778,5.9902,18.8024,16.1822,7.6709,68.9767
2023-03-10,12.7188,10.6496,16.7051,6.5614,6.3222,12.2318,13.1522,20.9016,15.6742,16.0388,5.8198,18.6709,15.9712,7.4032,68.7495
2023-03-13,12.8129,10.7347,16.6006,6.5315,6.3523,12.4939,13.2679,20.6497,15.1875,16.2846,5.8198,18.0792,15.4661,7.274,69.0336
2023-03-14,13.133,10.8198,16.4742,6.5714,6.4665,12.5036,12.987,20.5803,14.9603,15.6491,5.7772,17.7571,15.1912,7.1447,69.662
2023-03-15,13.1989,10.9144,16.4917,6.661,6.5688,12.1929,12.2021,20.5282,14.5384,15.7084,5.8539,17.3232,14.9226,6.9509,67.5634
2023-03-16,13.4249,11.217,16.6674,6.661,6.5207,12.0376,12.2104,20.8668,14.6033,15.844,6.0499,17.2574,14.8715,6.914,67.8122
2023-03-17,13.3872,10.6874,16.3819,6.9696,6.3282,11.8532,12.0617,20.2677,14.7494,15.3102,6.2459,17.3298,15.0313,6.8863,68.6251
2023-03-20,13.2931,10.5739,16.2897,6.7904,6.3041,11.7949,11.8386,20.3198,14.652,14.7934,6.084,16.9222,14.6605,6.8032,69.1892
2023-03-21,13.133,10.5644,16.483,6.5614,6.262,11.2998,11.6899,20.7366,14.652,14.912,5.9902,17.2969,14.961,6.6555,68.6086
2023-03-22,13.133,10.4415,16.5225,6.1134,6.2801,11.1833,11.7643,20.615,14.5952,14.7855,5.7346,17.1457,14.9162,6.7478,67.7542
2023-03-23,12.973,9.8551,16.3424,5.5259,6.3282,11.0183,11.3925,20.1027,14.652,14.4003,5.4278,16.8104,14.5774,6.5817,66.0122
2023-03-24,13.0766,9.9875,16.5093,6.1532,6.3944,11.1251,11.376,20.3943,14.8548,14.5458,5.6238,16.8696,14.571,6.757,65.2573
2023-03-27,13.1142,10.0159,16.5181,6.0437,6.5508,11.1251,11.4421,20.7456,14.4654,14.7941,5.6238,17.126,14.8203,6.8586,65.1495
2023-03-28,13.7356,10.101,16.6323,6.2826,6.6994,11.5328,11.913,20.8422,14.5465,15.2992,5.6579,17.4218,15.0825,6.9324,65.838
2023-03-29,13.9427,10.0156,16.8255,6.3225,6.8219,11.659,12.1608,21.0442,14.7494,14.5544,5.6409,17.6059,15.2807,6.8678,66.7836
2023-03-30,13.9521,10.2724,17.133,6.5415,6.9505,12.2512,12.8217,21.6239,14.8143,15.1023,5.7772,17.8031,15.3254,6.9509,67.8703
2023-03-31,13.4908,9.8444,17.1769,6.1831,7.0056,12.0279,12.7557,21.7293,14.6763,14.1862,5.6579,17.4152,14.993,6.9324,66.6012
2023-04-03,13.4908,10.0632,16.9749,5.974,7.0914,11.8726,12.4748,21.1208,14.7899,13.1931,5.3682,18.2436,15.6579,6.8309,66.6177
2023-04-04,13.5849,10.301,17.2559,6.1034,7.1465,11.6008,12.2848,21.5427,14.8548,13.176,5.4278,17.9872,15.5172,6.8309,64.7348
2023-04-05,13.5567,10.2629,17.1944,6.1731,7.1587,11.1348,12.1443,21.5251,14.4897,12.8164,5.3426,18.0135,15.5684,6.674,63.7808
2023-04-06,13.5849,10.1773,17.1374,6.1134,7.1587,11.0377,12.0369,21.4548,14.5141,13.45,5.3682,17.8031,15.3446,6.6093,63.6647
2023-04-10,13.6132,10.377,17.1461,6.1432,7.2689,10.9795,12.4913,21.6833,14.7007,13.2359,5.4619,18.2765,15.6707,6.674,64.8924
2023-04-11,13.9144,11.0619,17.5414,6.7307,7.3975,11.6105,13.3587,22.3864,15.155,14.4688,5.7516,19.0785,16.4059,7.0063,68.3182
2023-04-12,13.8956,11.2806,18.7624,6.7805,7.6364,11.193,13.2431,22.5358,15.2767,14.7171,5.8028,19.0917,16.5274,7.034,66.8583
2023-04-13,13.7356,11.1665,18.7536,6.2627,7.5568,11.0862,12.9209,22.5358,15.1956,14.426,5.3938,19.3152,16.6425,7.0986,65.9541
2023-04-14,13.792,11.3853,19.0742,6.1432,7.5384,10.7376,11.9708,22.861,15.009,13.9551,5.2319,19.6045,16.8151,7.1632,65.3735
2023-04-17,13.8862,11.4328,19.1181,6.1731,7.6119,10.7962,12.1278,22.8171,15.0982,14.3318,5.3086,19.6899,17.0773,7.2555,64.5937
2023-04-18,13.7732,11.3092,19.1533,5.9939,7.6364,10.7279,12.3591,22.7995,15.2442,13.7411,5.4193,20.1896,17.512,7.3201,65.1495
2023-04-19,13.7261,11.0238,18.9293,5.974,7.5751,9.8298,12.0617,22.4392,15.3254,12.9877,5.3,19.5453,16.9494,7.1355,63.2499
2023-04-20,13.745,11.0904,19.1093,5.964,7.6792,10.2495,12.0039,22.5007,15.0739,12.9962,5.4108,19.6045,17.0645,7.4955,61.931
2023-04-24,13.5002,11.1855,19.0698,5.974,7.6609,10.4155,11.6073,22.2985,15.1226,12.9277,5.3938,19.9069,17.3906,7.394,59.6914
2023-04-25,13.4531,11.2236,18.8941,5.8844,7.6425,10.3472,11.3099,22.5007,14.8792,12.6452,5.3938,19.8017,17.3202,7.3847,58.0655
2023-04-26,13.3778,10.7004,18.7404,5.8844,7.5935,10.2398,11.2025,22.2722,14.871,12.825,5.266,19.519,17.1028,7.3755,58.2895
2023-04-27,13.3307,10.9192,18.7624,5.7948,7.6609,10.23,11.4338,22.6677,14.8873,12.8507,5.3682,18.9996,16.6873,7.4955,59.5255
2023-04-28,13.3307,11.1094,18.8239,6.3125,7.6319,10.4936,11.7395,22.7819,15.5201,13.5613,5.5471,19.5119,17.0691,7.6247,60.0563
2023-05-02,13.4249,10.7765,18.3759,6.0536,7.6381,10.191,10.9606,21.9003,15.5607,12.7736,5.4364,18.6413,16.3777,7.6801,57.6839
2023-05-03,13.7261,10.9477,18.3188,6.2926,7.5515,9.2344,11.0812,21.8652,16.1448,12.474,5.5812,18.5388,16.3201,7.9848,57.236
2023-05-04,13.7732,11.2521,18.5252,6.3922,7.5145,8.7853,10.3919,22.0411,15.8446,13.2359,5.6835,18.8095,16.5793,8.0124,55.4609
2023-05-05,13.6414,11.8799,18.9951,6.5315,7.3352,8.6096,11.1243,22.859,16.1529,14.4688,5.7346,19.5997,17.2852,8.1971,57.2692
2023-05-08,13.6602,11.8323,18.9205,6.9896,7.3167,9.2344,11.4087,23.1757,16.469,14.3832,5.7005,19.9216,17.6525,8.3263,58.0406
2023-05-09,13.6508,11.9464,18.8634,7.1489,7.4032,9.3808,11.4259,23.3164,16.5598,14.9825,5.692,20.0752,17.7101,8.4648,58.6379
2023-05-10,13.5567,11.9369,19.1093,7.0294,7.5021,9.5467,11.2105,23.6594,16.5516,14.9825,5.709,20.1118,17.6669,8.7786,57.5346
2023-05-11,13.6508,12.1557,19.5002,7.4575,7.6133,9.576,11.0381,23.8881,16.4525,14.4859,5.7261,20.5946,18.3151,9.1294,56.4148
2023-05-12,13.6038,12.2033,19.4256,7.3779,7.5206,9.7127,10.995,23.6682,16.5598,14.4003,5.5897,21.3189,18.9056,9.314,56.4729
2023-05-15,13.7638,12.3649,19.5178,7.2783,7.6381,9.8981,11.2018,23.7562,17.3114,14.8455,5.6324,20.8946,18.4807,9.3417,57.2858
2023-05-16,13.745,12.1842,18.9556,6.6112,7.533,9.4101,10.9347,23.677,17.0058,14.5373,5.3,21.3628,18.9416,9.2125,56.1079
2023-05-17,13.7073,12.6693,18.9864,7.109,7.3847,9.6443,11.4087,23.9145,17.2041,15.9413,5.3597,21.2311,18.4807,9.3509,57.966
2023-05-18,13.6979,12.831,18.9732,7.9255,7.397,9.6736,11.4776,23.8265,17.7987,16.1382,5.5897,21.3262,18.5887,9.4248,58.0489
2023-05-19,13.7261,12.8976,19.3421,8.1545,7.4897,9.8591,11.5465,23.633,18.1539,16.6177,5.888,21.4287,18.5599,9.5817,57.4102
2023-05-22,13.7638,12.7359,19.0874,8.1146,7.4527,9.8591,11.5465,23.1845,18.0795,16.2067,5.9221,21.1068,18.4519,9.5632,56.4894
2023-05-23,13.7356,12.5647,19.5354,7.7164,7.4156,9.6443,11.2966,23.3692,17.9722,15.9413,5.6153,21.5457,18.9056,9.5817,55.212
2023-05-24,13.8015,12.2318,19.5924,7.2882,7.4156,9.5077,10.8658,23.2372,17.5922,15.7444,5.479,21.7798,19.1937,9.5817,53.9595
2023-05-25,13.8768,12.5362,19.6144,7.4973,7.4403,9.6053,10.6159,23.9672,17.6005,16.6947,5.479,21.6189,19.0497,9.7109,53.7936
2023-05-26,13.8956,12.9927,19.5002,7.567,7.4341,9.5662,10.7624,23.7825,17.7987,17.1571,5.4705,21.9774,19.3018,9.8586,55.0212
2023-05-29,13.8956,12.8691,19.4651,7.348,7.397,9.5858,10.7452,23.677,17.5757,16.8574,5.4449,21.8384,19.2225,9.8771,54.6065
2023-05-30,13.632,12.6979,19.632,7.2385,7.36,9.371,10.3402,23.3428,17.5922,16.5406,5.3256,21.6335,19.0065,9.8402,53.3207
2023-05-31,13.5661,12.6693,19.5968,8.0947,7.2302,9.2441,10.4694,23.1581,17.3775,16.6519,5.6579,21.3701,18.812,9.9325,52.9309
2023-06-01,13.4061,13.6014,19.6495,8.4333,7.2735,9.4784,10.5297,23.4993,17.2041,17.6023,5.6664,21.992,19.417,10.1171,54.0507
2023-06-02,13.6132,13.7156,19.9412,8.5527,7.3414,9.8103,11.0467,23.8425,17.5344,17.5252,5.7005,22.2554,19.5754,10.1725,56.3567
2023-06-05,13.5661,13.7536,20.066,8.6125,7.3414,9.6639,11.1501,23.8953,17.617,17.568,5.7857,22.3944,19.7843,10.2463,55.8922
2023-06-06,13.9521,13.7061,20.2978,8.6224,7.5268,10.7181,11.3828,24.0625,17.8152,18.0817,6.0328,22.848,20.202,10.3848,56.0747
2023-06-07,13.9803,14.02,20.2889,8.6722,7.5392,11.089,11.1243,24.1329,17.6831,18.5354,5.9647,23.5576,20.7926,10.874,56.9623
2023-06-09,14.2533,13.9819,21.2784,8.7917,7.7555,11.0109,11.2191,24.4674,17.5675,18.6895,6.084,24.6916,21.8081,10.9663,56.7051
2023-06-12,14.2722,14.1721,22.0495,8.8315,7.8976,11.3331,10.9175,24.2034,18.1456,19.5371,6.1862,25.0062,22.1898,10.8925,55.6765
2023-06-13,14.3757,13.8963,21.82,8.8017,7.7555,11.2159,10.8572,24.4762,18.3521,18.407,6.2629,25.0167,22.1465,10.791,56.2655
2023-06-14,14.4322,14.4765,21.9277,9.1004,7.8791,11.4404,11.2622,24.8106,18.6164,18.3985,6.297,26.0933,23.0981,11.0217,57.2526
2023-06-15,14.3004,13.9914,22.3765,9.2696,7.8852,11.3428,11.3914,25.1363,18.922,18.0389,6.4248,25.706,22.5532,10.9756,57.7005
2023-06-16,14.1874,13.9058,22.2104,9.1701,7.6689,10.6102,11.5638,25.2155,18.8972,17.4053,6.1607,25.8609,22.7451,10.911,57.7918
2023-06-19,14.2251,14.077,22.6233,9.2099,7.7431,10.8953,11.5638,25.5587,18.9633,17.7906,6.3737,26.5038,23.3436,10.9663,57.5678
2023-06-20,14.2533,14.0104,22.6188,9.6579,7.8729,10.9838,11.3052,25.3123,19.0706,18.4755,6.5952,26.5735,23.4587,11.0033,56.083
2023-06-21,14.3851,13.9248,23.3324,9.4688,7.9656,10.7478,11.2535,25.5587,18.6412,18.6296,6.51,27.6346,24.441,11.1694,55.5189
2023-06-22,14.6393,13.5063,22.8881,9.3194,7.7184,10.8363,11.0812,25.3123,18.4512,18.3214,6.4418,27.1776,24.134,11.3171,55.2203
2023-06-23,14.5828,13.7251,22.897,9.4588,7.9779,11.1215,11.0554,25.2331,18.7485,19.1005,6.3481,26.2559,23.1441,11.3633,54.6645
2023-06-26,14.4416,13.3637,22.9509,8.8714,7.9302,10.9248,11.1846,25.1979,18.476,18.5269,6.1692,26.7671,23.6659,11.2064,54.7807
2023-06-27,14.4793,13.3732,22.529,8.6324,7.9176,10.5708,11.2794,24.9163,18.2943,18.056,6.1266,26.5348,23.4818,11.0587,55.436
2023-06-28,14.3287,13.3783,22.2553,8.264,7.8549,10.7675,11.0123,24.7754,17.9309,18.0734,5.9306,26.7284,23.7043,10.9848,53.6857
2023-06-29,14.3287,14.04,22.4617,8.5926,7.9302,10.738,11.1415,25.0747,17.8152,18.4706,6.084,27.0227,23.8117,11.0771,54.341
2023-06-30,14.5075,14.0113,22.17,8.8714,8.0682,11.0133,10.4522,25.0131,17.9804,17.2704,6.1947,25.6363,22.6607,11.234,53.271
2023-07-03,14.5075,14.3181,22.6143,8.8714,8.0494,11.1608,10.6073,25.5042,18.1126,17.5208,6.1351,26.0778,23.0827,11.2156,54.9383
2023-07-04,14.2533,14.1359,22.4707,8.9112,7.9804,11.1608,10.6159,25.3457,18.2034,17.5121,6.0669,26.1398,23.1364,11.0587,54.6645
2023-07-05,14.3192,14.1263,22.3226,9.8272,7.9553,11.3575,10.6331,25.5658,18.1374,17.6589,6.3652,26.132,23.1057,11.0587,54.1834
2023-07-06,13.9615,13.5989,21.995,9.3592,7.8424,10.8068,10.478,25.1871,17.8565,17.0977,6.2118,25.799,22.7527,11.0587,53.7936
2023-07-07,13.9803,13.7715,22.4213,10.0363,7.9051,11.4362,10.9606,25.6627,18.063,17.633,6.3822,25.6596,22.6376,11.2525,54.2995
2023-07-10,14.131,13.503,22.0084,9.8371,7.8675,11.328,10.5987,25.4954,17.9143,16.4932,6.4078,25.6596,22.676,11.1694,53.47
2023-07-11,13.7732,13.3591,21.6943,9.6579,7.8424,11.2887,10.6762,25.0462,17.7739,16.2859,6.3055,25.4582,22.3691,11.1325,55.2286
2023-07-12,13.8297,13.666,21.3442,9.6181,7.8361,11.2788,10.8227,24.8965,17.5922,16.0355,6.4333,25.3807,22.3844,11.1233,55.6185
2023-07-13,13.8956,13.9633,21.5462,9.4986,7.9741,10.9248,11.176,25.1695,17.7987,15.9319,6.4163,25.7525,22.7374,11.5664,56.9125
2023-07-14,13.8768,13.8578,21.4026,8.8614,7.8925,10.6593,11.1071,24.9053,17.6666,15.3965,6.3055,25.2104,22.2923,11.031,56.9125
2023-07-17,13.9521,13.9921,21.5911,8.6224,7.8925,10.8363,11.0984,25.3897,17.6748,15.5088,6.2629,25.2181,22.2463,11.0587,56.2821
2023-07-18,13.8109,14.1072,21.6629,8.712,7.811,10.6888,11.0467,24.8965,17.6583,15.5865,6.1521,25.0012,22.1235,11.1048,55.9254
2023-07-19,13.7732,14.0017,21.2859,8.6822,7.7796,10.5217,10.9433,24.6323,17.3032,15.3533,6.1521,25.1406,22.3307,11.0033,55.7761
2023-07-20,14.0462,14.0113,21.5193,8.5428,7.7671,10.3545,10.9261,25.0903,17.3527,15.4397,6.084,25.3343,22.3537,11.1417,55.9005
2023-07-21,14.404,14.5483,21.7751,8.7419,7.8863,10.7478,10.9606,25.5394,17.3858,15.8024,6.1521,25.799,22.7758,11.2525,56.2406
2023-07-24,14.2345,14.4812,21.3487,8.5428,7.9553,10.9642,11.2449,25.1343,17.9226,16.2859,5.9135,26.3334,23.2515,11.1701,57.9411
2023-07-25,14.1498,14.3757,21.2365,8.3536,7.949,11.3083,11.9084,25.1871,18.0548,16.096,5.8198,26.8058,23.7887,11.1043,59.7328
2023-07-26,14.1027,14.3373,21.416,8.5328,8.0055,12.2228,12.0204,25.328,18.2778,16.4068,5.888,26.6897,23.7887,11.0291,59.5255
2023-07-27,13.8391,14.0017,20.9762,8.5428,7.8549,12.095,11.8567,24.7644,18.6164,16.0873,5.8028,25.1871,22.5532,10.9445,58.4139
2023-07-28,14.0839,14.1167,21.2186,9.1501,7.9051,12.4588,11.5982,25.1343,18.7568,16.096,6.0414,25.6131,22.8372,11.7061,56.0996
2023-07-31,13.9897,14.2894,21.627,9.7177,7.949,13.4913,11.9257,25.2224,18.9963,16.191,6.3226,26.9608,23.8731,11.6967,57.3687
2023-08-01,14.1027,14.1359,21.2545,9.7276,7.9239,13.4127,11.805,25.284,18.7898,16.1046,6.3481,26.3954,23.4818,11.5556,56.5724
2023-08-02,14.1686,14.1647,21.3487,9.7077,7.9239,13.098,11.4604,25.2047,18.7403,16.4068,6.4078,26.2095,23.428,12.054,55.6517
2023-08-03,13.7732,14.2606,21.3846,9.638,7.8235,12.6555,11.2966,25.011,19.178,16.0183,6.4759,26.5812,23.7273,11.7155,56.0
2023-08-04,13.8485,14.1072,21.2724,10.2255,7.6416,11.8,11.1329,24.553,19.4175,16.9422,6.8423,25.4659,23.0213,11.7155,56.0415
2023-08-07,13.8203,14.0304,21.2365,10.0363,7.5412,11.8983,11.0898,24.3593,19.4708,16.4068,6.8935,25.6363,23.1671,11.5462,56.3236
2023-08-08,13.6508,13.8962,21.0884,9.8073,7.5349,11.8492,10.9778,24.3065,19.1536,16.5364,6.7656,25.6208,23.1901,11.4052,55.9586
2023-08-09,13.5379,13.714,20.9718,9.6181,7.6165,11.5837,10.8486,24.2184,18.8198,15.8024,6.6463,25.9152,23.3743,11.3958,55.4526
2023-08-10,13.5284,13.6852,21.0795,9.7874,7.6416,11.7213,10.7796,24.2977,18.8114,16.1651,6.7145,25.9074,23.5048,11.2642,54.7973
2023-08-11,13.519,13.6181,21.3083,9.9068,7.7733,11.6033,10.7365,24.3417,18.9116,15.9837,6.7316,25.9229,23.4511,11.6403,54.341
2023-08-14,13.4908,13.5317,21.0974,9.8073,7.7545,11.0527,10.5901,23.9894,19.1035,15.172,6.5782,26.0468,23.5125,11.6873,52.8956
2023-08-15,13.3684,13.4454,20.9852,10.4843,7.5036,11.1313,10.5211,23.8573,18.8615,15.0598,6.5441,25.9926,23.6813,11.8471,52.3743
2023-08-16,13.3496,13.244,21.1647,10.2553,7.5098,11.0723,10.4694,23.8397,18.8615,15.1029,6.4844,26.7594,24.2031,11.9223,52.1692
2023-08-17,13.3872,12.8796,21.3622,10.0064,7.5349,11.0723,10.3746,23.5579,18.7864,14.7748,6.2544,26.558,24.1264,11.6403,52.9041
2023-08-18,13.519,13.1002,21.4475,10.1558,7.5349,11.6525,10.5297,23.7428,18.7614,14.9907,6.2986,26.7129,24.1877,11.5838,52.3145
2023-08-21,13.472,12.9276,21.3712,9.8869,7.6604,11.1707,10.478,23.646,18.6612,14.7748,6.0844,26.4496,24.0189,11.4146,52.3828
2023-08-22,13.5755,13.292,21.8349,9.9068,7.6855,11.0625,10.547,24.0158,18.7781,14.8352,5.973,26.8498,24.3848,11.8189,53.4767
2023-08-23,13.6038,13.6181,21.9305,9.6778,7.6667,10.856,10.5642,24.3153,18.7948,15.0338,5.8787,28.3806,25.6833,12.054,53.8697
2023-08-24,13.359,13.129,21.6438,9.6878,7.7043,10.62,10.3229,24.0335,18.7363,14.5848,5.8187,28.3085,25.6435,11.9788,53.1519
2023-08-25,13.1707,12.9372,21.3616,9.3692,7.6792,10.3643,10.254,23.6548,18.9199,14.343,5.5702,28.084,25.4682,11.7625,53.0408
2023-08-28,13.3778,12.9755,21.976,9.6181,7.7357,10.4135,10.2971,24.4562,19.0869,14.4207,5.7673,28.3726,25.755,11.5744,53.8014
2023-08-29,13.4249,13.0139,22.099,9.5783,7.7922,10.6692,10.4867,24.8437,19.2872,14.4207,6.3843,28.4768,25.8108,11.6027,55.519
2023-08-30,13.3496,12.6782,21.7803,9.3791,7.9114,10.4725,10.547,24.3681,19.1703,14.1962,6.3158,28.4527,25.986,11.5086,55.5275
2023-08-31,13.0295,12.4001,21.4389,9.0008,7.7357,10.089,10.435,24.1567,18.9951,13.8422,6.35,27.6833,25.4443,11.2548,55.613
2023-09-01,13.0577,12.4481,21.5846,9.0307,7.8173,10.3742,10.6073,24.3662,19.2621,14.4812,6.3072,28.605,25.994,11.9223,58.8687
2023-09-04,13.0483,12.5248,21.5163,9.3294,7.7922,10.4627,10.8572,24.1459,19.3372,14.1962,6.29,28.2123,25.7232,11.8659,59.3046
2023-09-05,13.1895,12.2467,21.4389,9.3393,7.6981,10.443,10.6762,23.7846,19.1286,13.8767,6.2815,29.5107,26.5835,11.8847,59.0482
2023-09-06,13.1613,12.0261,21.2933,9.0008,7.5977,10.0103,10.4867,23.5554,18.7196,13.445,6.2558,29.655,26.703,11.8095,58.0997
2023-09-08,12.8977,12.0261,21.2296,8.8216,7.629,10.0005,10.2798,23.5907,18.4526,13.4018,6.5129,29.4225,26.6074,11.565,57.0059
2023-09-11,13.0577,12.3809,21.5664,8.7021,7.7733,10.0792,10.4522,24.1899,18.7196,13.6004,6.3929,29.2222,26.5835,11.5556,57.8262
2023-09-12,12.9071,12.6207,21.6829,8.8913,7.8486,10.1677,10.4694,24.3309,18.9784,13.8249,6.5214,29.5427,26.711,11.6121,57.7835
2023-09-13,12.8412,12.6686,21.6646,9.2099,7.8863,10.5708,10.3833,24.4543,18.9617,14.0322,6.41,29.158,26.3127,11.4428,57.5613
2023-09-14,12.7376,12.7549,21.7242,9.2099,7.9678,10.4823,10.7624,24.3574,19.0368,13.8681,6.3243,30.0156,26.9818,11.4146,59.9198
2023-09-15,12.6341,12.659,21.7975,8.9211,8.0306,9.7448,10.7021,24.3045,19.2872,13.4536,6.2129,29.5748,26.9978,11.1983,59.4242
2023-09-18,12.6058,12.544,21.7058,9.3094,8.0243,9.4105,10.6676,24.2428,19.2538,13.3241,6.1101,29.9435,27.1889,11.1607,58.7235
2023-09-19,12.6435,12.3905,21.6737,9.4289,8.0996,9.2237,10.6935,24.171,19.404,12.6074,6.3586,29.9435,27.2527,11.0949,58.8346
2023-09-20,12.6811,12.5919,21.8663,9.419,8.2502,9.0663,10.6935,24.5804,20.08,12.6592,6.2472,29.9836,27.3164,10.9257,59.2276
2023-09-21,12.4646,12.074,21.3666,9.3194,8.1247,8.7517,10.5384,24.0197,20.1802,12.0461,6.1187,29.5508,26.8942,10.6718,57.6809
2023-09-22,12.3516,11.9248,21.4033,9.6181,8.087,8.9975,10.4263,23.9574,20.055,11.9943,6.033,29.7672,27.1093,10.7282,58.1082
2023-09-25,12.4458,11.9345,21.2795,9.648,8.1184,8.7713,10.3833,24.0286,19.9882,11.9165,5.9815,29.9595,27.2845,10.5778,56.9119
2023-09-26,12.2763,11.6734,20.977,9.9168,7.9465,8.5648,10.3402,23.6726,19.7462,11.3639,5.9987,29.134,26.6552,10.6248,56.0232
2023-09-27,12.2104,11.6347,21.1603,10.0164,7.8764,8.7025,10.2798,23.6281,19.863,11.2936,6.0501,30.216,27.4996,10.7752,56.1428
2023-09-28,12.2198,11.8088,21.8388,10.1159,7.8955,8.7418,10.366,24.2511,19.7044,11.7488,6.0672,30.0637,27.4439,10.9069,56.9973
2023-09-29,12.3422,11.9895,21.6279,10.1458,7.9019,8.7517,10.4608,24.2155,19.8714,11.7313,6.1101,30.3683,27.5952,10.9633,57.7493
2023-10-02,12.3234,11.7066,21.5683,10.3549,7.8764,8.614,10.3574,23.9752,19.9131,11.2498,6.1529,29.7912,27.181,10.6718,57.2451
2023-10-03,12.2857,11.209,21.2933,10.3947,7.6981,8.3583,10.1678,23.6726,20.0299,10.9697,6.0758,29.4386,27.0615,10.3239,56.8948
2023-10-04,12.4364,11.57,21.4537,10.4047,7.7745,8.6828,9.961,24.2155,19.9298,11.3198,5.913,28.5489,25.986,10.6248,56.2881
2023-10-05,12.1351,11.4432,21.5179,10.4445,7.7682,8.555,9.8749,24.5982,19.6377,11.1448,5.8787,28.4367,26.0737,10.3709,56.3137
2023-10-06,12.4175,11.5505,22.3935,10.6337,7.7172,8.8303,9.9179,24.8295,19.6126,11.0222,5.8787,29.15,26.695,10.3709,57.134
2023-10-09,12.3987,11.4919,22.2743,10.793,7.8764,9.0663,9.8232,24.616,19.6293,11.101,5.8873,30.3442,27.8422,10.1735,56.7239
2023-10-10,12.474,11.7553,22.2376,11.2012,7.9528,9.322,10.0127,24.5893,19.4708,11.3811,6.0415,30.6568,28.0493,10.4838,57.0657
2023-10-11,12.5117,11.7358,22.4485,10.9523,7.9719,9.6268,10.142,24.9007,19.3956,11.4687,6.0073,30.5526,27.9776,10.2769,57.5613
2023-10-13,12.2198,11.3163,22.3797,10.8029,7.7363,9.7055,10.03,24.6427,19.6794,11.1097,5.8701,31.5144,28.9017,10.1735,56.9033
2023-10-16,12.2481,11.4529,22.8335,10.7532,7.7873,9.8137,10.0472,24.6782,19.6711,11.3461,5.9301,31.827,29.2204,10.3427,57.51
2023-10-17,12.0504,10.9944,22.6272,10.564,7.6472,9.4007,10.0386,24.3134,19.7378,11.2148,5.6987,32.5483,30.009,10.3051,57.98
2023-10-18,11.7962,10.8578,22.5172,10.3449,7.4371,8.8795,9.737,23.8061,19.3539,10.7158,5.6131,33.3097,30.6861,10.0136,55.8522
2023-10-19,11.7868,10.731,22.6914,10.3449,7.5007,8.7025,9.6939,24.082,19.3372,10.8033,5.4331,33.0693,30.5428,10.5872,55.049
2023-10-20,11.7585,10.8773,22.6181,10.7432,7.5198,8.8008,9.3751,23.993,18.8448,10.6983,5.416,32.7086,30.1524,10.3991,53.5621
2023-10-23,11.7491,11.0334,22.586,10.9423,7.5835,8.968,9.4354,24.0197,18.7196,10.8559,5.4502,30.737,28.1608,10.6342,53.4596
2023-10-24,11.7868,11.3163,22.4806,11.0519,7.5962,8.6632,9.5905,24.0197,18.4693,10.8383,5.5102,31.2098,28.583,10.653,54.6815
2023-10-25,11.7115,11.2578,22.4851,11.0817,7.5453,8.4763,9.513,24.0642,18.486,10.8121,5.4417,31.298,28.7344,10.4367,54.6303
2023-10-26,11.8903,11.4432,22.9527,10.8328,7.7427,9.0663,9.7284,24.6605,18.5277,11.101,5.5788,31.0656,28.4397,10.8787,55.801
2023-10-27,11.5703,10.9261,22.3705,10.4744,7.5962,8.7123,9.7973,24.2956,18.3608,10.6895,5.4674,30.8412,28.2325,10.4367,57.7408
2023-10-30,11.6362,10.8091,22.2147,10.0064,7.4944,8.555,9.9093,24.0998,18.1824,10.4531,5.3817,30.5927,27.9457,10.4179,58.262
2023-10-31,12.1069,10.8286,22.1642,10.6237,7.4753,8.8205,10.1334,23.8684,18.0979,10.7333,5.5359,30.3282,27.6749,10.2581,58.9627
2023-11-01,12.2293,11.2676,22.1872,11.0917,7.7936,9.5088,10.3143,24.2047,18.3093,10.742,5.5702,30.6809,27.9776,10.4085,60.0907
2023-11-03,12.5117,11.9114,22.9665,11.2908,7.991,9.9808,10.9175,24.8726,18.47,11.5912,5.7759,30.9373,28.3122,10.9257,60.8427
2023-11-06,12.7188,11.9407,23.1269,12.7445,8.0738,10.1578,10.9261,25.1041,18.8844,11.0397,6.2729,30.8572,28.2883,10.7094,61.0991
2023-11-07,12.7753,12.1553,23.3882,12.5453,8.1311,10.5708,10.9433,25.8077,18.9436,11.5387,6.5643,30.1759,27.8183,10.8599,59.8856
2023-11-08,12.747,12.1651,23.6862,11.4103,8.0674,10.7577,10.9433,25.9234,19.3749,11.7751,6.4357,29.4626,27.2208,10.9069,59.9284
2023-11-09,12.6247,12.0577,22.696,11.5298,8.1502,10.2758,10.7882,26.0392,19.1127,11.8626,6.4272,30.0878,27.7864,11.0949,60.2189
2023-11-10,12.5682,12.6431,23.0306,12.0973,8.1884,10.3643,10.9175,26.3509,19.1465,11.3461,6.5129,29.9916,27.659,10.5966,61.1418
2023-11-13,12.6435,12.126,22.9436,12.2566,8.0993,10.443,10.8916,26.1728,18.9943,11.6875,6.4786,30.6648,28.4317,10.1077,61.0136
2023-11-14,12.8977,12.3504,23.0536,12.7743,8.3412,10.8462,11.8395,26.5646,19.1888,12.2829,6.7699,31.0175,28.822,10.606,62.9021
2023-11-16,12.8694,12.6041,23.049,13.7999,8.545,10.915,12.6581,26.9921,19.4763,12.6068,7.1898,30.3923,28.3202,10.7282,63.3209
2023-11-17,12.8035,12.4187,23.2232,14.1484,8.5131,10.4922,12.8046,27.1168,19.5694,12.563,7.0442,31.6747,29.2443,10.5214,63.4405
2023-11-20,12.8035,12.7894,23.347,14.2479,8.2712,10.4823,14.0195,27.3839,19.3495,12.8257,7.087,31.5705,29.2681,10.7188,64.9957
2023-11-21,12.6529,12.526,23.512,14.0986,8.0038,10.6397,14.1394,27.3394,19.4933,12.6068,7.2241,31.2579,28.9654,10.6248,66.5681
2023-11-22,12.7753,12.7016,23.3103,14.1484,7.2269,10.915,14.4645,27.5086,19.7977,13.1146,7.6269,31.3088,29.1072,10.5402,65.9353
2023-11-23,12.7565,12.8479,23.3882,14.0388,6.9977,11.2592,14.2478,27.473,19.7385,13.1583,7.7212,31.45,29.1155,10.8411,65.5213
2023-11-24,12.6058,12.6041,23.3607,13.9791,6.7239,11.033,14.1033,27.3216,19.4087,12.7469,7.8154,31.3586,29.1983,10.7564,64.9663
2023-11-27,12.7847,12.6041,23.7916,14.4371,6.7621,11.21,14.4464,27.2503,19.451,13.0183,7.9697,31.151,29.0327,10.747,64.5787
2023-11-28,12.8506,12.8967,24.1354,14.7856,6.8194,11.3968,14.5999,27.5175,19.6539,13.526,8.5096,31.4417,29.4715,10.794,64.7197
2023-11-29,12.5211,12.926,24.1721,15.0245,6.8895,11.1215,14.7083,27.7045,19.8146,14.0863,8.9123,31.0264,29.1651,10.7564,64.702
2023-11-30,12.8883,12.9748,24.8781,14.5964,7.0487,11.151,14.8256,28.132,19.0873,14.3315,8.3296,31.3171,29.7281,10.5308,65.0544
2023-12-01,13.2554,13.1991,24.9285,15.1142,7.0041,11.2788,15.4938,28.0675,17.8949,14.3402,8.6038,30.9018,29.5294,10.9445,66.2612
2023-12-04,13.2366,13.2089,24.8322,15.0644,7.0232,10.8855,15.3583,28.1031,17.675,14.0513,8.5096,30.2954,28.9002,10.8505,64.7725
2023-12-05,13.4061,13.1211,24.8322,14.4471,7.0805,10.9543,15.5118,28.3348,17.8695,14.2264,8.1668,30.0711,28.7678,11.0573,64.1735
2023-12-06,13.1707,12.9065,24.3005,13.8198,7.0869,11.21,15.4667,28.0853,17.8019,14.3402,8.0811,29.3567,27.733,11.1701,63.7507
2023-12-07,13.2554,12.965,24.6947,13.6406,7.0487,11.1313,15.3222,28.3972,17.4551,14.5503,7.9611,29.4481,27.6667,11.7625,63.9533
2023-12-08,13.472,13.2089,24.9606,13.78,6.9531,10.8757,15.5299,28.7564,17.5397,14.4015,8.1668,30.4532,28.5525,11.6309,64.1295
2023-12-11,13.4814,13.5894,24.956,13.7601,6.9022,10.9052,15.4757,28.5588,17.7088,14.2439,8.1839,30.3618,28.4449,11.7155,64.1823
2023-12-12,13.3966,13.5113,24.2189,13.7003,6.9914,11.1412,15.4848,28.4151,17.6327,14.1739,8.1925,29.8966,28.2131,11.7437,64.2968
2023-12-13,13.8391,14.0771,24.4404,14.009,7.2078,11.4952,15.8188,29.2773,18.1993,14.6466,8.4067,30.2954,28.6188,12.0916,64.3056
2023-12-14,13.6508,14.4673,24.6018,13.7501,7.2715,11.741,15.9001,29.5198,18.4784,15.277,8.261,31.0014,29.2397,12.2608,64.658
2023-12-15,13.6226,14.3113,25.1923,13.5311,7.2269,11.4263,16.2793,29.394,18.2332,15.1457,7.8497,30.7605,29.3059,12.3454,65.0632
2023-12-18,13.6979,14.3795,25.2108,13.8298,7.3352,11.4853,16.7308,29.5377,17.8103,15.1457,7.9011,31.3919,29.6701,12.4207,65.3715
2023-12-19,13.8391,14.1942,25.303,14.1782,7.4434,11.8,16.8843,29.5557,17.9964,15.1807,7.8926,31.5995,30.0096,12.6463,65.8296
2023-12-20,13.6115,13.8235,25.0078,14.0687,7.3607,12.2917,16.5953,29.2503,17.9879,14.9793,8.2182,31.6577,30.1172,12.4771,65.6182
2023-12-21,13.5718,14.1357,25.0447,13.9194,7.3161,12.2818,17.2003,29.4479,18.3939,15.0056,8.3896,31.6577,30.1255,12.4571,67.8028
2023-12-22,13.5817,14.1552,25.1139,13.7401,7.3974,12.1048,17.2544,29.9149,18.6536,15.5046,8.4067,32.0814,30.4152,12.7954,67.2919
2023-12-26,13.6412,14.3015,25.3446,13.6704,7.5385,12.0655,17.4802,30.2203,18.6281,15.3908,8.381,32.5631,30.9036,12.5151,67.5297
2023-12-27,13.7105,14.2235,25.3076,13.7501,7.5654,12.1835,17.6156,30.4268,18.7047,15.3645,8.3724,32.5133,30.9285,12.3895,68.1816
2023-12-28,13.6016,14.1942,25.5521,13.7501,7.7132,12.2425,17.751,30.5076,18.9262,15.2507,8.3125,32.3804,30.8291,12.3702,68.0054
