Date,ABX.TO,BMO.TO,BNS.TO,CM.TO,CNR.TO,CP.TO,ENB.TO,GIL.TO,KXS.TO,MFC.TO,RY.TO,SHOP.TO,SU.TO,T.TO,TD.TO,TRP.TO
2023-01-03,23.39278793334961,111.72042083740234,52.86915969848633,49.07520294189453,155.40000915527344,100.73180389404297,45.65807342529297,35.832881927490234,154.66000366210938,21.795869827270508,117.15226745605469,48.790000915527344,37.28171157836914,22.80317497253418,77.51403045654297,44.105308532714844
2023-01-04,24.429481506347656,113.30028533935547,53.858585357666016,49.588985443115234,155.56219482421875,101.71589660644531,45.90634536743164,36.042259216308594,153.89999389648438,22.04649543762207,118.1954116821289,50.61000061035156,36.28825378417969,23.080415725708008,78.52197265625,43.914981842041016
2023-01-05,24.477476119995117,113.09381866455078,53.94779586791992,49.47383117675781,153.1483917236328,99.60009765625,46.0518913269043,36.67040252685547,148.25,21.876426696777344,117.84770202636719,48.83000183105469,37.146244049072266,23.054426193237305,77.23487854003906,43.302642822265625
2023-01-06,24.59266471862793,114.7813720703125,54.49115753173828,50.1027717590332,156.8883819580078,102.56221008300781,46.62550735473633,37.136756896972656,145.9199981689453,22.09125518798828,119.34835052490234,49.560001373291016,38.07647705078125,23.409639358520508,77.19913482666016,44.88315200805664
2023-01-09,24.391084671020508,114.64673614501953,54.572261810302734,50.33308792114258,157.24139404296875,102.3752212524414,46.9850959777832,37.422279357910156,149.2100067138672,22.06439781188965,120.23594665527344,49.810001373291016,38.10356903076172,23.357654571533203,76.95777893066406,45.3382682800293
2023-01-10,25.0150203704834,114.58390808105469,54.831783294677734,50.4305305480957,155.6480712890625,101.00733947753906,47.1220703125,37.2509651184082,152.0,22.171812057495117,121.60848236083984,49.0099983215332,37.62490463256836,23.383651733398438,76.868408203125,45.321720123291016
2023-01-11,24.765445709228516,115.81368255615234,54.937217712402344,50.731712341308594,156.78343200683594,102.1489028930664,47.49877166748047,38.83084487915039,150.0,22.54775619506836,121.48954010009766,48.91999816894531,38.049381256103516,23.574249267578125,77.2795639038086,46.18231201171875
2023-01-12,24.947826385498047,116.693359375,55.602237701416016,51.24549865722656,156.99331665039062,102.5228500366211,47.98677444458008,39.52561569213867,140.5,22.673070907592773,122.11178588867188,49.11000061035156,38.979610443115234,24.111412048339844,78.8348159790039,46.72845458984375
2023-01-13,25.245399475097656,117.75257110595703,56.11316680908203,51.821292877197266,158.0332489013672,104.2745361328125,47.8754768371582,39.582725524902344,141.6999969482422,22.726776123046875,122.87126159667969,52.09000015258789,39.214439392089844,24.388652801513672,79.40685272216797,47.42354965209961
2023-01-16,25.053417205810547,118.26422882080078,56.42945861816406,51.892154693603516,158.36720275878906,103.85137939453125,47.73849105834961,39.7635498046875,142.0,22.726776123046875,123.24642181396484,52.15999984741211,39.33184051513672,24.509946823120117,79.63924407958984,47.50629425048828
2023-01-17,24.112716674804688,118.49761962890625,56.486228942871094,52.16676712036133,158.9968719482422,105.68180084228516,47.798423767089844,39.65885925292969,140.24000549316406,22.78943634033203,123.80460357666016,53.529998779296875,39.77438735961914,24.735204696655273,80.39899444580078,47.72971725463867
2023-01-18,23.853540420532227,117.88722229003906,56.13749694824219,51.72385025024414,158.23362731933594,104.0481948852539,47.61863708496094,39.56368637084961,146.5399932861328,22.592512130737305,123.1366195678711,52.88999938964844,39.467315673828125,24.587919235229492,79.57666778564453,47.77109146118164
2023-01-19,24.208703994750977,117.9141616821289,55.92662811279297,51.36065673828125,156.27774047851562,103.14282989501953,47.721370697021484,39.430442810058594,147.3000030517578,22.494049072265625,123.04509735107422,51.290000915527344,40.271114349365234,24.457965850830078,79.16552734375,47.9200439453125
2023-01-20,24.3334903717041,118.74894714355469,56.11316680908203,51.590980529785156,157.4417266845703,104.35326385498047,47.96109390258789,39.430442810058594,150.13999938964844,22.825241088867188,123.26473236083984,54.15999984741211,39.909854888916016,24.665895462036133,79.71075439453125,48.01106262207031
2023-01-23,24.659860610961914,119.59274291992188,56.45378875732422,51.98959732055664,157.72796630859375,104.94371032714844,47.95253372192383,38.74518585205078,147.16000366210938,22.887897491455078,123.28302001953125,58.90999984741211,40.686561584472656,24.674560546875,80.13085174560547,48.143470764160156
2023-01-24,24.909435272216797,119.61966705322266,56.29969787597656,51.70613098144531,158.29083251953125,105.23893737792969,47.5587043762207,38.74518585205078,146.0,23.040067672729492,123.6398696899414,57.09000015258789,40.442710876464844,24.70921516418457,80.32748413085938,47.52284622192383
2023-01-25,25.41817855834961,119.81714630126953,56.85928726196289,51.72385025024414,150.9063262939453,101.32225036621094,46.38579177856445,38.73567199707031,143.3300018310547,23.29964828491211,123.35343933105469,63.34000015258789,40.05435562133789,24.674560546875,80.54199981689453,47.431819915771484
2023-01-26,25.159006118774414,121.39700317382812,57.7432746887207,52.0693244934082,150.6582489013672,100.8302001953125,46.40291213989258,38.65953826904297,148.66000366210938,23.756153106689453,125.31244659423828,64.41999816894531,41.625823974609375,24.735204696655273,81.13191223144531,47.62215042114258
2023-01-27,25.139808654785156,121.17021179199219,57.556739807128906,52.6805534362793,150.27659606933594,101.4797134399414,46.57414627075195,38.45966720581055,149.1999969482422,23.407058715820312,124.42535400390625,66.66000366210938,41.625823974609375,24.605247497558594,81.71289825439453,47.74626922607422
2023-01-30,25.0150203704834,120.27203369140625,57.62163543701172,52.89314651489258,150.028564453125,101.91270446777344,46.46284484863281,39.08781814575195,148.0,23.371257781982422,124.81346893310547,63.209999084472656,41.12909698486328,24.752532958984375,81.02466583251953,46.99325180053711
2023-01-31,24.976627349853516,121.47865295410156,58.416412353515625,53.80555725097656,151.10665893554688,103.3494873046875,46.64263153076172,39.706443786621094,154.64999389648438,23.568180084228516,125.82066345214844,65.56999969482422,41.707115173339844,24.839170455932617,82.28495788574219,47.44009780883789
2023-02-01,25.456575393676758,121.3697738647461,58.675933837890625,54.106746673583984,151.32611083984375,101.97175598144531,46.33442687988281,39.963417053222656,156.14999389648438,23.818809509277344,126.12564086914062,66.79000091552734,41.20134735107422,25.07309341430664,81.77547454833984,44.77557373046875
2023-02-02,24.746248245239258,121.20649719238281,59.51936721801758,54.443359375,151.88897705078125,103.90058135986328,46.21456527709961,38.707115173339844,159.0,23.460763931274414,126.033203125,71.38999938964844,39.6569709777832,24.882488250732422,82.1866226196289,46.01681137084961
2023-02-03,23.575170516967773,122.36773681640625,59.49504089355469,54.709110260009766,153.28195190429688,104.35326385498047,46.55702209472656,39.7825813293457,162.05999755859375,23.478670120239258,127.65958404541016,70.93000030517578,39.855674743652344,24.795852661132812,82.60671997070312,46.38090896606445
2023-02-06,23.661558151245117,122.89395141601562,59.057098388671875,54.39020538330078,151.8126983642578,103.20187377929688,46.62550735473633,37.94573211669922,162.44000244140625,23.111671447753906,127.63186645507812,69.33999633789062,39.629886627197266,24.665895462036133,81.96316528320312,46.5877799987793
2023-02-07,23.815141677856445,124.00074768066406,59.811336517333984,55.06344223022461,150.92539978027344,102.46380615234375,46.771053314208984,38.01235580444336,164.27000427246094,23.24593734741211,128.0938720703125,68.81999969482422,40.560123443603516,24.31934356689453,82.9642562866211,46.339534759521484
2023-02-08,23.68075942993164,123.9735336303711,59.38149642944336,54.85969924926758,150.6009979248047,102.7885513305664,45.51252365112305,37.81249237060547,164.24000549316406,23.353351593017578,128.95327758789062,66.9800033569336,40.352394104003906,24.336669921875,83.01787567138672,45.94233703613281
2023-02-09,23.0184268951416,123.26591491699219,59.30039596557617,54.52309036254883,149.89498901367188,102.87712860107422,45.28992462158203,36.99399948120117,164.3699951171875,23.389156341552734,128.67605590820312,66.86000061035156,40.15370559692383,23.418302536010742,82.8301773071289,45.586509704589844
2023-02-10,22.980031967163086,122.84857940673828,59.66535949707031,54.620521545410156,152.55685424804688,104.61896514892578,46.360111236572266,36.75606155395508,161.22999572753906,23.353351593017578,128.22323608398438,64.44000244140625,41.28262710571289,23.60890769958496,83.13407135009766,45.90096664428711
2023-02-13,22.941635131835938,122.90302276611328,60.14383316040039,55.09001541137695,153.5013885498047,104.77642822265625,46.694007873535156,37.29854965209961,162.44000244140625,23.45181655883789,128.43580627441406,65.02999877929688,41.28262710571289,23.62623405456543,83.62567901611328,46.0416374206543
2023-02-14,22.826446533203125,122.6671371459961,59.97352981567383,55.32919692993164,152.19432067871094,104.65833282470703,46.17877960205078,37.555519104003906,165.0399932861328,23.371257781982422,128.3064422607422,66.81999969482422,41.88773727416992,23.721538543701172,83.25922393798828,46.68708419799805
2023-02-15,22.07772445678711,122.49476623535156,59.722129821777344,55.32919692993164,151.31655883789062,104.49103546142578,46.030818939208984,37.94573211669922,165.9499969482422,23.389156341552734,128.14007568359375,71.44000244140625,42.0412712097168,23.686885833740234,83.14302062988281,46.88568115234375
2023-02-16,21.885746002197266,122.57640838623047,59.58424758911133,55.12544631958008,150.7727508544922,103.80217742919922,45.87416076660156,38.16463088989258,162.33999633789062,24.275314331054688,128.0199432373047,60.38999938964844,41.24650192260742,23.643566131591797,82.81230163574219,47.20840072631836
2023-02-17,21.664966583251953,122.63990783691406,59.16252136230469,55.38233947753906,149.9999542236328,102.9164810180664,45.58696365356445,38.24077606201172,159.02000427246094,24.230560302734375,128.25096130371094,58.70000076293945,40.271114349365234,24.076757431030273,83.00894165039062,47.03462219238281
2023-02-21,21.56897735595703,120.0633544921875,58.24610137939453,54.40792465209961,150.14305114746094,102.25714874267578,44.86460494995117,36.88930130004883,158.69000244140625,23.91727066040039,127.73348236083984,56.060001373291016,41.038780212402344,23.730199813842773,82.22238159179688,45.114845275878906
2023-02-22,21.079423904418945,119.11075592041016,58.04335021972656,54.29277038574219,148.99815368652344,101.71589660644531,44.60350799560547,39.02119445800781,156.72000122070312,24.11419677734375,126.18106842041016,57.0099983215332,40.05435562133789,23.764856338500977,81.63245391845703,45.421016693115234
2023-02-23,20.89704704284668,118.29426574707031,57.83249282836914,54.2396125793457,149.88546752929688,102.45396423339844,44.61220932006836,41.381500244140625,156.25999450683594,23.91727066040039,125.5527114868164,57.380001068115234,40.858158111572266,23.574249267578125,80.81015014648438,45.9257926940918
2023-02-24,20.89704704284668,118.73880767822266,57.856815338134766,55.71009826660156,149.56103515625,101.95207214355469,44.78627395629883,40.54397201538086,156.0399932861328,23.93517303466797,126.80018615722656,55.43000030517578,41.74323654174805,23.539600372314453,81.43582153320312,46.52157974243164
2023-02-27,20.83945083618164,118.68437194824219,58.01090621948242,55.57722854614258,150.17166137695312,103.24124145507812,44.934226989746094,40.458316802978516,155.58999633789062,24.112133026123047,127.55792236328125,54.939998626708984,41.83354949951172,23.539600372314453,80.9352798461914,45.65271759033203
2023-02-28,21.165817260742188,117.32353210449219,54.693912506103516,55.27604293823242,148.2730712890625,101.9815902709961,44.551292419433594,41.267295837402344,158.57000732421875,24.484203338623047,128.0199432373047,56.18000030517578,41.41810607910156,23.504941940307617,81.20342254638672,44.941070556640625
2023-03-01,21.32900047302246,118.36685180664062,55.504913330078125,55.31147384643555,149.9904022216797,103.014892578125,44.995147705078125,41.476680755615234,159.02000427246094,24.674779891967773,123.47354888916016,54.540000915527344,42.212867736816406,23.409639358520508,81.03360748291016,45.43756866455078
2023-03-02,21.36739730834961,116.74288177490234,55.77254104614258,54.94828796386719,152.8621826171875,104.65833282470703,45.74361801147461,42.447444915771484,167.39999389648438,24.638479232788086,125.86688995361328,55.970001220703125,43.19010543823242,23.426971435546875,79.06720733642578,45.90924072265625
2023-03-03,21.56897735595703,118.58458709716797,56.73762893676758,55.878414154052734,154.7226104736328,105.15037536621094,45.97860336303711,43.503875732421875,169.35000610351562,24.84720230102539,126.36588287353516,58.9900016784668,43.81114959716797,23.660892486572266,79.59455871582031,46.48848342895508
2023-03-06,21.31940460205078,118.50291442871094,57.00526428222656,55.85183334350586,153.2533416748047,104.01866149902344,45.99600601196289,42.62827682495117,171.10000610351562,24.765533447265625,126.79095458984375,59.20000076293945,43.683284759521484,23.790849685668945,79.34428405761719,46.447113037109375
2023-03-07,20.81065559387207,116.05339813232422,55.99151611328125,54.68253707885742,152.53778076171875,102.08984375,45.86545944213867,42.523582458496094,170.52999877929688,24.602182388305664,126.17180633544922,58.400001525878906,42.98004150390625,23.652225494384766,78.00355529785156,46.25678634643555
2023-03-08,20.676271438598633,115.56348419189453,55.72388458251953,54.36362838745117,154.7226104736328,102.3752212524414,46.1004524230957,42.361785888671875,172.8800048828125,24.556804656982422,126.65233612060547,60.25,42.98004150390625,23.669551849365234,77.93205261230469,46.240234375
2023-03-09,20.657072067260742,113.7853012084961,54.58037567138672,52.10475158691406,154.0131378173828,100.7022705078125,45.76102828979492,41.62895202636719,168.1999969482422,23.99416160583496,125.10916137695312,59.470001220703125,42.59645462036133,23.407135009765625,76.52877044677734,45.28861999511719
2023-03-10,21.12742042541504,110.7732925415039,53.30710220336914,51.12147903442383,153.12152099609375,99.5705795288086,45.569557189941406,40.95322036743164,167.67999267578125,23.549488067626953,123.00228118896484,57.33000183105469,42.2585334777832,23.20527458190918,74.87519836425781,44.49422836303711
2023-03-13,22.442485809326172,108.53242492675781,53.33143615722656,50.33308792114258,152.96810913085938,99.1178970336914,45.67399215698242,39.79182434082031,167.4600067138672,22.995914459228516,121.30200958251953,57.380001068115234,40.03007888793945,23.31937026977539,72.3099365234375,44.502506256103516
2023-03-14,22.394493103027344,109.28543853759766,53.52606964111328,50.85572814941406,152.21067810058594,98.2125244140625,45.517337799072266,40.615234375,171.44000244140625,23.340761184692383,122.67884826660156,59.880001068115234,39.33596420288086,23.47734832763672,72.3993148803711,44.833499908447266
2023-03-15,23.085617065429688,107.28950500488281,52.893497467041016,50.11163330078125,151.97100830078125,104.41230010986328,43.846343994140625,40.653533935546875,169.1699981689453,22.578468322753906,120.62741088867188,59.91999816894531,36.77872085571289,23.503677368164062,70.96920013427734,42.574440002441406
2023-03-16,22.903240203857422,108.3781967163086,53.29899597167969,50.72285461425781,155.88272094726562,107.56140899658203,44.19446563720703,41.69716262817383,171.6199951171875,22.424192428588867,120.59046936035156,61.31999969482422,36.57778549194336,23.617773056030273,70.9066390991211,42.574440002441406
2023-03-17,23.891939163208008,106.20989227294922,53.37198257446289,50.51025390625,151.7696990966797,104.45167541503906,43.68098068237305,41.275882720947266,175.08999633789062,21.834321975708008,117.59650421142578,61.36000061035156,36.11200714111328,23.582670211791992,69.62847900390625,42.22690200805664
2023-03-20,23.891939163208008,106.29156494140625,53.33143615722656,50.29765319824219,151.11773681640625,104.11708068847656,44.15966033935547,41.12268829345703,178.75999450683594,22.16101837158203,118.78855895996094,59.93000030517578,37.08924102783203,24.030269622802734,69.49440002441406,42.756492614746094
2023-03-21,23.27760124206543,107.80662536621094,54.01266860961914,51.0860481262207,150.96432495117188,104.28437042236328,44.246681213378906,42.31951141357422,183.08999633789062,22.387893676757812,119.92514038085938,62.72999954223633,38.11213684082031,23.82840919494629,70.15583801269531,43.26953887939453
2023-03-22,23.71915626525879,106.65444946289062,53.91535568237305,50.82915496826172,149.85220336914062,102.56221008300781,43.74189758300781,41.77376174926758,181.8300018310547,22.19731903076172,118.27107238769531,61.689998626708984,37.60982131958008,23.71431541442871,69.79828643798828,43.01301574707031
2023-03-23,24.083919525146484,105.04864501953125,53.663944244384766,50.244510650634766,148.23187255859375,100.95813751220703,43.506919860839844,41.81205368041992,185.22999572753906,22.115646362304688,117.42092895507812,62.790000915527344,37.01616668701172,23.82840919494629,69.1189956665039,42.450321197509766
2023-03-24,24.41988182067871,105.24824523925781,53.40442657470703,50.19135284423828,149.67001342773438,101.54859924316406,43.889854431152344,41.792903900146484,182.8000030517578,22.088420867919922,117.18067932128906,61.72999954223633,36.340335845947266,23.96005630493164,69.37820434570312,43.029563903808594
2023-03-27,24.247100830078125,106.28247833251953,53.931575775146484,50.62303161621094,150.06309509277344,101.86351013183594,43.75930404663086,41.783329010009766,183.17999267578125,22.070270538330078,118.06777954101562,61.58000183105469,37.09837341308594,23.87229347229004,70.73681640625,43.39366912841797
2023-03-28,24.400684356689453,106.32784271240234,54.061336517333984,50.353240966796875,149.8330078125,101.70604705810547,43.480812072753906,41.82162857055664,179.67999267578125,21.970447540283203,117.48561096191406,60.25,37.5458869934082,23.740646362304688,71.38035583496094,43.54261016845703
2023-03-29,24.131912231445312,108.01530456542969,55.01020431518555,50.9737663269043,149.99600219726562,101.31240844726562,44.655731201171875,41.87907791137695,179.38999938964844,22.12472152709961,118.39119720458984,63.310001373291016,38.01167678833008,23.705541610717773,71.80938720703125,44.56869888305664
2023-03-30,24.179908752441406,108.36006164550781,54.97776412963867,51.11766052246094,150.81092834472656,101.27296447753906,44.83849334716797,42.329078674316406,182.32000732421875,22.297142028808594,118.70539855957031,62.90999984741211,38.30393600463867,23.87229347229004,71.83621215820312,43.5095100402832
2023-03-31,24.083919525146484,109.21284484863281,55.20484161376953,51.54034423828125,152.8914031982422,102.60395812988281,44.84719467163086,42.989723205566406,185.55999755859375,22.5058650970459,119.43538665771484,64.80000305175781,38.322200775146484,23.547563552856445,72.3546142578125,43.50123596191406
2023-04-03,24.21830177307129,110.2470932006836,56.412391662597656,51.9090690612793,153.41873168945312,102.1997299194336,45.58696365356445,43.401432037353516,184.6300048828125,22.641992568969727,120.99706268310547,63.970001220703125,40.459327697753906,23.670434951782227,73.90093994140625,44.09703063964844
2023-04-04,25.331787109375,108.94068145751953,56.13618850708008,51.387454986572266,155.08694458007812,102.35747528076172,45.53473663330078,43.42057418823242,185.57000732421875,22.49679183959961,120.55350494384766,64.0199966430664,39.77434158325195,24.17947769165039,72.76579284667969,44.49422836303711
2023-04-05,25.427778244018555,108.41448211669922,56.4960823059082,51.10866165161133,151.1273193359375,100.58282470703125,45.97860336303711,41.17055892944336,183.4499969482422,22.660140991210938,120.4333724975586,60.849998474121094,39.345096588134766,24.58319854736328,71.82511901855469,45.14794158935547
2023-04-06,25.523771286010742,108.4326171875,56.47934341430664,51.297523498535156,153.2461395263672,100.97720336914062,45.752323150634766,40.59608840942383,182.94000244140625,22.750892639160156,120.63668060302734,61.18000030517578,38.95237731933594,24.556865692138672,72.04219818115234,45.46239471435547
2023-04-10,25.235797882080078,109.35800170898438,56.58815002441406,51.513362884521484,152.51748657226562,100.93775177001953,45.926387786865234,41.26630783081055,183.13999938964844,22.91423988342285,121.20960235595703,61.2400016784668,39.281158447265625,24.662185668945312,72.35875701904297,45.57823944091797
2023-04-11,25.120609283447266,109.29448699951172,56.97316360473633,51.918060302734375,153.50502014160156,101.47016143798828,46.44857406616211,41.429073333740234,182.0399932861328,23.041288375854492,121.7732925415039,60.33000183105469,39.746952056884766,24.75872802734375,73.54362487792969,45.975440979003906
2023-04-12,25.331787109375,109.79347229003906,56.93968200683594,51.87308883666992,155.5854949951172,102.18000793457031,46.44857406616211,41.12268829345703,182.1300048828125,23.068513870239258,121.8564453125,60.88999938964844,40.03007888793945,24.793838500976562,72.81099700927734,46.74500274658203
2023-04-13,25.686952590942383,109.98399353027344,57.307960510253906,51.891082763671875,155.28826904296875,102.36734008789062,46.49209213256836,40.99821853637695,181.52999877929688,23.1683406829834,122.0597152709961,60.9900016784668,39.756080627441406,24.960590362548828,73.14566040039062,46.96842956542969
2023-04-14,25.235797882080078,110.3015365600586,57.299583435058594,52.12490463256836,156.822265625,102.96874237060547,46.61393356323242,40.97907257080078,183.63999938964844,23.24094009399414,122.7065658569336,61.9900016784668,39.82001495361328,24.846494674682617,73.53459167480469,46.794654846191406
2023-04-17,24.89983367919922,111.49908447265625,57.5172004699707,52.12490463256836,157.13864135742188,103.80677795410156,46.68355178833008,40.72055435180664,182.8800048828125,23.4315128326416,123.39037322998047,64.9800033569336,39.56428909301758,24.872825622558594,74.1767807006836,46.90222930908203
2023-04-18,24.976627349853516,112.07064056396484,57.79340362548828,52.286781311035156,157.50299072265625,105.17719268798828,46.57911682128906,41.496097564697266,178.99000549316406,23.758211135864258,124.09268188476562,65.91999816894531,38.73318862915039,24.899154663085938,75.32546997070312,46.21541213989258
2023-04-19,24.851837158203125,112.37910461425781,57.759918212890625,52.55657958984375,157.991943359375,106.38986206054688,46.57911682128906,41.5152473449707,179.52000427246094,23.794509887695312,124.46231079101562,66.01000213623047,37.94774627685547,25.013248443603516,75.55158233642578,46.37263870239258
2023-04-20,24.832643508911133,112.4426040649414,57.5757942199707,52.33175277709961,158.4617462158203,107.28704071044922,46.187477111816406,41.60142135620117,179.0,23.749135971069336,124.5177230834961,64.55000305175781,37.66461944580078,24.934261322021484,75.52445983886719,46.37263870239258
2023-04-21,24.77504539489746,112.00713348388672,57.07359313964844,51.891082763671875,159.66017150878906,108.50958251953125,46.32672882080078,42.15673828125,181.8800048828125,23.76728630065918,125.02596282958984,66.2699966430664,37.62808609008789,25.215110778808594,75.56968688964844,46.15748977661133
2023-04-24,24.803842544555664,111.82569122314453,56.62163162231445,51.567325592041016,161.328369140625,108.50958251953125,46.4311637878418,42.16631317138672,180.9600067138672,23.821735382080078,124.55006408691406,65.0199966430664,37.8381462097168,25.276546478271484,74.82799530029297,45.421016693115234
2023-04-25,25.091814041137695,109.52131652832031,55.58378219604492,49.92155075073242,154.96231079101562,106.59689331054688,46.55301284790039,41.18971252441406,179.75999450683594,23.449663162231445,122.954345703125,63.34000015258789,37.18056869506836,25.022024154663086,73.37179565429688,45.9340705871582
2023-04-26,24.851837158203125,110.27430725097656,55.71769714355469,50.353240966796875,152.6708984375,104.22085571289062,46.457275390625,41.40035629272461,181.89999389648438,23.504112243652344,123.3929443359375,63.279998779296875,36.47732162475586,25.013248443603516,73.3898696899414,45.50376510620117
2023-04-27,25.005422592163086,111.77070617675781,56.36216735839844,50.955780029296875,154.2144775390625,104.49691009521484,46.500797271728516,41.63971710205078,183.77000427246094,23.966938018798828,124.84867858886719,64.66999816894531,37.71028137207031,25.171228408813477,74.23104858398438,45.61961364746094
2023-04-28,24.727052688598633,112.11955261230469,56.604888916015625,51.08169174194336,154.83766174316406,105.29550170898438,46.88372802734375,42.24291229248047,186.05999755859375,24.275482177734375,125.52054595947266,65.63999938964844,38.742313385009766,25.20633316040039,74.23104858398438,46.59605407714844
2023-05-01,24.707853317260742,111.73399353027344,56.47934341430664,50.847862243652344,155.65260314941406,105.8870620727539,46.648746490478516,42.04184341430664,188.02000427246094,24.348081588745117,125.38990783691406,64.04000091552734,38.1486701965332,25.101015090942383,74.15868377685547,46.64570617675781
2023-05-02,25.888530731201172,108.56678009033203,55.18202590942383,49.54384231567383,154.58837890625,104.93071746826172,45.72621154785156,42.11844253540039,185.16000366210938,24.211957931518555,122.6557388305664,63.720001220703125,36.32206726074219,25.101015090942383,73.33560180664062,45.66926956176758
2023-05-03,26.128503799438477,108.55758666992188,55.36616897583008,49.64276885986328,154.11859130859375,105.92647552490234,46.08304214477539,41.04609680175781,177.47000122070312,24.139360427856445,122.35710906982422,63.04999923706055,35.591426849365234,25.153676986694336,73.68836212158203,46.04991149902344
2023-05-04,26.512466430664062,105.02313995361328,54.95604705810547,48.57257080078125,153.9939727783203,104.60535430908203,46.28321838378906,37.876914978027344,173.60000610351562,23.66745948791504,120.6307601928711,77.6500015258789,35.24436569213867,24.749954223632812,73.86925506591797,45.76028823852539
2023-05-05,25.96532440185547,108.08020782470703,56.02737808227539,49.96652603149414,156.3428955078125,106.86310577392578,46.500797271728516,37.80989074707031,180.82000732421875,24.039533615112305,122.31978607177734,83.04000091552734,36.2398681640625,24.68851661682129,75.34355926513672,46.28988265991211
2023-05-08,25.494970321655273,108.31889343261719,56.311954498291016,50.02947998046875,155.03900146484375,106.83352661132812,46.17877960205078,38.480106353759766,179.0,24.25733184814453,122.57176208496094,86.12999725341797,36.605194091796875,24.267242431640625,74.43907928466797,46.41401290893555
2023-05-09,25.437379837036133,107.98839569091797,55.14018249511719,49.61578369140625,154.46376037597656,106.87295532226562,46.4311637878418,38.748199462890625,179.0399932861328,24.18473243713379,120.78005981445312,85.5,36.2398681640625,24.12681770324707,73.57980346679688,46.53813552856445
2023-05-10,25.389387130737305,108.12610626220703,55.315940856933594,50.03847122192383,155.74847412109375,107.67154693603516,46.24839782714844,38.719478607177734,184.1699981689453,23.81266212463379,120.34147644042969,84.58000183105469,35.7832145690918,24.197025299072266,74.30340576171875,46.124385833740234
2023-05-11,24.64065933227539,108.40151977539062,55.70932388305664,50.551082611083984,155.2786865234375,107.70113372802734,46.370243072509766,39.0067138671875,183.0,23.76728630065918,121.16267395019531,84.93000030517578,35.500083923339844,24.284793853759766,74.32148742675781,46.21541213989258
2023-05-12,24.957429885864258,109.16349029541016,55.675846099853516,50.74893569946289,156.6688690185547,109.47576904296875,46.12065887451172,39.820556640625,183.39999389648438,23.213712692260742,121.2093276977539,83.12000274658203,35.500083923339844,24.346229553222656,74.46621704101562,46.28988265991211
2023-05-15,25.005422592163086,110.11824798583984,56.15292739868164,51.33349609375,156.8318634033203,110.09689331054688,46.0764045715332,39.370540618896484,186.10000610351562,23.576711654663086,122.17047882080078,83.02999877929688,35.76494598388672,24.33745574951172,74.96367645263672,46.331260681152344
2023-05-16,24.29509735107422,108.53922271728516,55.357791900634766,50.44316864013672,155.0581817626953,110.08704376220703,44.32398223876953,37.88648986816406,184.6199951171875,23.39521598815918,119.72557830810547,81.13999938964844,34.668983459472656,24.09170913696289,73.72454071044922,44.891422271728516
2023-05-17,23.795949935913086,109.824462890625,56.02737808227539,51.01873779296875,153.63922119140625,109.22928619384766,44.253170013427734,38.049259185791016,182.47999572753906,23.60393714904785,120.02418518066406,81.7300033569336,35.15303421020508,23.881067276000977,74.41194915771484,45.01554870605469
2023-05-18,23.05682373046875,109.2828369140625,56.094337463378906,50.874839782714844,154.3582763671875,110.05745697021484,44.253170013427734,38.049259185791016,182.8800048828125,23.613012313842773,119.35231018066406,82.20999908447266,35.134769439697266,23.97761344909668,74.36671447753906,44.75074768066406
2023-05-19,23.16241455078125,108.30970764160156,55.68421936035156,50.488128662109375,154.7322235107422,110.0081787109375,44.31512451171875,37.86734390258789,184.64999389648438,23.72191047668457,118.68976593017578,81.30999755859375,35.463558197021484,24.030269622802734,74.41194915771484,44.98244857788086
2023-05-23,23.0184268951416,107.80480194091797,55.66747283935547,50.587059020996094,149.689208984375,105.2363510131836,43.87259292602539,37.270896911621094,180.99000549316406,23.551647186279297,117.4673080444336,78.7699966430664,35.938472747802734,23.626554489135742,74.80992126464844,44.77557373046875
2023-05-24,22.807252883911133,103.59100341796875,54.95604705810547,50.03847122192383,147.56076049804688,102.91944885253906,44.0584602355957,36.89509963989258,180.47999572753906,23.027048110961914,115.47966003417969,80.18000030517578,35.91107940673828,23.47734832763672,73.42606353759766,44.85832214355469
2023-05-25,22.37529182434082,103.73789978027344,55.84324645996094,51.06370162963867,148.64413452148438,103.44197845458984,43.29730224609375,36.509674072265625,184.0,23.183509826660156,113.36137390136719,78.66999816894531,35.427024841308594,23.073627471923828,70.3508071899414,44.42802429199219
2023-05-26,22.212108612060547,105.33527374267578,55.91019821166992,51.74718475341797,148.75921630859375,103.44197845458984,43.235347747802734,37.184173583984375,188.82000732421875,23.496427536010742,114.85444641113281,80.69000244140625,35.4909553527832,23.117509841918945,70.78496551513672,44.77557373046875
2023-05-29,22.116121292114258,105.63823699951172,56.32869338989258,51.8011474609375,149.6029052734375,103.44197845458984,43.40351486206055,37.25162124633789,186.60000610351562,23.616069793701172,115.23704528808594,81.4800033569336,35.929344177246094,23.117509841918945,71.56282806396484,44.866600036621094
2023-05-30,21.885746002197266,104.69266510009766,55.58378219604492,51.288536071777344,149.01806640625,103.44197845458984,42.872467041015625,36.47113037109375,183.75,23.524036407470703,114.88243865966797,79.13999938964844,35.4361572265625,22.98586082458496,70.07946014404297,44.171504974365234
2023-05-31,22.02012825012207,103.93988037109375,54.88071823120117,50.33525085449219,146.74583435058594,101.98283386230469,42.297183990478516,35.671363830566406,181.60000610351562,23.14669418334961,113.31470489501953,77.66999816894531,34.73291778564453,22.573360443115234,69.50057983398438,43.72465896606445
2023-06-01,22.538475036621094,104.24282836914062,54.88071823120117,49.840614318847656,148.3852996826172,101.18424224853516,43.11143493652344,35.873714447021484,181.07000732421875,23.23872947692871,113.4640121459961,77.87999725341797,35.198707580566406,22.51192283630371,69.89856719970703,44.45285415649414
2023-06-02,22.298503875732422,107.08873748779297,55.83487319946289,51.58531188964844,151.46286010742188,104.17156219482422,44.4832878112793,37.65632247924805,181.25999450683594,23.818546295166016,115.76895141601562,78.25,36.33742904663086,22.58213996887207,71.35478973388672,45.70236587524414
2023-06-05,22.173715591430664,105.8952865600586,55.148555755615234,50.71296691894531,150.63833618164062,103.27437591552734,44.41248321533203,37.83940124511719,186.14999389648438,23.652883529663086,114.70513916015625,80.55999755859375,36.43000411987305,22.573360443115234,70.18800354003906,45.30516815185547
2023-06-06,22.02012825012207,108.00675964355469,55.65911102294922,51.61228942871094,147.93470764160156,101.36170959472656,44.713401794433594,38.378997802734375,190.4199981689453,23.781734466552734,115.44232940673828,85.3499984741211,36.83736038208008,22.56458282470703,70.54978942871094,45.59479522705078
2023-06-07,21.780155181884766,107.87824249267578,55.60051345825195,51.621280670166016,149.64126586914062,104.41803741455078,44.85501480102539,38.9378662109375,179.27999877929688,23.85536003112793,114.86378479003906,79.66999816894531,37.485416412353516,22.66112518310547,70.44124603271484,46.0830078125
2023-06-08,21.952938079833984,107.58446502685547,55.50008010864258,51.558326721191406,148.0223846435547,102.58424377441406,45.164791107177734,38.24409484863281,176.2100067138672,23.68049430847168,115.05974578857422,79.16999816894531,37.42060470581055,22.575668334960938,71.44523620605469,46.0830078125
2023-06-09,21.760957717895508,106.80413818359375,55.34942626953125,51.30652618408203,146.86602783203125,100.6025619506836,44.801910400390625,38.070655822753906,177.02999877929688,23.67129135131836,115.61030578613281,81.87999725341797,37.42986297607422,22.522254943847656,71.56282806396484,45.71892166137695
2023-06-12,21.693763732910156,106.822509765625,55.064849853515625,51.2525634765625,146.7214813232422,100.59268951416016,44.3416748046875,38.350093841552734,182.1300048828125,23.735715866088867,115.6849594116211,86.95999908447266,36.791072845458984,22.69139289855957,71.3005142211914,45.19759750366211
2023-06-13,21.46338653564453,108.54840850830078,55.59214401245117,51.504371643066406,147.63694763183594,101.05607604980469,44.200069427490234,38.36936569213867,182.41000366210938,23.744918823242188,116.47815704345703,84.98999786376953,37.02251434326172,22.842727661132812,72.21403503417969,45.07347106933594
2023-06-14,21.47298812866211,108.5759506225586,55.50008010864258,51.83711624145508,149.833984375,102.15043640136719,43.50971984863281,38.76442337036133,184.0800018310547,23.625274658203125,116.8140869140625,87.8499984741211,36.78180694580078,22.682491302490234,72.28639221191406,45.048648834228516
2023-06-15,20.916242599487305,108.88807678222656,55.81813430786133,52.17886734008789,150.21942138671875,102.0419921875,43.57167434692383,38.66807174682617,184.0,23.496427536010742,117.42066192626953,87.44000244140625,37.02251434326172,22.629077911376953,72.88336944580078,45.0651969909668
2023-06-16,21.165817260742188,109.33792114257812,55.416385650634766,52.39470291137695,151.27943420410156,102.07157897949219,43.78408432006836,39.2462158203125,180.3000030517578,23.045459747314453,117.4673080444336,85.52999877929688,36.80032730102539,22.905044555664062,73.00093841552734,44.32872772216797
2023-06-19,20.868247985839844,109.11759185791016,55.66747283935547,52.48463821411133,150.64341735839844,101.20396423339844,43.89914321899414,39.36184310913086,180.7899932861328,23.091472625732422,116.9820785522461,85.52999877929688,36.744773864746094,22.86943817138672,73.14566040039062,44.22943115234375
2023-06-20,20.397897720336914,108.37398529052734,54.63799285888672,51.387454986572266,149.65090942382812,101.14480590820312,43.191097259521484,39.458194732666016,180.41000366210938,22.80616569519043,116.42217254638672,85.02999877929688,35.652339935302734,22.69139289855957,72.52157592773438,44.37010955810547
2023-06-21,20.34990119934082,107.88742065429688,54.05210494995117,50.89282989501953,150.64341735839844,102.90959167480469,43.03178405761719,38.63916015625,176.99000549316406,22.658910751342773,116.26351928710938,83.16000366210938,36.105979919433594,22.682491302490234,72.13263702392578,44.27907943725586
2023-06-22,20.705066680908203,107.70381164550781,53.4913330078125,50.21833419799805,152.0117950439453,104.63492584228516,42.730857849121094,38.407901763916016,173.9600067138672,22.355195999145508,115.3490219116211,83.47000122070312,35.096866607666016,22.6735897064209,71.11962127685547,44.03910827636719
2023-06-23,20.820253372192383,106.21660614013672,52.96403121948242,49.6877326965332,149.67018127441406,104.08281707763672,42.252925872802734,38.52353286743164,176.74000549316406,22.106704711914062,114.14522552490234,84.11000061035156,34.72654342651367,22.56676483154297,70.54978942871094,42.87234878540039
2023-06-26,20.906644821166992,107.74971771240234,53.600135803222656,50.66799545288086,150.55670166015625,103.62930297851562,42.899024963378906,38.84151077270508,175.52999877929688,22.189537048339844,115.35836029052734,83.1500015258789,35.356082916259766,22.4421329498291,71.70753479003906,44.41975402832031
2023-06-27,21.031429290771484,109.02578735351562,54.05210494995117,50.98769760131836,151.8768768310547,104.3884506225586,42.845916748046875,39.89180374145508,177.32000732421875,22.539264678955078,116.86074829101562,84.0999984741211,35.1801872253418,22.45103645324707,72.40399169921875,44.17978286743164
2023-06-28,21.09862518310547,108.44743347167969,54.110694885253906,51.16124725341797,152.05996704101562,103.2940902709961,43.0760383605957,40.479583740234375,179.55999755859375,22.714134216308594,116.57146453857422,85.6500015258789,35.61531066894531,22.69139289855957,72.81099700927734,44.31217575073242
2023-06-29,21.12742042541504,108.91561126708984,54.85560607910156,51.417015075683594,152.8983154296875,103.80769348144531,43.394657135009766,40.633750915527344,183.33999633789062,22.760150909423828,117.12203979492188,84.45999908447266,35.7634391784668,22.789318084716797,73.67931365966797,44.48060607910156
2023-06-30,21.511383056640625,109.83364868164062,55.474971771240234,51.66363525390625,154.58465576171875,105.68433380126953,43.580528259277344,41.154075622558594,189.3000030517578,23.045459747314453,118.06454467773438,85.62000274658203,35.97636795043945,22.949552536010742,74.26724243164062,45.08692932128906
2023-07-04,21.56897735595703,110.2100601196289,56.49274826049805,51.83718490600586,154.8930206298828,106.51400756835938,43.57167434692383,41.741859436035156,187.63999938964844,23.11908531188965,118.25118255615234,86.30999755859375,36.439266204833984,23.05637550354004,75.37973022460938,44.977455139160156
2023-07-05,21.281003952026367,110.61397552490234,56.05154037475586,51.544891357421875,153.36082458496094,105.30900573730469,43.24420166015625,41.684043884277344,187.7899932861328,22.84297752380371,118.58712005615234,85.56999969482422,36.180049896240234,23.13649559020996,75.23502349853516,44.43008041381836
2023-07-06,20.829853057861328,109.0074234008789,54.753849029541016,51.06077575683594,150.99996948242188,103.95586395263672,42.907875061035156,41.154075622558594,185.25,22.622098922729492,117.12203979492188,82.6500015258789,35.1801872253418,22.96735954284668,73.64311981201172,44.11849594116211
2023-07-07,20.83945083618164,109.38381958007812,55.32483673095703,51.0059700012207,147.93563842773438,102.75083923339844,42.81937026977539,40.95173263549805,183.0,22.640506744384766,117.13136291503906,81.9000015258789,35.939334869384766,22.93174934387207,74.02754211425781,43.79006576538086
2023-07-10,21.079423904418945,109.58580017089844,54.95283126831055,50.80501174926758,148.3307342529297,102.28662872314453,42.49188995361328,41.05772018432617,185.10000610351562,22.438030242919922,116.8980712890625,82.19000244140625,35.9485969543457,22.646883010864258,74.16483306884766,43.60479736328125
2023-07-11,21.21381378173828,110.0080795288086,55.195064544677734,50.80501174926758,147.44418334960938,102.4150390625,42.615806579589844,41.568416595458984,185.4199981689453,22.60369110107422,117.42998504638672,83.5999984741211,36.105979919433594,22.540058135986328,74.55841064453125,43.630069732666016
2023-07-12,22.116121292114258,110.41201782226562,55.94772720336914,50.91462326049805,148.66799926757812,103.4126205444336,43.00522994995117,41.24080276489258,183.5399932861328,22.640506744384766,117.6539535522461,86.91000366210938,36.25410461425781,22.584571838378906,75.11672973632812,43.478485107421875
2023-07-13,22.144916534423828,111.37594604492188,56.69173049926758,51.85544967651367,149.85324096679688,104.16326904296875,43.323856353759766,40.34468460083008,184.72999572753906,22.90740394592285,118.9043960571289,92.23999786376953,36.161521911621094,22.74480438232422,76.19674682617188,43.9753303527832
2023-07-14,22.02972984313965,111.42186737060547,56.51005935668945,51.77324295043945,150.8072509765625,105.27936553955078,43.04948806762695,39.756900787353516,185.92999267578125,22.935014724731445,119.55760955810547,90.55000305175781,35.41163635253906,21.64984893798828,76.77336883544922,43.51216506958008
2023-07-17,22.010526657104492,111.67890930175781,56.70038604736328,52.13862228393555,149.43890380859375,103.99536895751953,42.598106384277344,39.920711517333984,187.91000366210938,23.33076286315918,120.44413757324219,90.62999725341797,35.07834243774414,21.29376792907715,77.11202239990234,42.78794860839844
2023-07-18,22.3080997467041,112.54185485839844,57.340576171875,52.741485595703125,149.04380798339844,104.58798217773438,42.68661117553711,40.4410400390625,189.36000061035156,23.358375549316406,120.99468994140625,88.56999969482422,35.67085266113281,21.18694305419922,77.80763244628906,42.560577392578125
2023-07-19,22.298503875732422,113.26709747314453,57.980777740478516,52.860233306884766,149.7183380126953,105.02259063720703,42.94327163696289,40.83610916137695,187.82000732421875,23.40439224243164,121.47061920166016,89.91000366210938,35.522727966308594,21.623144149780273,78.759521484375,42.77952575683594
2023-07-20,21.837749481201172,113.51497650146484,58.14514923095703,52.942440032958984,149.37142944335938,104.79540252685547,43.45661163330078,40.25796127319336,187.07000732421875,23.579256057739258,121.7132339477539,86.20999908447266,35.504207611083984,21.658754348754883,78.46663665771484,43.70586013793945
2023-07-21,22.039325714111328,113.27628326416016,58.18840408325195,52.887638092041016,151.00961303710938,106.30659484863281,43.74868392944336,40.15196990966797,186.60000610351562,23.744918823242188,122.27313995361328,86.70999908447266,36.0596923828125,22.068248748779297,78.93341064453125,43.9837532043457
2023-07-24,21.96253204345703,113.30382537841797,58.05863571166992,53.042911529541016,151.0192413330078,106.98810577392578,43.943397521972656,39.988162994384766,184.4600067138672,23.84615707397461,123.23429107666016,87.1500015258789,36.846614837646484,21.9525203704834,79.00664520263672,42.85531997680664
2023-07-25,22.173715591430664,113.0743179321289,56.54466247558594,52.43092727661133,150.6916046142578,107.7486343383789,43.677879333496094,39.612369537353516,183.5,24.02102279663086,122.57433319091797,85.62000274658203,37.01325607299805,21.756675720214844,78.00900268554688,40.84265899658203
2023-07-26,21.84734535217285,113.29464721679688,56.84745788574219,52.62274169921875,150.99034118652344,109.5265121459961,43.660179138183594,39.236572265625,180.16000366210938,24.140668869018555,122.72518920898438,85.4000015258789,37.16138458251953,21.445104598999023,78.71376037597656,41.21318817138672
2023-07-27,21.31940460205078,112.97875213623047,56.93396759033203,52.54966735839844,151.00961303710938,108.58819580078125,43.0583381652832,39.30402755737305,175.02999877929688,24.20509147644043,122.71575927734375,84.66000366210938,36.828102111816406,21.258155822753906,78.62223052978516,39.83211898803711
2023-07-28,21.578575134277344,113.11811065673828,57.1416015625,52.87849807739258,154.0932159423828,108.57830810546875,42.651206970214844,39.612369537353516,175.88999938964844,24.223499298095703,122.857177734375,87.4000015258789,37.71686553955078,21.02670669555664,78.78697967529297,38.10578155517578
2023-07-31,21.866546630859375,113.85211181640625,57.444393157958984,53.05205535888672,154.02574157714844,107.16590118408203,42.907875061035156,39.51601028442383,179.0500030517578,24.26031494140625,123.2531509399414,89.08000183105469,38.198272705078125,20.902076721191406,79.59241485595703,39.798431396484375
2023-08-01,21.732160568237305,112.47704315185547,56.70038604736328,52.284767150878906,152.96575927734375,106.64241027832031,42.74856185913086,39.737632751464844,177.00999450683594,24.16827964782715,122.2537841796875,89.62000274658203,38.142730712890625,20.96438980102539,79.37276458740234,39.90790939331055
2023-08-02,21.185016632080078,110.71175384521484,55.99098205566406,51.891998291015625,150.17123413085938,105.51642608642578,42.739715576171875,39.419654846191406,170.6199951171875,23.68049430847168,121.14126586914062,83.38999938964844,37.26322555541992,20.57269859313965,78.62223052978516,40.48896789550781
2023-08-03,20.92584228515625,110.32151794433594,55.575721740722656,51.61796569824219,150.83612060546875,106.73130798339844,42.54499816894531,38.80297088623047,169.44000244140625,23.625274658203125,120.39643859863281,78.88999938964844,37.49467086791992,20.554895401000977,78.6771469116211,40.867923736572266
2023-08-04,21.156221389770508,110.97189331054688,55.68818283081055,52.02901077270508,150.75906372070312,106.86959075927734,42.55385208129883,39.80508041381836,169.72999572753906,23.919788360595703,120.91500091552734,77.5199966430664,38.03163528442383,20.448068618774414,79.07987213134766,40.58160400390625
2023-08-08,21.137022018432617,109.85697174072266,55.203712463378906,51.50835418701172,151.30833435058594,106.96835327148438,42.739715576171875,40.25796127319336,160.33999633789062,23.984209060668945,120.18903350830078,75.33000183105469,38.633399963378906,20.45697021484375,78.18290710449219,40.8763427734375
2023-08-09,21.223413467407227,110.0613784790039,55.22966766357422,50.960296630859375,152.45504760742188,107.6399917602539,43.34156036376953,39.2558479309082,158.44000244140625,23.809345245361328,120.18903350830078,74.11000061035156,39.43883514404297,20.96438980102539,78.02730560302734,41.187931060791016
2023-08-10,21.48258399963379,109.82909393310547,55.541114807128906,51.15211486816406,150.8457794189453,107.53134155273438,43.34156036376953,39.920711517333984,159.0,24.140668869018555,120.39643859863281,75.91999816894531,39.262943267822266,21.222551345825195,78.57646179199219,41.078453063964844
2023-08-11,21.81855010986328,109.84767150878906,55.88716506958008,51.15211486816406,151.5106658935547,107.8375244140625,43.70443344116211,39.74726867675781,160.0,24.094650268554688,120.27388000488281,74.29000091552734,39.494384765625,21.16913604736328,78.95172882080078,41.54161834716797
2023-08-14,21.52098274230957,109.39241790771484,55.541114807128906,50.81414794921875,150.73976135253906,106.89921569824219,43.179893493652344,39.76654052734375,164.2100067138672,23.901376724243164,119.61392211914062,75.37000274658203,39.253684997558594,21.089021682739258,78.57646179199219,41.35634994506836
2023-08-15,20.74346160888672,106.9117202758789,54.693294525146484,49.480533599853516,148.10910034179688,105.22999572753906,42.233558654785156,39.352203369140625,165.0,23.349170684814453,116.94577026367188,74.69999694824219,38.80004119873047,20.590503692626953,77.11202239990234,40.65739822387695
2023-08-16,20.474687576293945,106.29851531982422,54.63273239135742,49.526214599609375,148.1572723388672,104.90406036376953,42.21553421020508,39.44855880737305,165.2899932861328,23.266340255737305,116.36123657226562,74.91000366210938,39.901737213134766,20.581600189208984,77.07540893554688,40.733177185058594
2023-08-17,20.359498977661133,105.88971710205078,54.3299446105957,49.206512451171875,147.72364807128906,104.96331024169922,42.558013916015625,39.2462158203125,163.50999450683594,23.155895233154297,115.48442840576172,72.05999755859375,40.90159225463867,20.465871810913086,76.84659576416016,40.64054870605469
2023-08-18,20.301904678344727,105.23004913330078,54.00119400024414,49.10602951049805,148.35000610351562,105.12135314941406,42.58505630493164,39.024593353271484,163.6300048828125,22.502452850341797,114.52276611328125,71.9800033569336,41.51261901855469,20.323440551757812,76.81914520263672,40.79212951660156
2023-08-21,20.417095184326172,105.07209014892578,53.7070426940918,48.804595947265625,146.99130249023438,104.6966323852539,42.395782470703125,38.25373458862305,167.0,22.327587127685547,114.30592346191406,73.05999755859375,41.049720764160156,20.474775314331055,76.4713363647461,40.75002670288086
2023-08-22,20.628276824951172,103.4275894165039,53.30908966064453,48.60364532470703,146.45164489746094,104.72625732421875,41.90909957885742,37.83940124511719,167.6699981689453,22.276195526123047,112.8634262084961,73.19999694824219,40.864559173583984,20.296735763549805,75.56520080566406,40.28685760498047
2023-08-23,20.92584228515625,104.87698364257812,54.04444885253906,48.941619873046875,147.35743713378906,105.84237670898438,41.99922561645508,38.23895263671875,170.5,22.547170639038086,113.3819580078125,76.83000183105469,41.10527038574219,20.421363830566406,76.29743957519531,40.41318130493164
2023-08-24,20.81065559387207,104.6075439453125,53.983890533447266,49.25218200683594,146.18182373046875,104.7657699584961,41.836997985839844,37.69586944580078,166.1300048828125,22.734052658081055,115.60698699951172,75.31999969482422,40.92936706542969,20.67061996459961,73.83533477783203,40.135284423828125
2023-08-25,20.77225685119629,104.20803833007812,53.74164962768555,49.306983947753906,147.415283203125,105.5559310913086,42.206520080566406,38.25835037231445,165.5399932861328,22.734052658081055,114.0984878540039,75.56999969482422,41.44780731201172,20.786346435546875,73.56076049804688,40.48054885864258
2023-08-28,21.146621704101562,105.98261260986328,54.34724044799805,49.791099548339844,147.11656188964844,105.82261657714844,42.5219612121582,38.38442611694336,165.7899932861328,22.846181869506836,115.04130554199219,76.63999938964844,41.84590530395508,21.04450798034668,75.08010864257812,40.85108184814453
2023-08-29,21.290603637695312,106.19631958007812,55.81795883178711,50.47617721557617,147.62728881835938,106.1485595703125,42.84642028808594,39.46089172363281,167.02999877929688,23.27600860595703,115.64471435546875,79.7699966430664,42.595794677734375,21.347179412841797,76.19674682617188,41.16266632080078
2023-08-30,21.3640079498291,107.48776245117188,55.78335189819336,50.53097915649414,148.70654296875,107.12638092041016,43.017662048339844,39.53847122192383,166.47999572753906,23.32272720336914,115.94640350341797,81.20999908447266,42.88279724121094,21.311573028564453,76.36148834228516,41.34792709350586
2023-08-31,21.151525497436523,108.11956024169922,55.47190475463867,48.90508270263672,146.66363525390625,105.9411392211914,42.75629425048828,39.08267593383789,166.57000732421875,23.341415405273438,114.7773208618164,89.88999938964844,42.85470962524414,21.1246280670166,75.43706512451172,41.09529495239258
2023-09-01,21.199817657470703,108.79779052734375,56.64847946166992,49.471405029296875,148.3114471435547,107.97581481933594,43.53138732910156,39.78092575073242,165.6699981689453,23.67780113220215,115.82383728027344,90.7300033569336,43.49139404296875,21.195844650268555,76.21505737304688,41.693199157714844
2023-09-05,20.977678298950195,108.07310485839844,55.809303283691406,49.44400405883789,146.38421630859375,106.92884063720703,43.405208587646484,38.714149475097656,164.13999938964844,23.640424728393555,115.04130554199219,89.75,43.85654830932617,20.893173217773438,75.72079467773438,41.74372100830078
2023-09-06,20.861778259277344,107.013916015625,55.64493179321289,49.124305725097656,143.8594970703125,105.31888580322266,40.836585998535156,38.02560043334961,160.77999877929688,23.575016021728516,114.30592346191406,89.80999755859375,43.98762893676758,20.68842315673828,74.82382202148438,40.84265899658203
2023-09-07,20.8810977935791,106.45645141601562,55.195064544677734,48.8776741027832,142.73574829101562,104.38056182861328,40.98079299926758,37.50190734863281,161.35000610351562,23.640424728393555,113.419677734375,88.6500015258789,43.781646728515625,20.72821807861328,73.9360122680664,40.901611328125
2023-09-08,20.813486099243164,106.09410858154297,54.90957260131836,48.58537673950195,142.5516815185547,102.93852233886719,41.25117492675781,37.317649841308594,161.52000427246094,23.50026512145996,113.23110961914062,85.98999786376953,43.85654830932617,20.655868530273438,73.7987289428711,41.30582046508789
2023-09-11,21.074260711669922,107.40413665771484,55.29888153076172,49.1973762512207,143.70448303222656,103.96573638916016,41.26919937133789,37.32734680175781,164.3000030517578,23.845991134643555,113.51396179199219,87.69000244140625,42.901519775390625,20.72821807861328,74.94282531738281,41.20477294921875
2023-09-12,21.035629272460938,107.95230865478516,55.463253021240234,49.41659927368164,143.63668823242188,103.97561645507812,41.71982955932617,37.76375198364258,163.6699981689453,23.902057647705078,114.28705596923828,85.41999816894531,43.98762893676758,20.83674430847168,75.171630859375,41.5331916809082
2023-09-13,21.083919525146484,109.29020690917969,56.06884765625,49.83677673339844,146.145751953125,104.40031433105469,41.90009307861328,37.23036575317383,163.58999633789062,23.85533905029297,114.98473358154297,84.9000015258789,43.650569915771484,20.655868530273438,75.75741577148438,41.600563049316406
2023-09-14,21.30605697631836,110.60954284667969,56.38894271850586,50.256954193115234,151.28016662597656,106.66215515136719,43.00864791870117,36.89093780517578,165.64999389648438,24.29450798034668,116.3989486694336,85.73999786376953,43.96890640258789,21.144227981567383,76.81914520263672,42.65321350097656
2023-09-15,21.740678787231445,111.84524536132812,56.70038604736328,50.75020980834961,152.55886840820312,107.18563842773438,42.90049743652344,37.23036575317383,165.4199981689453,24.490734100341797,117.02120208740234,84.93000030517578,44.43705368041992,21.044750213623047,76.9747314453125,42.678470611572266
2023-09-18,21.75033950805664,110.84181213378906,56.56196212768555,50.43964385986328,151.28982543945312,105.49667358398438,42.58505630493164,36.83274841308594,165.39999389648438,24.40663719177246,116.29523468017578,80.30999755859375,44.062538146972656,20.96335792541504,76.74591064453125,42.33320617675781
2023-09-19,21.199817657470703,109.5132064819336,56.08614730834961,50.22955322265625,147.9476318359375,104.02499389648438,42.341712951660156,36.367252349853516,160.74000549316406,24.621549606323242,115.36186218261719,78.41000366210938,43.837825775146484,20.683000564575195,75.91302490234375,42.13109588623047
2023-09-20,21.37366485595703,109.94058227539062,55.81795883178711,50.375701904296875,147.81201171875,104.3311767578125,42.4588737487793,36.51272201538086,159.42999267578125,24.444013595581055,115.7484130859375,76.73999786376953,43.49139404296875,20.782480239868164,75.99539947509766,42.21531295776367
2023-09-21,20.87143898010254,108.31465911865234,54.874969482421875,49.736297607421875,143.93699645996094,101.71377563476562,41.70180892944336,35.73688507080078,154.2100067138672,23.874025344848633,113.92878723144531,72.41000366210938,43.17304992675781,20.484037399291992,74.90619659423828,41.05318832397461
2023-09-22,20.572032928466797,107.40413665771484,54.788455963134766,49.361793518066406,143.87887573242188,101.8421630859375,41.945152282714844,35.620513916015625,153.6999969482422,23.864683151245117,113.31596374511719,71.56999969482422,42.76106643676758,20.710128784179688,74.83299255371094,41.31424331665039
2023-09-25,20.224336624145508,107.50634765625,54.130958557128906,49.361793518066406,145.40951538085938,102.17798614501953,41.791934967041016,36.115108489990234,152.16000366210938,23.67780113220215,113.5328140258789,72.11000061035156,43.1262321472168,20.54734230041504,75.43706512451172,41.31424331665039
2023-09-26,19.84766387939453,106.48432922363281,53.65513610839844,49.13343811035156,144.80889892578125,99.4617919921875,41.052894592285156,35.60111618041992,147.85000610351562,23.38813591003418,112.0620346069336,69.63999938964844,43.23859405517578,20.285076141357422,74.48518371582031,40.61528778076172
2023-09-27,19.10398292541504,105.24861907958984,53.24852752685547,48.28854751586914,142.15451049804688,98.62224578857422,40.92671203613281,36.22178268432617,148.1199951171875,23.014373779296875,110.59125518798828,70.04000091552734,44.4183349609375,19.959501266479492,74.34789276123047,41.04476547241211
2023-09-28,18.988080978393555,106.54936981201172,53.63783645629883,48.966312408447266,143.3363800048828,99.69100189208984,40.800533294677734,36.30906295776367,148.5399932861328,23.30404281616211,111.9677505493164,71.77999877929688,44.49324035644531,20.013763427734375,75.01604461669922,40.10041809082031
2023-09-29,19.055692672729492,106.45645141601562,54.54973220825195,48.678497314453125,142.4935760498047,99.90872192382812,40.60226058959961,36.9200325012207,153.17999267578125,23.191909790039062,111.91118621826172,74.13999938964844,43.73483657836914,20.058982849121094,74.89706420898438,40.10041809082031
2023-10-02,18.765941619873047,103.72489929199219,53.366981506347656,47.77790069580078,140.91452026367188,98.63215637207031,39.439613342285156,36.78425979614258,150.0,22.85552406311035,109.31846618652344,73.83999633789062,42.88279724121094,19.326440811157227,73.59736633300781,39.27626419067383
2023-10-03,18.7949161529541,102.0525131225586,52.103599548339844,46.75660705566406,140.89512634277344,99.67121887207031,39.00700759887695,36.89093780517578,149.13999938964844,22.603235244750977,106.66918182373047,70.44000244140625,43.051326751708984,19.44400978088379,72.9017562866211,39.49088668823242
2023-10-04,18.84320831298828,102.43344116210938,52.97272491455078,47.295108795166016,141.69918823242188,99.36444854736328,38.86280059814453,37.472816467285156,149.83999633789062,22.715364456176758,107.65913391113281,72.2300033569336,40.991455078125,20.06802749633789,72.70954895019531,38.8298454284668
2023-10-05,19.0363712310791,102.95375061035156,53.48346710205078,47.499366760253906,141.63137817382812,98.6915283203125,39.22331237792969,37.249759674072266,151.1999969482422,23.00503158569336,108.4887924194336,71.51000213623047,41.038272857666016,20.4569091796875,73.55262756347656,39.396453857421875
2023-10-06,19.268173217773438,102.91658020019531,53.23258590698242,47.43437576293945,141.77670288085938,98.50350952148438,39.17824935913086,37.4437255859375,148.6999969482422,23.266664505004883,108.3285140991211,73.2699966430664,41.225528717041016,20.393600463867188,73.9324951171875,39.259090423583984
2023-10-10,19.59654998779297,103.31609344482422,53.895633697509766,47.97287368774414,143.04576110839844,97.91964721679688,39.6739501953125,37.98680877685547,146.66000366210938,23.462890625,108.90363311767578,74.80000305175781,43.1262321472168,20.502124786376953,74.59954833984375,40.280704498291016
2023-10-11,19.982881546020508,104.15228271484375,54.23611831665039,48.17713165283203,143.7529296875,98.701416015625,40.2056999206543,38.9468994140625,145.6999969482422,23.845991134643555,109.72386932373047,73.72000122070312,42.95770263671875,20.72821807861328,75.43336486816406,40.92457580566406
2023-10-12,20.002197265625,103.40901184082031,53.671630859375,47.8336067199707,142.8907470703125,98.03839874267578,40.1516227722168,38.33592987060547,142.5800018310547,23.612396240234375,108.94134521484375,73.04000091552734,43.43521499633789,20.655868530273438,74.91454315185547,40.87306594848633
2023-10-13,20.76519775390625,102.21046447753906,53.16986083984375,47.369384765625,142.5516815185547,97.15766906738281,40.28681182861328,38.75294494628906,137.97999572753906,23.416168212890625,107.98910522460938,70.43000030517578,43.76292419433594,20.637781143188477,74.4420394897461,41.12202835083008
2023-10-16,20.794172286987305,103.79922485351562,53.84187316894531,48.13071060180664,144.2469940185547,98.06808471679688,40.683372497558594,38.6656608581543,136.5500030517578,23.565671920776367,109.55416107177734,72.52999877929688,43.716102600097656,20.809612274169922,75.26661682128906,41.3109016418457
2023-10-17,21.62477684020996,104.05937957763672,53.7164306640625,48.39996337890625,143.93699645996094,97.6524658203125,40.04346466064453,39.53847122192383,137.8699951171875,23.659114837646484,108.92249298095703,73.9000015258789,43.894004821777344,20.683000564575195,75.7113265991211,41.11344528198242
2023-10-18,21.88555145263672,101.68087768554688,52.551605224609375,47.28582763671875,139.9941864013672,96.24725341796875,39.75506591796875,39.16025924682617,138.52999877929688,23.229286193847656,107.15000915527344,72.41000366210938,44.31534194946289,20.3574275970459,74.4698486328125,40.70136642456055
2023-10-19,21.962818145751953,100.75177764892578,52.17527389526367,46.71947479248047,139.6163787841797,96.76183319091797,39.6739501953125,38.6656608581543,139.75999450683594,22.82749366760254,106.56546783447266,71.0999984741211,44.277889251708984,20.303163528442383,74.04367065429688,40.64985656738281
2023-10-20,22.378122329711914,98.73562622070312,50.78644943237305,45.1596794128418,141.3697967529297,96.58370208740234,39.322452545166016,38.60747146606445,134.25,22.313570022583008,104.66099548339844,70.0999984741211,43.53820037841797,20.00472068786621,72.92263793945312,39.9287223815918
2023-10-23,21.895212173461914,98.54981231689453,50.76852035522461,45.271095275878906,140.2073211669922,95.57432556152344,39.63789367675781,38.04499435424805,133.3800048828125,22.397668838500977,104.96270751953125,69.86000061035156,42.95770263671875,19.959501266479492,72.7743911743164,39.99740219116211
2023-10-24,21.95315933227539,97.53707885742188,50.34739685058594,44.76973342895508,140.4591827392578,94.34724426269531,39.782100677490234,38.190467834472656,136.0399932861328,22.332258224487305,104.0670394897461,71.87000274658203,42.274192810058594,20.221771240234375,71.18087768554688,40.11758804321289
2023-10-25,22.088375091552734,97.34197998046875,50.1502685546875,44.74188232421875,141.98983764648438,95.19828033447266,40.13359832763672,37.938316345214844,134.52000427246094,22.313570022583008,104.14338684082031,66.9000015258789,42.88279724121094,20.1494197845459,71.26425170898438,40.68419647216797
2023-10-26,21.759994506835938,98.54051208496094,50.284671783447266,44.97399139404297,140.12982177734375,95.4753646850586,39.890254974365234,37.58919143676758,132.72000122070312,22.500452041625977,105.19331359863281,64.52999877929688,42.29292297363281,20.185592651367188,71.71822357177734,40.641273498535156
2023-10-27,21.895212173461914,96.98595428466797,49.64849853515625,44.704742431640625,140.51730346679688,95.49516296386719,39.26837158203125,36.68729019165039,131.1199951171875,22.229475021362305,103.53251647949219,64.3499984741211,42.1899299621582,19.90523910522461,70.56013488769531,40.30645751953125
2023-10-30,21.489564895629883,98.48397827148438,50.3294677734375,45.28966522216797,141.96075439453125,97.17745971679688,39.69197463989258,37.627986907958984,133.9499969482422,22.584548950195312,105.10741424560547,64.86000061035156,42.01203155517578,20.221771240234375,71.514404296875,40.641273498535156
2023-10-31,21.392980575561523,98.72894287109375,50.311561584472656,45.41035842895508,142.1448211669922,97.43475341796875,40.0524787902832,38.20016098022461,135.4199981689453,22.556516647338867,105.71829223632812,65.48999786376953,42.04948425292969,20.221771240234375,71.76454162597656,41.00183868408203
2023-11-01,21.47990608215332,98.74778747558594,50.625160217285156,45.698177337646484,143.3073272705078,98.28579711914062,40.48508834838867,37.54070281982422,134.52999877929688,22.911590576171875,106.20507049560547,67.66000366210938,42.4708251953125,20.601608276367188,71.7923355102539,41.654300689697266
2023-11-02,21.325374603271484,101.70616912841797,52.757686614990234,47.65720748901367,144.95419311523438,99.75039672851562,41.51253890991211,43.087921142578125,143.69000244140625,23.528297424316406,109.56483459472656,82.08000183105469,43.95954513549805,21.39745330810547,73.9417495727539,42.727420806884766
2023-11-03,21.769655227661133,103.15709686279297,53.01753616333008,48.112144470214844,147.02732849121094,100.49258422851562,41.69279479980469,44.048011779785156,146.3699951171875,23.808618545532227,110.76748657226562,84.05999755859375,43.17304992675781,21.931034088134766,75.0257339477539,42.85619354248047
2023-11-06,21.56682777404785,102.3185806274414,53.08025360107422,48.204986572265625,146.7366943359375,100.7300796508789,41.791934967041016,44.6298942565918,148.49000549316406,23.724519729614258,110.92974090576172,82.79000091552734,43.088783264160156,21.849641799926758,75.36851501464844,42.68449401855469
2023-11-07,20.94870376586914,101.41410064697266,52.98169708251953,48.000728607177734,146.68824768066406,100.08684539794922,41.73786163330078,44.51351547241211,149.85000610351562,23.50026512145996,110.50978088378906,84.94999694824219,41.29107666015625,21.72303009033203,74.98867797851562,42.43553161621094
2023-11-08,20.23399543762207,100.60385131835938,52.53368377685547,47.97287368774414,147.39544677734375,100.72017669677734,41.71982955932617,44.68808364868164,149.74000549316406,23.285350799560547,110.71976470947266,86.58999633789062,40.53266525268555,21.54215431213379,75.04425811767578,42.787513732910156
2023-11-09,20.41750144958496,100.77342987060547,52.847293853759766,48.112144470214844,147.62794494628906,99.50299835205078,41.56661605834961,44.74626922607422,149.19000244140625,23.98615837097168,110.9488296508789,83.43000030517578,42.03075408935547,21.54215431213379,75.451904296875,42.667327880859375
2023-11-10,20.262969970703125,101.11262512207031,52.82040786743164,48.26069641113281,149.32325744628906,96.52433776855469,41.548587799072266,45.328147888183594,149.82000732421875,24.098283767700195,111.46424865722656,84.66999816894531,42.86406326293945,21.515024185180664,75.93367767333984,42.48704147338867
2023-11-13,20.166385650634766,101.50831604003906,52.99961853027344,48.41853332519531,150.48574829101562,94.89151763916016,42.04429626464844,45.59968566894531,149.25999450683594,24.042217254638672,111.5596923828125,86.05999755859375,43.56629180908203,21.49693489074707,76.517333984375,42.52138137817383
2023-11-14,20.774856567382812,103.8260269165039,53.96731948852539,49.467674255371094,152.0648193359375,96.05923461914062,41.858699798583984,46.35612487792969,150.83999633789062,24.257129669189453,113.71682739257812,89.7699966430664,43.06069564819336,21.931034088134766,77.45308685302734,42.76176071166992
2023-11-15,20.629981994628906,104.69281768798828,54.21820068359375,49.69050598144531,151.32859802246094,96.85089111328125,42.00570297241211,47.11256408691406,151.52999877929688,24.266475677490234,114.43268585205078,92.8499984741211,42.7236213684082,22.111907958984375,77.68470764160156,42.9592170715332
2023-11-16,21.103235244750977,104.62687683105469,54.2719612121582,49.75550079345703,152.1035614013672,97.59308624267578,41.61981964111328,47.083473205566406,151.9499969482422,24.191720962524414,114.30860900878906,92.69000244140625,41.731136322021484,21.98529624938965,77.63838195800781,42.71025085449219
2023-11-17,20.813486099243164,105.55017852783203,54.73789596557617,50.34041976928711,153.19825744628906,97.36548614501953,42.46508026123047,47.49078369140625,151.8000030517578,24.56548500061035,115.00537109375,93.87000274658203,43.37903594970703,21.90390396118164,78.54632568359375,43.21676254272461
2023-11-20,20.94870376586914,105.2204360961914,54.648292541503906,50.41469192504883,152.46202087402344,97.10819244384766,42.47426986694336,47.878700256347656,152.05999755859375,24.75236701965332,115.0435562133789,95.44999694824219,43.013877868652344,21.88581657409668,78.84278869628906,43.31978225708008
2023-11-21,21.431615829467773,104.27827453613281,54.128597259521484,49.56980514526367,151.88076782226562,96.19776153564453,42.59370803833008,47.60087585449219,152.0,24.757104873657227,114.32769775390625,95.54000091552734,42.52699279785156,21.795377731323242,78.02750396728516,43.4571418762207
2023-11-22,21.4509334564209,104.04273223876953,53.91355895996094,49.82976531982422,150.91201782226562,96.2076644897461,42.66720199584961,47.474143981933594,151.39999389648438,24.719205856323242,113.55457305908203,97.12999725341797,42.180564880371094,21.75015640258789,77.2307357788086,43.637428283691406
2023-11-23,21.277084350585938,103.83545684814453,53.91355895996094,49.81120300292969,152.7429656982422,96.97955322265625,42.67639923095703,47.92256546020508,151.27999877929688,24.842374801635742,113.25868225097656,96.69999694824219,41.85285568237305,21.741117477416992,77.03617858886719,43.47431182861328
2023-11-24,21.29640007019043,103.9485092163086,53.877716064453125,49.84833908081055,152.32640075683594,96.79151916503906,42.78664779663086,47.98106002807617,150.52999877929688,25.00344467163086,113.5450210571289,96.26000213623047,41.8060417175293,21.75920295715332,77.2214584350586,43.439971923828125
2023-11-27,21.77931022644043,103.40206146240234,53.98523712158203,49.09629821777344,147.71511840820312,93.86234283447266,42.46508026123047,47.6886100769043,151.75999450683594,24.89922332763672,112.7528076171875,100.51000213623047,41.14126205444336,21.786334991455078,76.9620590209961,42.84761047363281
2023-11-28,22.861032485961914,102.19610595703125,51.58390426635742,48.641353607177734,148.49012756347656,94.33734893798828,42.6028938293457,47.27918243408203,151.27000427246094,24.842374801635742,111.97966766357422,99.83000183105469,41.684322357177734,21.741117477416992,76.53588104248047,43.491485595703125
2023-11-29,22.96400260925293,103.73181915283203,53.50138473510742,49.541954040527344,150.66981506347656,95.94046783447266,43.108211517333984,47.396156311035156,151.38999938964844,24.861326217651367,113.40184783935547,99.72000122070312,41.974578857421875,21.57832908630371,77.1751480102539,43.276859283447266
2023-11-30,23.158281326293945,104.93777465820312,54.38844299316406,52.085899353027344,152.5395050048828,96.67277526855469,43.53084182739258,47.88357162475586,151.0,25.183460235595703,117.03842163085938,98.8499984741211,42.40583419799805,21.958166122436523,76.65632629394531,43.688941955566406
2023-12-01,23.25542640686035,107.08590698242188,54.65725326538086,52.503700256347656,155.22296142578125,99.93840026855469,43.613529205322266,48.858402252197266,154.64999389648438,25.230833053588867,117.34385681152344,99.72000122070312,42.20679473876953,22.591224670410156,75.8873519897461,43.83488464355469
2023-12-04,23.04171371459961,107.62294006347656,54.43324661254883,52.86579132080078,155.59109497070312,99.96809387207031,43.742156982421875,49.18984603881836,152.75,25.448749542236328,117.63975524902344,98.19999694824219,41.81818389892578,22.817319869995117,76.20235443115234,44.315643310546875
2023-12-05,23.002859115600586,109.064453125,53.994197845458984,53.376441955566406,154.31231689453125,98.830078125,43.80647277832031,49.063114166259766,152.5,25.515073776245117,118.35560607910156,101.58000183105469,41.25896453857422,22.88966941833496,75.98926544189453,44.25554275512695
2023-12-06,22.92514419555664,109.9594955444336,53.50138473510742,53.5714111328125,155.81163024902344,99.50299835205078,43.52165603637695,48.97538375854492,151.60000610351562,25.410850524902344,118.19334411621094,96.70999908447266,38.98418045043945,23.142894744873047,76.21160888671875,44.22120666503906
2023-12-07,22.75029182434082,110.23271942138672,53.88667297363281,53.812808990478516,156.6197052001953,98.60246276855469,43.457340240478516,49.31657028198242,154.4499969482422,25.600343704223633,118.60376739501953,97.79000091552734,38.974700927734375,23.287593841552734,74.7477798461914,44.41865921020508
2023-12-08,22.177165985107422,111.64596557617188,54.56764602661133,54.26774597167969,155.83111572265625,98.02849578857422,43.60434341430664,48.361244201660156,154.47000122070312,25.657190322875977,119.5391616821289,98.58999633789062,39.59078598022461,22.99941062927246,75.05352783203125,44.341400146484375
2023-12-11,21.963457107543945,112.36199951171875,54.60348892211914,54.08205795288086,157.17466735839844,98.107666015625,43.63190460205078,43.10691452026367,152.3800048828125,26.48147964477539,119.75869750976562,98.87999725341797,38.946266174316406,22.69654655456543,75.76690673828125,44.839324951171875
2023-12-12,21.594322204589844,112.23951721191406,54.60348892211914,54.407012939453125,157.55435180664062,99.4040298461914,43.31033706665039,44.97858428955078,151.4600067138672,26.9078369140625,119.81596374511719,98.54000091552734,38.131134033203125,22.57723617553711,75.09984588623047,44.478755950927734
2023-12-13,22.847434997558594,114.93409729003906,55.62495422363281,55.743980407714844,157.62249755859375,100.11652374267578,44.054534912109375,44.30595779418945,154.6300048828125,26.888887405395508,122.76530456542969,99.7300033569336,39.003135681152344,22.89845848083496,76.517333984375,44.94234085083008
2023-12-14,23.002859115600586,117.17644500732422,56.601619720458984,56.57958221435547,157.7490692138672,101.92748260498047,43.79728317260742,43.233642578125,155.2899932861328,27.154176712036133,124.9033432006836,103.91999816894531,39.73296356201172,22.61394691467285,78.14793395996094,45.011024475097656
2023-12-15,22.74057960510254,116.58287811279297,55.5443115234375,56.53316116333008,156.75601196289062,100.54205322265625,43.51247024536133,44.98833465576172,153.13999938964844,26.775190353393555,125.40922546386719,103.02999877929688,39.221134185791016,21.98986053466797,77.37896728515625,44.641868591308594
2023-12-18,23.061141967773438,118.63678741455078,55.9027214050293,56.551727294921875,157.6419677734375,100.96757507324219,43.69622039794922,44.10124206542969,153.58999633789062,26.746768951416016,126.37326049804688,103.30000305175781,39.9320068359375,21.806304931640625,76.89720916748047,44.83073806762695
2023-12-19,23.430274963378906,120.75665283203125,56.44033432006836,57.675148010253906,159.5599365234375,102.58061218261719,44.008602142333984,44.8713493347168,154.0,27.428939819335938,127.30863189697266,104.5,40.614444732666016,21.797128677368164,78.39808654785156,45.114044189453125
2023-12-20,23.07085418701172,120.04061889648438,55.866878509521484,58.05581283569336,159.01470947265625,102.16497802734375,43.438968658447266,43.20439910888672,148.47000122070312,27.391040802001953,126.30644226074219,100.79000091552734,40.244789123535156,21.540149688720703,77.2307357788086,44.95951461791992
2023-12-21,23.167999267578125,121.68939208984375,56.37761306762695,58.780006408691406,159.84225463867188,103.97591400146484,43.687034606933594,42.960689544677734,150.5,27.438411712646484,127.03182983398438,101.12999725341797,40.225833892822266,21.530973434448242,78.50926208496094,45.328670501708984
2023-12-22,23.430274963378906,122.67864990234375,56.736019134521484,59.578468322753906,161.2928924560547,104.31239318847656,43.935096740722656,42.2100715637207,151.00999450683594,27.533157348632812,127.58544158935547,101.87000274658203,40.244789123535156,21.374954223632812,78.86132049560547,45.508949279785156
2023-12-27,23.692554473876953,123.87518310546875,57.25571060180664,59.96455001831055,161.82835388183594,104.25299835205078,44.026973724365234,42.36604690551758,149.0,27.63737678527832,128.1199188232422,103.4800033569336,40.500701904296875,21.457550048828125,79.3060302734375,45.835182189941406
2023-12-28,23.23599624633789,123.1214599609375,57.55139923095703,59.795047760009766,161.08843994140625,104.00516510009766,43.83403396606445,42.765724182128906,148.6199951171875,27.68475341796875,127.93858337402344,104.62999725341797,39.998355865478516,21.631927490234375,78.98176574707031,45.267269134521484
2023-12-29,23.25542640686035,123.52659606933594,57.7933235168457,60.077545166015625,162.149658203125,103.93576049804688,43.82484436035156,42.71697998046875,148.7100067138672,27.741600036621094,127.9004135131836,103.16000366210938,40.23530960083008,21.6411075592041,79.32456970214844,45.22358322143555
