Date,ASIANPAINT.NS,BHARTIARTL.NS,BPCL.NS,HDFCBANK.NS,HINDUNILVR.NS,ICICIBANK.NS,INFY.NS,ITC.NS,KOTAKBANK.NS,LT.NS,MARUTI.NS,RELIANCE.NS,SBIN.NS,TCS.NS,TITAN.NS
2023-01-02,2987.737548828125,805.2925415039062,149.7842254638672,1588.5416259765625,2484.99560546875,880.1657104492188,1459.6324462890625,310.4675598144531,1821.5521240234375,2036.105224609375,8247.0615234375,1180.5860595703125,590.6256103515625,3152.5322265625,2540.4501953125
2023-01-03,2969.10888671875,809.3511962890625,151.13018798828125,1598.92919921875,2469.114990234375,879.0928344726562,1458.2437744140625,308.83526611328125,1829.337158203125,2035.618408203125,8226.8935546875,1171.9466552734375,590.8185424804688,3200.765625,2587.828369140625
2023-01-04,2957.931884765625,803.6097412109375,150.88340759277344,1570.3515625,2463.335693359375,876.8984375,1431.665771484375,305.010986328125,1817.26025390625,2017.68798828125,8266.19921875,1154.3013916015625,583.872314453125,3203.955322265625,2571.9365234375
2023-01-05,2945.67578125,798.9570922851562,153.59780883789062,1560.2568359375,2509.569580078125,857.4411010742188,1412.8934326171875,311.02728271484375,1816.8111572265625,2034.05908203125,8303.7861328125,1152.239013671875,583.7757568359375,3200.524169921875,2536.836181640625
2023-01-06,2920.232421875,787.9691162109375,154.65216064453125,1555.0875244140625,2502.527587890625,848.6145629882812,1387.3212890625,312.5196533203125,1783.37548828125,2033.279541015625,8227.1875,1162.7115478515625,579.482666015625,3104.29833984375,2513.07275390625
2023-01-09,2925.8701171875,811.133056640625,155.5718994140625,1558.1109619140625,2548.76220703125,851.7843017578125,1421.7528076171875,315.3179016113281,1808.4273681640625,2067.531982421875,8221.2509765625,1190.164794921875,586.2841796875,3209.078369140625,2460.149658203125
2023-01-10,2902.53515625,784.8508911132812,155.84107971191406,1529.631103515625,2567.994140625,840.08056640625,1407.6737060546875,310.9806213378906,1792.108642578125,2052.8662109375,8138.95947265625,1172.5654296875,574.176513671875,3176.64892578125,2443.86181640625
2023-01-11,2882.974365234375,757.8263549804688,158.15167236328125,1551.673828125,2518.845703125,844.9083862304688,1409.1103515625,309.4881896972656,1798.396484375,2071.089111328125,8130.4208984375,1157.78466796875,575.671875,3217.53662109375,2413.365478515625
2023-01-12,2859.002197265625,749.2636108398438,154.8091583251953,1559.9642333984375,2515.73779296875,839.39794921875,1418.0654296875,307.6693115234375,1776.08935546875,2104.610595703125,8213.595703125,1132.783203125,573.935302734375,3222.997314453125,2422.474853515625
2023-01-13,2852.334716796875,756.5889282226562,157.07489013671875,1561.1834716796875,2548.713623046875,851.8818359375,1440.1419677734375,306.643310546875,1776.8878173828125,2098.4228515625,8296.23046875,1130.9500732421875,578.9520263671875,3261.855224609375,2393.364990234375
2023-01-16,2859.10009765625,751.4909057617188,156.55894470214844,1546.2119140625,2522.58544921875,843.8843383789062,1461.0692138671875,307.995849609375,1781.3792724609375,2082.636474609375,8224.2919921875,1120.179443359375,581.7498168945312,3230.36572265625,2382.126953125
2023-01-17,2883.46484375,757.9747924804688,156.3121795654297,1569.22998046875,2591.01416015625,843.786865234375,1474.477783203125,309.907958984375,1794.20458984375,2156.598876953125,8321.697265625,1136.0831298828125,572.0540161132812,3273.33642578125,2384.2060546875
2023-01-18,2887.72998046875,768.71533203125,155.25782775878906,1596.9296875,2609.128662109375,848.0293579101562,1480.128662109375,312.1465759277344,1795.6517333984375,2208.63525390625,8336.1240234375,1134.2041015625,570.6068115234375,3284.57568359375,2400.197021484375
2023-01-19,2810.1748046875,764.2112426757812,156.87298583984375,1603.56201171875,2573.724609375,844.7620849609375,1473.903076171875,309.81463623046875,1763.912841796875,2215.06689453125,8343.5830078125,1132.9896240234375,569.0631713867188,3268.201416015625,2361.531982421875
2023-01-20,2733.354736328125,756.7374877929688,155.39244079589844,1619.9964599609375,2475.622802734375,848.8583374023438,1461.116943359375,312.09991455078125,1759.521240234375,2192.5078125,8282.8828125,1119.5150146484375,571.3304443359375,3258.5126953125,2347.91748046875
2023-01-23,2730.0703125,764.9042358398438,156.85057067871094,1631.846923828125,2521.9052734375,850.1751098632812,1482.61865234375,315.0380859375,1780.3311767578125,2176.477783203125,8260.6044921875,1113.8546142578125,579.2896728515625,3308.70166015625,2341.38232421875
2023-01-24,2755.709716796875,767.824462890625,156.55894470214844,1653.6947021484375,2525.887939453125,849.2484741210938,1486.3541259765625,316.1574401855469,1756.876220703125,2151.1416015625,8537.0673828125,1107.27783203125,573.4046020507812,3329.43603515625,2347.372802734375
2023-01-25,2720.80517578125,768.6658935546875,155.5718994140625,1607.9998779296875,2547.111083984375,834.1800537109375,1477.8299560546875,316.4372253417969,1746.4462890625,2119.178955078125,8620.78125,1091.9698486328125,548.6585693359375,3323.08984375,2333.362548828125
2023-01-27,2669.477294921875,766.68603515625,150.99559020996094,1575.9598388671875,2537.203369140625,797.0208129882812,1454.9873046875,322.73333740234375,1709.816650390625,2104.7080078125,8575.0478515625,1071.2537841796875,520.9217529296875,3304.971435546875,2308.262451171875
2023-01-30,2712.1767578125,762.429443359375,150.34503173828125,1574.3505859375,2494.466064453125,803.1652221679688,1473.807373046875,321.6139831542969,1722.94140625,2058.956787109375,8653.0693359375,1081.520263671875,519.2333984375,3326.868408203125,2312.52001953125
2023-01-31,2672.61474609375,762.5284423828125,154.0015869140625,1563.9630126953125,2502.81884765625,811.3578491210938,1468.9705810546875,328.65631103515625,1727.6822509765625,2070.163330078125,8729.9140625,1078.8160400390625,533.9942016601562,3254.2490234375,2353.709716796875
2023-02-01,2690.165283203125,761.3405151367188,150.1655731201172,1587.420166015625,2500.390625,827.0115356445312,1485.587890625,337.0977478027344,1741.35595703125,2090.7734375,8605.814453125,1072.422607421875,508.7657165527344,3302.355224609375,2322.767578125
2023-02-02,2652.809326171875,769.9032592773438,149.04393005371094,1563.8167724609375,2559.25244140625,836.7158203125,1516.8587646484375,353.1411437988281,1758.373291015625,2090.1396484375,8705.232421875,1066.4873046875,509.4892883300781,3352.786376953125,2285.340576171875
2023-02-03,2706.489990234375,784.9004516601562,146.57630920410156,1617.8995361328125,2572.753662109375,842.4700927734375,1531.847900390625,355.05328369140625,1776.8878173828125,2111.2373046875,8776.0400390625,1067.4268798828125,525.02197265625,3374.00537109375,2438.812255859375
2023-02-06,2700.410888671875,781.2872314453125,149.73934936523438,1611.0234375,2561.923583984375,832.6195678710938,1503.5457763671875,357.6183776855469,1743.6517333984375,2101.053955078125,8742.3779296875,1059.38330078125,526.1796875,3352.3505859375,2433.762451171875
2023-02-07,2704.185791015625,777.9710693359375,149.021484375,1613.4129638671875,2526.567626953125,831.6929321289062,1496.41064453125,348.1509094238281,1771.9971923828125,2110.01904296875,8599.5341796875,1056.839599609375,527.8197021484375,3364.55859375,2422.771728515625
2023-02-08,2711.58837890625,767.2799682617188,149.94125366210938,1613.2178955078125,2508.69580078125,837.8861083984375,1523.32373046875,350.2962646484375,1762.1162109375,2076.44873046875,8670.4404296875,1077.9453125,530.3764038085938,3410.630126953125,2442.426025390625
2023-02-09,2759.631591796875,758.915283203125,149.71690368652344,1609.85302734375,2512.48388671875,839.544189453125,1548.7044677734375,349.08367919921875,1767.505859375,2092.575927734375,8637.5634765625,1079.8243408203125,531.389404296875,3430.73486328125,2438.267822265625
2023-02-10,2749.82666015625,764.1618041992188,149.85150146484375,1616.241455078125,2503.5478515625,832.7658081054688,1540.6114501953125,346.378662109375,1768.6536865234375,2108.606201171875,8647.5244140625,1070.93310546875,533.56005859375,3427.53759765625,2444.158935546875
2023-02-13,2736.2470703125,760.8455200195312,150.2552947998047,1617.460693359375,2506.947509765625,829.644775390625,1501.247314453125,349.0370178222656,1770.4002685546875,2147.048828125,8645.6611328125,1064.83740234375,518.55810546875,3374.10205078125,2494.21044921875
2023-02-14,2722.76611328125,767.3790283203125,148.5728302001953,1632.43212890625,2505.587646484375,843.9330444335938,1525.95751953125,360.4632873535156,1766.956787109375,2135.6962890625,8611.3115234375,1089.930419921875,521.7899780273438,3391.252197265625,2482.180419921875
2023-02-15,2731.737060546875,777.4761352539062,148.5728302001953,1629.1160888671875,2475.3310546875,849.2971801757812,1529.5972900390625,362.1213684082031,1782.0777587890625,2119.52001953125,8680.892578125,1114.61083984375,523.1406860351562,3411.1630859375,2499.40869140625
2023-02-16,2751.150634765625,776.5357055664062,146.12765502929688,1623.2152099609375,2454.59375,847.9805908203125,1534.146484375,362.45294189453125,1784.5230712890625,2122.68701171875,8641.390625,1113.7401123046875,521.06640625,3447.39990234375,2497.52734375
2023-02-17,2778.2607421875,768.9628295898438,148.81959533691406,1615.0711669921875,2443.326416015625,841.3485107421875,1516.90673828125,363.25830078125,1755.878173828125,2169.510498046875,8643.9921875,1118.3919677734375,512.2871704101562,3392.26904296875,2475.6455078125
2023-02-20,2770.367431640625,771.2891235351562,146.3295440673828,1599.904541015625,2439.392578125,831.0590209960938,1525.1912841796875,363.8741149902344,1733.9703369140625,2168.681884765625,8532.013671875,1106.5673828125,506.6433410644531,3378.85009765625,2449.753173828125
2023-02-21,2762.0830078125,771.1901245117188,145.02842712402344,1605.90283203125,2443.957763671875,833.107177734375,1512.788330078125,362.168701171875,1726.8837890625,2172.531494140625,8508.6552734375,1115.5963134765625,505.00323486328125,3343.678955078125,2439.307373046875
2023-02-22,2741.345703125,764.3598022460938,143.772216796875,1574.399169921875,2422.491943359375,818.5263671875,1495.8359375,363.6846923828125,1697.2906494140625,2138.717041015625,8497.9580078125,1090.2969970703125,498.1534118652344,3295.766845703125,2407.573486328125
2023-02-23,2653.103515625,755.2525634765625,143.8170623779297,1563.71923828125,2419.189453125,819.0139770507812,1485.20458984375,367.2376403808594,1703.8780517578125,2104.02587890625,8534.564453125,1085.0721435546875,502.6395263671875,3307.6357421875,2370.888671875
2023-02-24,2685.017578125,749.4615478515625,142.47109985351562,1549.7718505859375,2412.9248046875,818.9652709960938,1485.156982421875,364.8689880371094,1694.046875,2079.56689453125,8499.4794921875,1092.4969482421875,502.6877746582031,3294.70068359375,2375.443359375
2023-02-27,2696.1953125,745.3040161132812,143.772216796875,1553.62451171875,2397.3349609375,835.2528686523438,1445.5533447265625,362.1213684082031,1722.641845703125,2059.736083984375,8471.7060546875,1085.2325439453125,509.1034240722656,3228.234375,2377.324462890625
2023-02-28,2773.55419921875,734.7614135742188,142.38136291503906,1560.1593017578125,2390.05029296875,833.7410888671875,1424.7220458984375,356.9103088378906,1725.9356689453125,2055.302490234375,8464.001953125,1064.470703125,504.3761291503906,3209.8251953125,2349.40283203125
2023-03-01,2785.417724609375,742.6312255859375,141.73080444335938,1558.6475830078125,2395.48974609375,835.1552734375,1432.8629150390625,358.80523681640625,1741.5556640625,2061.295654296875,8601.203125,1074.2557373046875,517.7862548828125,3280.40966796875,2358.907958984375
2023-03-02,2778.554443359375,732.6331176757812,144.04141235351562,1545.3828125,2384.90234375,832.912109375,1409.972412109375,355.8206787109375,1718.400146484375,2067.434814453125,8389.806640625,1066.0748291015625,514.9402465820312,3218.15771484375,2335.689208984375
2023-03-03,2773.60302734375,756.6879272460938,144.19842529296875,1576.057373046875,2400.10302734375,847.1028442382812,1416.820556640625,364.72686767578125,1747.64404296875,2097.107177734375,8441.3310546875,1093.276123046875,541.4229125976562,3238.2138671875,2372.47314453125
2023-03-06,2808.60595703125,758.86572265625,145.61170959472656,1587.1763916015625,2413.555908203125,846.3225708007812,1443.78125,367.7587585449219,1747.64404296875,2086.485595703125,8470.9697265625,1103.9549560546875,541.9052734375,3266.99072265625,2379.750244140625
2023-03-08,2803.70361328125,758.8162231445312,146.30711364746094,1590.34619140625,2413.798828125,850.565185546875,1429.6544189453125,371.7854919433594,1736.8646240234375,2115.378662109375,8532.259765625,1107.91943359375,544.89599609375,3284.963134765625,2373.463134765625
2023-03-09,2797.82080078125,765.59716796875,145.74630737304688,1590.492431640625,2390.778564453125,834.8139038085938,1417.8739013671875,367.14288330078125,1713.40966796875,2137.206787109375,8383.1337890625,1081.291015625,539.2039184570312,3233.078857421875,2344.8974609375
2023-03-10,2774.927001953125,765.943603515625,146.28468322753906,1549.479248046875,2394.712646484375,821.8424072265625,1409.3975830078125,367.61663818359375,1696.0430908203125,2102.75927734375,8441.625,1064.53955078125,528.0609130859375,3227.410400390625,2352.075927734375
2023-03-13,2729.824951171875,757.578857421875,144.73680114746094,1529.8748779296875,2384.659423828125,807.9442749023438,1374.487060546875,363.4951477050781,1670.6917724609375,2079.3720703125,8360.021484375,1047.0316162109375,511.3223876953125,3179.885986328125,2309.0048828125
2023-03-14,2691.979248046875,764.0132446289062,146.35198974609375,1525.7784423828125,2372.372314453125,809.8460693359375,1360.02490234375,359.7527160644531,1645.0908203125,2089.45751953125,8353.888671875,1043.113037109375,506.8844909667969,3114.9697265625,2332.372314453125
2023-03-15,2772.18115234375,749.0161743164062,148.19146728515625,1503.8819580078125,2337.0654296875,805.5059814453125,1359.6898193359375,359.46844482421875,1662.7569580078125,2121.0791015625,8317.3798828125,1025.284423828125,499.31109619140625,3099.4189453125,2375.443359375
2023-03-16,2836.74560546875,738.4241333007812,157.43380737304688,1513.6353759765625,2388.787841796875,803.5553588867188,1344.79638671875,361.4107360839844,1660.361572265625,2118.107177734375,8280.5771484375,1020.174072265625,506.0162353515625,3085.951416015625,2426.18798828125
2023-03-17,2806.742919921875,749.610107421875,157.65814208984375,1533.873779296875,2377.18017578125,815.6004028320312,1360.6953125,355.8206787109375,1689.8548583984375,2139.691650390625,8162.21826171875,1018.8908081054688,511.12939453125,3080.428466796875,2431.435546875
2023-03-20,2799.3896484375,747.184814453125,161.35955810546875,1523.2425537109375,2439.149658203125,815.7954711914062,1344.365478515625,358.89996337890625,1696.392333984375,2121.956298828125,8066.77685546875,1008.8765258789062,500.90301513671875,3045.547607421875,2435.693359375
2023-03-21,2783.65283203125,749.3131103515625,160.8660430908203,1540.5059814453125,2391.944580078125,831.3516235351562,1331.96240234375,357.14715576171875,1703.57861328125,2152.0673828125,8075.41357421875,1040.2484130859375,503.4595642089844,3009.504638671875,2489.259765625
2023-03-22,2784.388427734375,749.065673828125,157.8376007080078,1536.9461669921875,2405.300048828125,838.9590454101562,1330.5736083984375,357.90509033203125,1701.8818359375,2157.427001953125,8098.9677734375,1043.410888671875,503.170166015625,3033.437255859375,2483.417724609375
2023-03-23,2743.15966796875,755.8465576171875,156.28973388671875,1524.6080322265625,2413.798828125,834.3263549804688,1316.49462890625,360.65277099609375,1676.4805908203125,2150.3134765625,8197.8935546875,1030.2113037109375,494.6802978515625,3027.477783203125,2494.21044921875
2023-03-24,2743.845947265625,754.7576293945312,154.96620178222656,1522.169677734375,2409.622314453125,831.3516235351562,1322.3370361328125,358.80523681640625,1688.9068603515625,2110.84716796875,8089.64404296875,1009.8160400390625,487.54107666015625,3023.45703125,2468.76416015625
2023-03-27,2748.9931640625,754.064697265625,154.7194366455078,1528.802001953125,2427.300048828125,827.7429809570312,1330.2862548828125,360.2264099121094,1701.931640625,2099.007568359375,8124.4345703125,1025.513427734375,492.1719055175781,3025.200927734375,2469.803466796875
2023-03-28,2730.0703125,740.89892578125,152.4761505126953,1541.237548828125,2411.564697265625,833.6435546875,1319.415771484375,359.800048828125,1695.643798828125,2079.12841796875,8056.177734375,1030.302978515625,490.19415283203125,3019.0,2475.6455078125
2023-03-29,2716.392578125,736.0977783203125,152.4761505126953,1548.6502685546875,2458.236328125,829.9861450195312,1325.114501953125,362.6424255371094,1717.7513427734375,2092.62451171875,8141.0693359375,1024.2073974609375,498.2981262207031,3041.28466796875,2490.25
2023-03-31,2707.71533203125,741.443359375,154.47265625,1569.864013671875,2486.889892578125,855.5880126953125,1367.63916015625,363.35308837890625,1729.52880859375,2108.947021484375,8137.978515625,1068.366455078125,505.2926330566406,3106.201171875,2490.101318359375
2023-04-03,2722.76611328125,752.8767700195312,148.03445434570312,1570.8392333984375,2463.335693359375,861.9762573242188,1351.261474609375,358.9947204589844,1742.35400390625,2114.7451171875,8344.95703125,1068.5498046875,508.1869201660156,3100.484619140625,2512.37939453125
2023-04-05,2753.65087890625,755.74755859375,147.18199157714844,1612.97412109375,2508.647216796875,862.7564697265625,1363.425048828125,366.1006774902344,1748.5423583984375,2200.10888671875,8289.998046875,1065.983154296875,504.5690612792969,3139.047119140625,2547.33154296875
2023-04-06,2754.974365234375,758.2223510742188,148.95419311523438,1625.263427734375,2491.649169921875,853.3935546875,1361.8448486328125,367.0008239746094,1753.7322998046875,2216.1875,8358.3046875,1073.1329345703125,509.05523681640625,3120.54052734375,2523.320556640625
2023-04-10,2722.12841796875,761.9840087890625,150.65908813476562,1617.55810546875,2459.498779296875,847.0053100585938,1367.3038330078125,368.13775634765625,1755.9281005859375,2250.732666015625,8376.4609375,1065.5247802734375,507.75274658203125,3161.9130859375,2558.222900390625
2023-04-11,2700.018798828125,766.339599609375,152.13966369628906,1622.2886962890625,2474.6513671875,860.1232299804688,1346.760009765625,375.19635009765625,1842.9609375,2242.74169921875,8498.5478515625,1070.7955322265625,513.3483276367188,3113.85546875,2554.609130859375
2023-04-12,2732.3251953125,763.3203125,151.3320770263672,1643.3560791015625,2456.390625,868.1694946289062,1367.974365234375,372.87506103515625,1840.515625,2230.07373046875,8460.7626953125,1075.5162353515625,509.5858154296875,3140.839111328125,2562.381591796875
2023-04-13,2754.876220703125,759.3112182617188,149.0663604736328,1650.7198486328125,2463.4326171875,876.8009033203125,1330.5257568359375,374.8174133300781,1865.9168701171875,2201.0830078125,8509.587890625,1079.5723876953125,514.16845703125,3089.681396484375,2560.153564453125
2023-04-17,2787.574951171875,751.9859008789062,150.61422729492188,1625.5560302734375,2478.633544921875,879.0441284179688,1205.154541015625,379.1283264160156,1891.5177001953125,2157.4755859375,8513.3662109375,1085.0491943359375,524.8289794921875,3041.865966796875,2579.9072265625
2023-04-18,2798.8505859375,752.0848999023438,150.21043395996094,1618.6798095703125,2468.1435546875,874.7039794921875,1206.16015625,377.56500244140625,1884.6807861328125,2160.009521484375,8570.2890625,1072.6287841796875,526.6138305664062,3033.387939453125,2552.2822265625
2023-04-19,2754.8271484375,756.9354858398438,153.44076538085938,1624.62939453125,2458.96484375,869.8762817382812,1180.1568603515625,377.8019104003906,1881.287353515625,2162.932861328125,8518.568359375,1077.96826171875,521.2593994140625,2993.517822265625,2543.965087890625
2023-04-20,2788.310302734375,764.5082397460938,154.2034912109375,1630.6766357421875,2421.083740234375,872.3145141601562,1171.7286376953125,379.2704772949219,1880.3890380859375,2175.7470703125,8552.6240234375,1075.2412109375,525.600830078125,3008.2451171875,2553.816650390625
2023-04-21,2825.8134765625,757.4799194335938,155.32513427734375,1633.31005859375,2426.280029296875,863.7805786132812,1175.51171875,386.8028259277344,1890.0205078125,2158.64501953125,8399.3271484375,1076.59326171875,524.0089721679688,3062.552001953125,2542.974853515625
2023-04-24,2834.637451171875,752.5797729492188,155.77378845214844,1646.52587890625,2428.0283203125,882.4088745117188,1174.506103515625,387.22918701171875,1893.6136474609375,2171.995361328125,8308.7431640625,1080.7181396484375,535.055419921875,3076.068359375,2603.620849609375
2023-04-25,2841.403076171875,764.80517578125,155.90838623046875,1623.11767578125,2418.9951171875,890.8941040039062,1173.165283203125,389.929443359375,1885.678955078125,2190.558837890625,8311.4423828125,1088.99072265625,542.001708984375,3077.23095703125,2607.23486328125
2023-04-26,2853.168212890625,765.6466674804688,156.58135986328125,1630.5791015625,2438.761474609375,892.3570556640625,1175.703369140625,390.5926818847656,1874.9993896484375,2218.038818359375,8348.736328125,1082.5972900390625,546.391357421875,3098.692138671875,2614.9580078125
2023-04-27,2843.314697265625,778.5650024414062,159.56494140625,1639.55224609375,2398.112060546875,895.6730346679688,1193.61328125,394.14569091796875,1904.94189453125,2246.7373046875,8384.115234375,1089.4490966796875,544.8477783203125,3088.809326171875,2637.1865234375
2023-04-28,2845.667724609375,791.2357788085938,160.43983459472656,1645.9893798828125,2386.796630859375,894.9904174804688,1199.8389892578125,403.1939697265625,1934.33544921875,2304.03564453125,8429.8486328125,1109.363037109375,557.9202270507812,3119.135986328125,2615.7998046875
2023-05-02,2842.922607421875,782.2276611328125,162.0101318359375,1645.648193359375,2381.357177734375,899.3305053710938,1223.4957275390625,402.1517639160156,1917.4678955078125,2323.573974609375,8613.666015625,1118.7816162109375,555.0259399414062,3119.28125,2637.582763671875
2023-05-03,2872.4833984375,771.4375610351562,161.87551879882812,1651.4027099609375,2414.673095703125,900.0619506835938,1215.54638671875,404.70989990234375,1927.2490234375,2296.142578125,8633.736328125,1109.1798095703125,550.3951416015625,3081.00927734375,2627.879150390625
2023-05-04,2924.595703125,781.1387329101562,165.2628936767578,1685.1983642578125,2434.82763671875,898.9403686523438,1219.7606201171875,402.2939147949219,1943.8670654296875,2296.727294921875,8636.974609375,1121.9669189453125,559.560302734375,3120.54052734375,2644.068115234375
2023-05-05,2954.107666015625,779.3568725585938,163.9617919921875,1585.5670166015625,2428.999755859375,904.0607299804688,1205.9207763671875,406.2258605957031,1925.0032958984375,2316.801513671875,8782.2724609375,1119.1024169921875,556.1836547851562,3130.22998046875,2705.95166015625
2023-05-08,2960.48046875,785.7418212890625,164.9712677001953,1603.9033203125,2444.103515625,914.7403564453125,1212.146240234375,408.7840576171875,1955.0955810546875,2305.01025390625,8907.4990234375,1132.9208984375,563.033447265625,3149.51123046875,2724.12060546875
2023-05-09,2975.531005859375,785.5933227539062,164.67962646484375,1603.9522705078125,2443.6181640625,911.3267822265625,1217.03076171875,401.535888671875,1950.5543212890625,2313.73193359375,8942.1435546875,1136.4268798828125,553.2893676757812,3181.1455078125,2721.298828125
2023-05-10,2982.001953125,788.0186157226562,166.96778869628906,1611.36474609375,2450.320068359375,912.93603515625,1209.8955078125,403.0044860839844,1954.94580078125,2304.08447265625,8997.69140625,1144.2413330078125,552.0352172851562,3184.585205078125,2718.3779296875
2023-05-11,3078.431396484375,780.6437377929688,167.14723205566406,1612.437744140625,2518.020263671875,916.0082397460938,1203.0474853515625,398.3145446777344,1954.197265625,2184.906982421875,9088.7177734375,1136.7706298828125,553.2412109375,3180.079833984375,2730.656005859375
2023-05-12,3069.9501953125,783.9600219726562,162.3690643310547,1626.677734375,2548.13037109375,920.5922241210938,1192.607666015625,398.3619079589844,1956.84228515625,2164.39453125,9122.5751953125,1138.6268310546875,557.7755737304688,3172.47412109375,2745.8544921875
2023-05-15,3070.83251953125,789.008544921875,160.17062377929688,1634.48046875,2585.8662109375,922.396484375,1205.2025146484375,405.32574462890625,1969.218505859375,2189.4873046875,9036.1123046875,1140.8726806640625,561.3934326171875,3153.822509765625,2752.141845703125
2023-05-16,3076.813720703125,779.4064331054688,162.5485076904297,1625.1085205078125,2599.124267578125,922.981689453125,1210.901123046875,401.6780700683594,1943.3182373046875,2170.338623046875,8902.6904296875,1124.625244140625,565.6383056640625,3156.826171875,2762.736328125
2023-05-17,3032.05517578125,784.2569580078125,163.64772033691406,1616.3775634765625,2585.380615234375,916.1544799804688,1194.2359619140625,405.1362609863281,1905.4908447265625,2162.932861328125,8949.8486328125,1117.9794921875,565.6383056640625,3108.9140625,2735.160888671875
2023-05-18,3048.3310546875,791.2853393554688,161.83067321777344,1622.83935546875,2552.161865234375,923.1280517578125,1193.3740234375,397.6513366699219,1923.7059326171875,2132.33447265625,8884.9765625,1115.573486328125,553.9647827148438,3100.33935546875,2695.0107421875
2023-05-19,3024.211181640625,797.6207885742188,161.65118408203125,1624.7138671875,2565.662841796875,930.7354125976562,1215.306884765625,397.7934265136719,1937.9285888671875,2134.13720703125,8936.6474609375,1119.194091796875,554.8812866210938,3122.623779296875,2675.010009765625
2023-05-22,3024.652587890625,793.7600708007812,162.2344512939453,1618.942626953125,2562.4091796875,926.8828735351562,1238.1973876953125,402.4360046386719,1936.4813232421875,2160.009521484375,8986.4052734375,1125.1751708984375,556.810791015625,3196.115234375,2685.802734375
2023-05-23,3059.6552734375,791.8792724609375,164.4777374267578,1615.1444091796875,2552.89013671875,929.857666015625,1245.14111328125,406.6048583984375,1917.8172607421875,2141.54296875,9029.6357421875,1124.9688720703125,561.1038818359375,3194.5166015625,2656.9892578125
2023-05-24,3040.928466796875,793.314697265625,162.99716186523438,1594.0328369140625,2539.923095703125,917.4225463867188,1243.8004150390625,410.726318359375,1906.6885986328125,2129.362060546875,9098.3837890625,1118.4149169921875,562.1652221679688,3200.620849609375,2680.5546875
2023-05-25,3062.5478515625,814.3997802734375,162.99716186523438,1587.916259765625,2522.73095703125,916.6422119140625,1249.2596435546875,417.97442626953125,1926.2509765625,2148.4130859375,9109.27734375,1118.2774658203125,560.7662963867188,3191.076904296875,2681.247802734375
2023-05-26,3067.302978515625,809.6976928710938,163.44583129882812,1594.0328369140625,2576.250244140625,927.2242431640625,1261.80615234375,420.29571533203125,1941.322021484375,2161.81201171875,9225.181640625,1148.7786865234375,565.348876953125,3225.375732421875,2715.110595703125
2023-05-29,3076.127197265625,812.96435546875,162.27931213378906,1613.4674072265625,2574.259033203125,924.7373046875,1258.885009765625,425.50677490234375,1949.456298828125,2167.75634765625,9159.966796875,1155.240966796875,574.0316772460938,3217.09228515625,2784.519287109375
2023-05-30,3082.99072265625,810.1926879882812,161.696044921875,1614.7005615234375,2580.329833984375,926.4927978515625,1267.93603515625,428.8909912109375,1970.9151611328125,2154.357421875,9208.8896484375,1154.9429931640625,571.9093017578125,3213.07080078125,2774.865478515625
2023-05-31,3130.59228515625,841.3253784179688,163.08688354492188,1589.1494140625,2591.01416015625,925.7125854492188,1262.620361328125,424.69647216796875,2010.4892578125,2149.338623046875,9193.53125,1132.0040283203125,570.2864379882812,3187.201171875,2795.410888671875
2023-06-01,3177.409912109375,819.5968017578125,163.5579833984375,1582.3917236328125,2620.493408203125,912.9848022460938,1263.769775390625,419.1673278808594,1926.350830078125,2151.43408203125,9154.86328125,1128.9561767578125,573.138671875,3220.62841796875,2799.37158203125
2023-06-02,3174.02734375,828.060546875,161.53903198242188,1584.8580322265625,2638.75390625,914.9841918945312,1260.857666015625,422.6945495605469,1935.0341796875,2177.5009765625,9308.9931640625,1125.2667236328125,577.5152587890625,3202.80078125,2833.432373046875
2023-06-05,3137.259521484375,826.0806884765625,160.08087158203125,1582.786376953125,2618.45361328125,923.3717651367188,1266.1962890625,420.0729675292969,1921.210693359375,2210.389404296875,9403.9443359375,1135.372802734375,577.5152587890625,3186.619873046875,2827.541015625
2023-06-06,3150.005859375,821.0816650390625,159.7892608642578,1577.853759765625,2613.936767578125,918.8366088867188,1241.445068359375,422.12255859375,1955.2952880859375,2219.793212890625,9555.1796875,1136.335205078125,575.6957397460938,3131.7802734375,2853.036865234375
2023-06-07,3161.8203125,835.7322998046875,165.15072631835938,1586.0418701171875,2638.26806640625,916.9835815429688,1251.1029052734375,423.2188720703125,1935.682861328125,2256.384521484375,9527.0126953125,1144.9517822265625,579.4822998046875,3173.055419921875,2878.28564453125
2023-06-08,3149.515380859375,827.5655517578125,162.0101318359375,1587.0283203125,2603.009521484375,914.7403564453125,1245.133544921875,422.2178955078125,1882.8841552734375,2280.55126953125,9479.021484375,1145.63916015625,578.7938232421875,3135.801025390625,2848.630859375
2023-06-09,3139.201171875,825.0907592773438,161.26983642578125,1588.90283203125,2560.5634765625,914.8866577148438,1228.7781982421875,417.9756774902344,1868.4119873046875,2302.67138671875,9448.794921875,1137.52685546875,569.1554565429688,3109.495361328125,2847.88818359375
2023-06-12,3153.216796875,827.9119873046875,166.74343872070312,1579.23486328125,2567.60546875,912.8385009765625,1254.0147705078125,416.5457458496094,1875.8477783203125,2280.2099609375,9372.8837890625,1138.53515625,569.1063232421875,3145.926025390625,2824.471435546875
2023-06-13,3220.43115234375,825.9321899414062,167.61834716796875,1581.8984375,2599.124267578125,920.2508544921875,1266.5360107421875,424.6011657714844,1852.3927001953125,2294.291259765625,9340.5458984375,1155.3555908203125,566.8934326171875,3142.825927734375,2883.78076171875
2023-06-14,3227.685791015625,819.5968017578125,167.59588623046875,1580.1719970703125,2621.31884765625,916.5934448242188,1262.216796875,423.7431640625,1861.0760498046875,2294.9248046875,9355.2666015625,1169.5633544921875,567.0408935546875,3149.947021484375,2878.384521484375
2023-06-15,3251.52197265625,821.3291015625,169.9962158203125,1560.7374267578125,2612.528564453125,903.7193603515625,1249.01611328125,427.175048828125,1829.98583984375,2301.015380859375,9416.4580078125,1169.88427734375,557.1566772460938,3139.4541015625,2879.325439453125
2023-06-16,3273.729248046875,829.347412109375,169.05404663085938,1581.1585693359375,2637.73388671875,911.1317138671875,1253.7236328125,431.94158935546875,1853.8399658203125,2306.374755859375,9425.1435546875,1181.2735595703125,561.8283081054688,3099.04296875,2925.168701171875
2023-06-19,3266.67236328125,819.7947998046875,168.13429260253906,1582.539794921875,2627.5498046875,900.3546142578125,1256.004638671875,432.4182434082031,1821.052978515625,2305.936279296875,9354.7763671875,1169.54052734375,559.4678955078125,3133.69482421875,2939.32763671875
2023-06-20,3275.55517578125,822.8140258789062,167.10238647460938,1585.8446044921875,2620.548583984375,902.6953125,1265.1285400390625,431.7032775878906,1840.4658203125,2321.1865234375,9315.6181640625,1171.9696044921875,558.0418701171875,3150.58154296875,2944.67431640625
2023-06-21,3272.9892578125,830.5353393554688,167.2593994140625,1613.5660400390625,2621.0380859375,901.8663330078125,1261.197509765625,426.1741027832031,1842.0128173828125,2333.318359375,9265.3203125,1175.26953125,557.0090942382812,3180.352783203125,2941.802978515625
2023-06-22,3205.82373046875,834.2969970703125,167.5286102294922,1621.458251953125,2599.249755859375,902.8903198242188,1243.9202880859375,426.7460632324219,1832.580810546875,2354.56201171875,9228.2236328125,1162.06982421875,553.6652221679688,3161.123046875,2940.96142578125
2023-06-23,3254.828125,846.1759033203125,161.337158203125,1621.359619140625,2586.7646484375,900.6959838867188,1227.8560791015625,423.9814758300781,1825.04541015625,2328.543701171875,9153.8818359375,1152.559814453125,545.4529418945312,3139.50244140625,2910.16796875
2023-06-26,3265.142333984375,843.3546752929688,160.75387573242188,1613.5167236328125,2597.04638671875,904.5484008789062,1233.049072265625,424.8871765136719,1819.4559326171875,2316.850341796875,9294.1259765625,1143.760009765625,547.8624877929688,3113.4404296875,2953.33642578125
2023-06-27,3282.760498046875,856.1740112304688,161.6736297607422,1636.2562255859375,2596.312255859375,912.9848022460938,1241.5906982421875,424.315185546875,1841.164306640625,2327.08203125,9285.095703125,1144.172607421875,556.7632446289062,3120.95654296875,2956.416259765625
2023-06-28,3304.72119140625,863.4003295898438,163.93934631347656,1653.56982421875,2606.00634765625,914.3014526367188,1255.373779296875,428.3667297363281,1837.0224609375,2359.62939453125,9363.265625,1159.320068359375,560.4022216796875,3138.6240234375,3008.47705078125
2023-06-30,3318.341552734375,869.88427734375,163.6252899169922,1678.4796142578125,2622.5556640625,911.5217895507812,1296.2861328125,430.51165771484375,1843.0108642578125,2412.348388671875,9607.046875,1168.8302001953125,563.4019165039062,3223.350341796875,3027.900146484375
2023-07-03,3315.035400390625,870.2802124023438,168.38104248046875,1696.6318359375,2644.98046875,919.2755126953125,1294.538818359375,441.61761474609375,1840.415771484375,2391.39697265625,9493.1552734375,1198.8272705078125,575.7941284179688,3194.11572265625,3018.61083984375
2023-07-04,3304.178466796875,856.4214477539062,168.98672485351562,1704.9185791015625,2643.9521484375,921.3724365234375,1305.65283203125,444.5728454589844,1858.1317138671875,2398.998046875,9468.03125,1186.4754638671875,579.5314331054688,3229.792724609375,3054.72509765625
2023-07-05,3330.531005859375,857.9063720703125,173.42845153808594,1650.7581787109375,2698.642822265625,934.3440551757812,1307.7396240234375,452.91424560546875,1861.2757568359375,2407.719482421875,9806.517578125,1184.527587890625,580.8591918945312,3240.627197265625,3079.761962890625
2023-07-06,3355.2060546875,860.8760986328125,176.45687866210938,1652.435302734375,2699.866943359375,935.70947265625,1304.439453125,451.7702941894531,1873.701904296875,2425.065185546875,9676.0888671875,1209.3914794921875,582.7278442382812,3243.5068359375,3086.269287109375
2023-07-07,3300.230224609375,861.6680297851562,175.7165985107422,1638.031982421875,2642.091552734375,923.030517578125,1291.1417236328125,446.5271301269531,1849.947509765625,2386.8173828125,9667.109375,1207.0311279296875,583.8096923828125,3249.705322265625,3123.625732421875
2023-07-10,3299.6875,876.4672241210938,173.2714385986328,1634.1351318359375,2601.404296875,924.9811401367188,1290.12255859375,444.09619140625,1863.32177734375,2376.487548828125,9555.27734375,1253.527587890625,582.826171875,3193.7744140625,3025.81396484375
2023-07-11,3348.445068359375,882.9016723632812,175.38009643554688,1626.193603515625,2628.77392578125,921.6162719726562,1309.0013427734375,451.0552978515625,1863.0223388671875,2411.373779296875,9716.08203125,1267.11669921875,578.8429565429688,3194.21337890625,3067.59130859375
2023-07-12,3362.460693359375,880.9713134765625,173.2714385986328,1610.95166015625,2618.149169921875,921.0798950195312,1294.1507568359375,450.2449645996094,1874.5003662109375,2392.27392578125,9652.9267578125,1268.5146484375,579.5314331054688,3182.011962890625,3076.43359375
2023-07-13,3354.3671875,876.1206665039062,170.287841796875,1618.991943359375,2599.592529296875,932.100830078125,1325.0169677734375,449.9590148925781,1866.1163330078125,2387.596435546875,9468.177734375,1257.1712646484375,575.9908447265625,3260.735107421875,3074.689208984375
2023-07-14,3385.16162109375,877.5560913085938,170.287841796875,1622.34619140625,2621.33154296875,936.3433837890625,1384.0802001953125,450.8169860839844,1865.417724609375,2409.13232421875,9425.0947265625,1256.1171875,574.761474609375,3430.67529296875,3045.58447265625
2023-07-17,3415.412841796875,869.2408447265625,171.27488708496094,1656.28271484375,2626.031982421875,944.77978515625,1381.168212890625,450.29266357421875,1893.4140625,2405.770751953125,9509.3974609375,1281.7830810546875,591.1859741210938,3408.273681640625,3023.556396484375
2023-07-18,3467.7734375,866.6175537109375,170.01864624023438,1654.901611328125,2627.109375,951.3630981445312,1431.884033203125,450.4356384277344,1887.225830078125,2411.52001953125,9485.9423828125,1292.6680908203125,582.580322265625,3413.30078125,2986.67724609375
2023-07-19,3468.957763671875,861.9649658203125,172.5311279296875,1662.399169921875,2616.141845703125,949.4125366210938,1431.6412353515625,456.4891357421875,1902.9456787109375,2430.47314453125,9428.9208984375,1302.4761962890625,591.5302734375,3387.14111328125,2985.879638671875
2023-07-20,3480.16015625,875.9227294921875,174.05657958984375,1666.0,2647.134521484375,971.0155639648438,1406.9388427734375,469.1680908203125,1953.1492919921875,2426.136962890625,9590.8046875,1300.89892578125,599.9884033203125,3389.343017578125,2979.550537109375
2023-07-21,3471.968017578125,877.0610961914062,175.26792907714844,1653.1751708984375,2549.94482421875,972.3809814453125,1292.5006103515625,467.5474853515625,1966.423828125,2520.22216796875,9588.400390625,1260.628173828125,604.955078125,3296.371826171875,2966.593017578125
2023-07-24,3497.6298828125,879.189453125,174.77439880371094,1655.7894287109375,2526.68798828125,967.5044555664062,1297.353759765625,449.33935546875,1893.6136474609375,2538.73681640625,9514.5498046875,1235.130126953125,607.4630737304688,3322.256591796875,2969.4833984375
2023-07-25,3356.193115234375,874.73486328125,173.36114501953125,1673.7442626953125,2514.839111328125,970.1377563476562,1295.4124755859375,440.71197509765625,1871.9052734375,2495.51904296875,9577.162109375,1234.335693359375,599.5457763671875,3326.56298828125,3019.12109375
2023-07-26,3329.149169921875,880.4268798828125,173.72007751464844,1667.9237060546875,2529.674560546875,971.8446044921875,1309.2440185546875,450.1973571777344,1891.66748046875,2578.690185546875,9574.955078125,1254.396484375,605.0043334960938,3315.944580078125,2998.53857421875
2023-07-27,3325.595947265625,886.1187744140625,170.1532440185547,1650.6102294921875,2516.50390625,965.7976684570312,1313.4178466796875,443.33355712890625,1870.15869140625,2592.28369140625,9572.255859375,1242.7274169921875,606.3811645507812,3324.36083984375,2992.308837890625
2023-07-28,3346.619140625,886.0692749023438,167.55104064941406,1621.359619140625,2530.947509765625,971.6007690429688,1301.1392822265625,446.5747985839844,1873.252685546875,2581.906005859375,9490.50390625,1255.2158203125,605.889404296875,3283.7470703125,2977.258056640625
2023-07-31,3333.44287109375,880.9218139648438,169.3680877685547,1628.955810546875,2507.6416015625,973.64892578125,1315.892822265625,443.9532165527344,1852.99169921875,2612.894287109375,9638.1572265625,1265.842041015625,609.9710083007812,3348.38671875,2994.25244140625
2023-08-01,3299.489990234375,882.6541137695312,169.3680877685547,1639.8570556640625,2498.14306640625,969.991455078125,1325.114013671875,443.0952453613281,1846.4542236328125,2622.038330078125,9536.091796875,1247.941162109375,601.7586669921875,3378.33349609375,2992.109375
2023-08-02,3319.180419921875,869.2408447265625,165.59938049316406,1618.4000244140625,2515.622314453125,962.5791015625,1317.0091552734375,438.6147155761719,1820.20458984375,2601.6982421875,9474.3115234375,1234.6087646484375,588.5797119140625,3367.1767578125,2967.440185546875
2023-08-03,3292.975830078125,862.9053955078125,165.10586547851562,1606.709716796875,2498.3388671875,941.171142578125,1324.2403564453125,434.7537841796875,1819.7554931640625,2577.8359375,9454.400390625,1229.419677734375,580.7608642578125,3327.345703125,2892.635009765625
2023-08-04,3296.232666015625,880.67431640625,161.696044921875,1629.9423828125,2493.149169921875,946.5353393554688,1337.8778076171875,433.7052307128906,1836.4871826171875,2606.4111328125,9381.7861328125,1246.12890625,563.844482421875,3370.0146484375,2894.92724609375
2023-08-07,3299.53955078125,882.4066772460938,161.8082275390625,1629.0052490234375,2515.867431640625,951.5582275390625,1352.0977783203125,433.6575012207031,1829.5447998046875,2615.341064453125,9434.685546875,1253.2296142578125,558.5336303710938,3409.64990234375,2895.126953125
2023-08-08,3304.523681640625,876.4672241210938,160.552001953125,1627.6734619140625,2512.587158203125,963.6045532226562,1349.3797607421875,431.22662353515625,1825.9986572265625,2611.669921875,9453.2607421875,1245.681884765625,563.6477661132812,3396.487548828125,2911.722412109375
2023-08-09,3287.6953125,874.7843017578125,161.6736297607422,1628.2652587890625,2499.220458984375,964.397705078125,1353.4566650390625,437.232421875,1829.494873046875,2630.918701171875,9374.5537109375,1253.89990234375,564.287109375,3388.56005859375,2946.25927734375
2023-08-10,3195.805419921875,865.97412109375,162.70553588867188,1613.8126220703125,2484.0419921875,955.87109375,1348.312255859375,430.6546325683594,1798.87841796875,2622.8818359375,9309.666015625,1259.486083984375,564.1887817382812,3368.595947265625,2978.802978515625
2023-08-11,3143.93896484375,865.7254638671875,162.20651245117188,1596.992431640625,2449.86669921875,944.7171020507812,1331.5687255859375,427.7947082519531,1789.4886474609375,2617.9208984375,9269.2978515625,1264.7991943359375,564.6805419921875,3375.15283203125,3007.409423828125
2023-08-14,3160.96484375,862.244873046875,161.7528533935547,1589.1988525390625,2480.516845703125,951.3599243164062,1352.6317138671875,428.2237243652344,1792.1357421875,2639.15380859375,9234.427734375,1279.74560546875,551.5506591796875,3376.180419921875,3000.830810546875
2023-08-16,3152.52587890625,852.2008666992188,162.3652801513672,1584.56201171875,2499.612060546875,948.3359375,1376.848876953125,429.22467041015625,1784.244384765625,2670.06103515625,9331.4111328125,1278.7027587890625,556.025634765625,3384.5478515625,3001.279541015625
2023-08-17,3141.865966796875,851.9522705078125,161.934326171875,1575.7821044921875,2490.456298828125,943.5274047851562,1370.10302734375,420.4066162109375,1763.766845703125,2631.811767578125,9287.5751953125,1260.255859375,562.7135009765625,3362.381591796875,3061.731689453125
2023-08-18,3122.422119140625,851.5047607421875,160.0969696044922,1569.3201904296875,2501.71728515625,942.535888671875,1348.0211181640625,421.0262756347656,1748.88330078125,2621.343994140625,9367.5693359375,1269.591064453125,563.5003051757812,3295.197509765625,3040.5009765625
2023-08-21,3140.9287109375,867.1177368164062,159.7113494873047,1568.0870361328125,2509.55126953125,947.0470581054688,1364.133544921875,426.8890686035156,1758.4227294921875,2641.485595703125,9350.4814453125,1255.738037109375,562.2709350585938,3329.009765625,3068.26025390625
2023-08-22,3138.362060546875,872.7861328125,157.37501525878906,1561.378662109375,2512.537841796875,943.8743896484375,1362.5321044921875,433.0378723144531,1761.169677734375,2657.906494140625,9403.0849609375,1255.43896484375,559.1236572265625,3309.92578125,3065.569091796875
2023-08-23,3127.604248046875,863.3388061523438,156.42233276367188,1565.22607421875,2520.61669921875,958.5975952148438,1366.608642578125,429.41534423828125,1778.1011962890625,2696.404052734375,9511.1142578125,1256.8343505859375,567.3851928710938,3325.68212890625,3059.9873046875
2023-08-24,3183.66552734375,864.631591796875,159.34844970703125,1558.0245361328125,2527.667236328125,960.6796875,1381.7991943359375,429.84429931640625,1779.0001220703125,2667.18359375,9484.119140625,1235.7060546875,567.434326171875,3315.40625,3051.216064453125
2023-08-25,3216.92724609375,868.6591186523438,158.89479064941406,1540.4642333984375,2510.33447265625,962.1173706054688,1378.4019775390625,422.6468811035156,1776.9024658203125,2617.821533203125,9416.755859375,1230.00048828125,560.5498046875,3309.093994140625,3057.196533203125
2023-08-28,3217.322265625,865.5265502929688,161.18576049804688,1556.495361328125,2502.6474609375,962.2660522460938,1374.0826416015625,420.7879638671875,1788.389892578125,2674.32763671875,9507.89453125,1217.741943359375,563.4019165039062,3303.467041015625,3038.607421875
2023-08-29,3242.984130859375,850.4605712890625,161.86624145507812,1568.8763427734375,2473.7109375,959.4899291992188,1376.02392578125,419.54864501953125,1781.1478271484375,2697.743408203125,9531.224609375,1206.0816650390625,565.3689575195312,3304.053955078125,3069.356689453125
2023-08-30,3251.8671875,852.9963989257812,159.666015625,1557.4324951171875,2479.390625,950.7155151367188,1393.0101318359375,422.12255859375,1772.956787109375,2687.87109375,9704.7353515625,1204.935546875,558.0418701171875,3318.5380859375,3072.1474609375
2023-08-31,3213.769287109375,851.6539306640625,154.4942626953125,1550.2801513671875,2453.049072265625,950.5667724609375,1393.30126953125,419.1673278808594,1756.824462890625,2681.6201171875,9910.1943359375,1199.42919921875,552.0916137695312,3285.117431640625,3094.324951171875
2023-09-01,3217.174560546875,861.1510009765625,156.150146484375,1553.4864501953125,2452.80419921875,960.4318237304688,1401.45458984375,420.4542541503906,1769.160888671875,2681.02490234375,10234.5810546875,1202.2445068359375,560.1563720703125,3307.0390625,3106.634765625
2023-09-04,3193.486328125,860.5045776367188,156.37696838378906,1563.203857421875,2449.474853515625,959.0933227539062,1422.0806884765625,417.070068359375,1760.2706298828125,2689.95458984375,10265.4892578125,1201.2728271484375,566.057373046875,3345.5,3090.1884765625
2023-09-05,3181.395751953125,861.1012573242188,158.8721160888672,1553.683837890625,2455.007568359375,960.1343994140625,1435.4754638671875,422.4085693359375,1769.111083984375,2711.634033203125,10166.0771484375,1207.701171875,563.5494384765625,3356.1181640625,3125.921630859375
2023-09-06,3183.36962890625,875.4214477539062,160.2104034423828,1574.0062255859375,2471.115966796875,949.3274536132812,1434.0679931640625,426.5554504394531,1768.3619384765625,2709.153564453125,10083.6064453125,1210.242431640625,561.0906982421875,3356.65625,3165.691650390625
2023-09-07,3204.14599609375,870.4491577148438,160.86822509765625,1589.1494140625,2455.39892578125,957.4078979492188,1423.1483154296875,425.0777893066406,1787.0413818359375,2824.19921875,10184.5537109375,1211.8868408203125,569.4996948242188,3381.46484375,3162.4521484375
2023-09-08,3195.95361328125,880.940673828125,164.20263671875,1601.5303955078125,2461.617431640625,962.2660522460938,1426.448486328125,421.9795837402344,1791.2366943359375,2878.968994140625,10235.3232421875,1219.95947265625,573.8271484375,3368.399658203125,3188.66650390625
2023-09-11,3217.026123046875,885.8632202148438,165.01919555664062,1609.8172607421875,2483.60107421875,969.9003295898438,1433.097412109375,426.3171081542969,1805.920654296875,2871.62646484375,10435.2841796875,1233.1148681640625,581.9410400390625,3406.322265625,3202.820068359375
2023-09-12,3214.50927734375,885.4655151367188,158.05551147460938,1614.8485107421875,2446.97802734375,982.0457763671875,1457.0235595703125,430.0826416015625,1809.217041015625,2921.137451171875,10405.3173828125,1215.30029296875,578.6463012695312,3504.333740234375,3175.40966796875
2023-09-13,3235.137451171875,910.0783081054688,161.32186889648438,1621.7542724609375,2454.51806640625,981.3517456054688,1454.3543701171875,432.32293701171875,1822.6024169921875,2884.07861328125,10375.4013671875,1221.379638671875,586.6127319335938,3491.66064453125,3252.55712890625
2023-09-14,3198.125244140625,909.8794555664062,162.7509002685547,1620.7677001953125,2448.88720703125,979.2696533203125,1462.70166015625,428.9386901855469,1819.5557861328125,2895.836181640625,10390.0126953125,1222.5008544921875,587.4486694335938,3484.027099609375,3250.71337890625
2023-09-15,3155.091796875,930.9619750976562,159.80209350585938,1639.36376953125,2418.4326171875,983.9791259765625,1467.2152099609375,427.4134216308594,1811.9141845703125,2885.864501953125,10426.765625,1224.7681884765625,588.9239501953125,3521.46044921875,3238.0048828125
2023-09-18,3164.61669921875,915.100341796875,163.4767608642578,1607.1043701171875,2436.989501953125,981.7483520507812,1447.9967041015625,430.94061279296875,1796.381103515625,2897.076416015625,10423.64453125,1214.1043701171875,593.989013671875,3529.142578125,3328.6083984375
2023-09-20,3172.56201171875,905.6530151367188,159.93820190429688,1542.6346435546875,2415.64208984375,978.724365234375,1446.4921875,431.7986145019531,1787.4908447265625,2867.459228515625,10249.935546875,1187.046142578125,591.1859741210938,3529.044921875,3295.865478515625
2023-09-21,3202.023681640625,912.86279296875,161.16310119628906,1532.424072265625,2422.007080078125,951.112060546875,1457.654541015625,426.60308837890625,1753.77783203125,2876.736328125,10188.0703125,1178.4005126953125,578.4496459960938,3508.73779296875,3293.72265625
2023-09-22,3232.275390625,906.34912109375,159.666015625,1509.0433349609375,2430.918212890625,942.1888427734375,1452.218994140625,422.4085693359375,1754.5269775390625,2895.737060546875,10436.5732421875,1173.4921875,588.28466796875,3526.6962890625,3263.8203125
2023-09-25,3280.046142578125,905.3546752929688,159.64332580566406,1510.3751220703125,2424.455322265625,948.1871948242188,1430.864990234375,421.931884765625,1782.4464111328125,2879.86181640625,10489.126953125,1166.2667236328125,584.2522583007812,3500.76171875,3273.239501953125
2023-09-26,3249.991943359375,907.6419067382812,159.52989196777344,1516.935546875,2427.49072265625,940.6025390625,1417.7613525390625,421.7889099121094,1762.1685791015625,2889.83349609375,10457.8720703125,1167.2882080078125,584.5965576171875,3509.12939453125,3251.959228515625
2023-09-27,3258.875,915.1500244140625,158.32769775390625,1506.281005859375,2449.8173828125,935.05029296875,1423.9248046875,428.1760559082031,1763.217529296875,2941.923828125,10580.810546875,1180.443603515625,580.023193359375,3512.652587890625,3204.06591796875
2023-09-28,3129.134033203125,920.5201416015625,156.03672790527344,1503.1734619140625,2409.277099609375,934.5545654296875,1397.1837158203125,420.1683044433594,1731.3023681640625,2986.523193359375,10466.490234375,1163.1025390625,580.2199096679688,3461.224365234375,3146.952880859375
2023-09-29,3119.954833984375,921.2659912109375,157.23892211914062,1505.738525390625,2414.41796875,943.7752685546875,1393.30126953125,423.6478576660156,1733.7996826171875,2999.9677734375,10511.31640625,1168.5340576171875,588.6780395507812,3453.248779296875,3138.530517578125
2023-10-03,3125.679443359375,920.1720581054688,154.85720825195312,1487.734375,2417.6494140625,932.2742309570312,1391.893798828125,419.2149963378906,1725.1593017578125,3049.280029296875,10250.0849609375,1155.1544189453125,593.0054931640625,3438.813720703125,3185.82568359375
2023-10-04,3128.689453125,919.1278686523438,154.85720825195312,1508.9447021484375,2455.790771484375,922.1116943359375,1401.93994140625,415.7354431152344,1720.1646728515625,3004.134765625,10035.064453125,1153.1611328125,576.5809326171875,3462.203369140625,3156.322021484375
2023-10-05,3164.567138671875,923.702392578125,156.2635498046875,1515.0611572265625,2467.247802734375,932.8195190429688,1420.47900390625,415.6877746582031,1732.351318359375,3071.902099609375,10114.6142578125,1153.1363525390625,582.3836669921875,3512.701416015625,3206.009521484375
2023-10-06,3154.203857421875,920.9179077148438,157.51112365722656,1513.3841552734375,2447.51611328125,937.1324462890625,1435.28125,421.5028991699219,1741.99072265625,3069.570556640625,10205.6533203125,1155.0797119140625,584.448974609375,3544.06640625,3298.955322265625
2023-10-09,3111.812255859375,919.4262084960938,154.24476623535156,1495.8238525390625,2459.169189453125,930.5887451171875,1432.1265869140625,419.8822937011719,1717.417724609375,3050.718505859375,10148.939453125,1145.238037109375,575.4498901367188,3560.655029296875,3256.84326171875
2023-10-10,3110.52880859375,943.0942993164062,154.4262237548828,1504.3079833984375,2463.967529296875,943.0812377929688,1451.2484130859375,423.6478576660156,1754.1773681640625,3052.008544921875,10277.9208984375,1150.2958984375,581.8919067382812,3551.40673828125,3258.53759765625
2023-10-11,3122.767822265625,950.3041381835938,155.40158081054688,1518.8592529296875,2503.3330078125,944.9649658203125,1450.520263671875,427.31805419921875,1769.460693359375,3064.609375,10314.673828125,1168.5589599609375,578.6463012695312,3532.8125,3269.80078125
2023-10-12,3118.030517578125,945.0831909179688,158.1916046142578,1528.97119140625,2503.92041015625,946.1051635742188,1422.4688720703125,429.6536865234375,1761.9188232421875,3057.713623046875,10481.8955078125,1170.7265625,576.3842163085938,3466.90087890625,3274.2861328125
2023-10-13,3107.864013671875,948.9119262695312,157.7379608154297,1515.0611572265625,2516.112060546875,943.1803588867188,1389.1275634765625,427.4134216308594,1760.0709228515625,3065.50244140625,10627.1728515625,1170.6767578125,566.6475219726562,3494.596435546875,3273.040283203125
2023-10-16,3071.591796875,941.3042602539062,157.53379821777344,1508.9940185546875,2505.193603515625,943.279541015625,1392.0394287109375,427.9853820800781,1747.8343505859375,3077.70654296875,10604.337890625,1168.0606689453125,566.15576171875,3448.795654296875,3290.632568359375
2023-10-17,3073.072265625,948.364990234375,160.91357421875,1520.437744140625,2503.08837890625,945.7581787109375,1400.0955810546875,432.2752380371094,1769.6104736328125,3042.38427734375,10650.205078125,1173.6417236328125,566.9425659179688,3432.15869140625,3297.65966796875
2023-10-18,3056.19482421875,947.5693359375,158.8721160888672,1499.2767333984375,2495.35205078125,935.6947631835938,1398.2515869140625,430.5592956542969,1751.4803466796875,3021.845703125,10687.5029296875,1158.069580078125,563.2052612304688,3412.781982421875,3272.04345703125
2023-10-19,3061.47509765625,937.7242431640625,160.4599151611328,1494.5413818359375,2495.205322265625,927.7630615234375,1391.55419921875,429.3676452636719,1736.546630859375,3030.576904296875,10670.9091796875,1149.1746826171875,561.7791748046875,3390.606689453125,3273.937255859375
2023-10-20,3065.472412109375,939.9617919921875,157.14817810058594,1502.28564453125,2443.3544921875,924.7886962890625,1385.342041015625,417.8326721191406,1767.66259765625,2988.85498046875,10625.291015625,1145.6617431640625,553.812744140625,3428.77490234375,3255.54736328125
2023-10-23,3032.0625,934.094482421875,155.51499938964844,1485.7613525390625,2431.9462890625,922.0125732421875,1367.2882080078125,415.5447692871094,1738.84423828125,2935.2265625,10454.900390625,1127.7723388671875,543.8301391601562,3345.96337890625,3209.2490234375
2023-10-25,3021.0078125,917.4869995117188,154.22207641601562,1476.3399658203125,2425.875,908.28076171875,1347.0341796875,412.4942321777344,1726.158203125,2893.355712890625,10489.76953125,1125.15625,547.0265502929688,3326.290771484375,3177.453125
2023-10-26,2921.814697265625,900.4818115234375,151.97645568847656,1443.6859130859375,2424.993408203125,900.8944091796875,1336.6121826171875,414.0671691894531,1692.994384765625,2842.257568359375,10326.6123046875,1109.484375,537.978271484375,3273.945068359375,3090.68701171875
2023-10-27,2916.7314453125,909.5313110351562,151.95376586914062,1449.3583984375,2430.526611328125,904.9594116210938,1357.1612548828125,413.49517822265625,1700.8358154296875,2879.266357421875,10461.8837890625,1129.0679931640625,551.8949584960938,3287.877685546875,3110.52197265625
2023-10-30,2928.5263671875,921.1168212890625,157.37501525878906,1465.093505859375,2427.441650390625,917.0056762695312,1353.9166259765625,410.34930419921875,1715.61962890625,2903.52587890625,10300.4091796875,1152.3389892578125,555.8781127929688,3314.958251953125,3106.285888671875
2023-10-31,2956.75439453125,909.33251953125,158.4411163330078,1456.609375,2432.435791015625,907.5371704101562,1345.411865234375,408.3949890136719,1737.4957275390625,2906.204833984375,10295.0595703125,1140.08056640625,556.2223510742188,3305.342529296875,3179.2470703125
2023-11-01,2896.399169921875,908.3877563476562,161.91163635253906,1454.6363525390625,2420.929931640625,906.248291015625,1331.4012451171875,408.1090393066406,1722.5120849609375,2872.718017578125,10132.048828125,1144.814453125,557.058349609375,3267.959228515625,3163.050048828125
2023-11-02,2916.97802734375,918.7301025390625,163.56748962402344,1456.85595703125,2453.0380859375,912.0979614257812,1347.132568359375,411.0165710449219,1735.7974853515625,2895.340087890625,10207.189453125,1156.1759033203125,562.664306640625,3296.85546875,3191.05859375
2023-11-03,2944.267333984375,925.5918579101562,163.99847412109375,1463.76171875,2475.183349609375,925.8297119140625,1365.715087890625,413.0185241699219,1731.3524169921875,2888.54345703125,10180.14453125,1155.9267578125,568.6145629882812,3287.82861328125,3263.8203125
2023-11-06,2995.136962890625,933.9950561523438,166.15335083007812,1474.3668212890625,2463.493896484375,937.3803100585938,1379.7257080078125,415.0204772949219,1738.2947998046875,2952.24267578125,10188.6142578125,1165.544189453125,564.877197265625,3316.6259765625,3256.394775390625
2023-11-07,2999.141357421875,931.9564208984375,169.1248321533203,1467.2144775390625,2462.556884765625,940.0076293945312,1380.7088623046875,412.4942321777344,1749.3326416015625,2938.203125,10157.3603515625,1157.9698486328125,570.1881103515625,3307.01025390625,3259.534423828125
2023-11-08,3060.34326171875,931.55859375,174.2965850830078,1471.4566650390625,2485.14599609375,927.7630615234375,1367.63232421875,416.5457458496094,1744.338134765625,2973.078857421875,10225.7138671875,1163.9993896484375,570.7290649414062,3317.901611328125,3301.048583984375
2023-11-09,3045.462890625,927.1829833984375,174.00169372558594,1465.6361083984375,2443.074951171875,929.349365234375,1351.7044677734375,414.11480712890625,1743.03955078125,3001.257568359375,10303.0341796875,1151.3673095703125,568.8112182617188,3284.44384765625,3273.040283203125
2023-11-10,3041.755126953125,930.3155517578125,174.228515625,1471.4072265625,2452.79150390625,930.5887451171875,1345.8543701171875,416.1643981933594,1743.5389404296875,3009.592041015625,10291.591796875,1153.534912109375,569.9422607421875,3270.70703125,3245.729736328125
2023-11-13,3050.80224609375,929.8182983398438,175.6121826171875,1468.74365234375,2444.50537109375,926.4741821289062,1350.4754638671875,415.64007568359375,1746.2860107421875,3024.72314453125,10301.1025390625,1153.385498046875,571.76171875,3268.8427734375,3254.102294921875
2023-11-15,3081.056884765625,944.7351684570312,178.08462524414062,1484.133544921875,2452.643310546875,933.0673828125,1386.8046875,421.312255859375,1767.562744140625,3041.044677734375,10358.212890625,1174.2396240234375,575.0565185546875,3340.2236328125,3285.200439453125
2023-11-16,3094.997802734375,944.2876586914062,180.8519744873047,1488.0302734375,2457.378173828125,928.0109252929688,1420.6268310546875,418.1663513183594,1770.9090576171875,3027.352294921875,10386.396484375,1176.357421875,575.00732421875,3432.0126953125,3325.06982421875
2023-11-17,3133.16259765625,942.0501098632812,177.04122924804688,1484.8240966796875,2494.4677734375,913.981689453125,1413.4002685546875,418.73834228515625,1762.6680908203125,3084.751220703125,10425.0322265625,1173.7911376953125,553.7635498046875,3436.52587890625,3327.960693359375
2023-11-20,3104.9345703125,956.072021484375,177.83514404296875,1484.9227294921875,2472.421142578125,913.5851440429688,1412.4661865234375,416.4027099609375,1768.611572265625,3064.708740234375,10467.3818359375,1170.70166015625,554.4520263671875,3453.353515625,3334.937744140625
2023-11-21,3097.914794921875,965.4696044921875,176.02049255371094,1497.5008544921875,2471.237548828125,918.1954345703125,1414.825927734375,415.8784484863281,1765.26513671875,3050.86767578125,10436.5732421875,1185.4266357421875,552.2391357421875,3444.130126953125,3383.379150390625
2023-11-22,3097.667236328125,964.375732421875,182.4171142578125,1492.1737060546875,2487.661376953125,914.8740234375,1433.3101806640625,419.1673278808594,1743.7388916015625,3058.259521484375,10396.3525390625,1190.0609130859375,549.731201171875,3463.70458984375,3418.663818359375
2023-11-23,3087.730712890625,971.2374877929688,186.59078979492188,1500.805908203125,2485.6884765625,915.1218872070312,1424.9036865234375,419.7869873046875,1737.3958740234375,3021.895263671875,10390.359375,1193.6986083984375,550.7147216796875,3442.217041015625,3397.28369140625
2023-11-24,3100.78173828125,967.7568969726562,186.2732391357422,1511.4603271484375,2481.05224609375,921.46728515625,1413.2528076171875,417.35601806640625,1742.090576171875,3030.42822265625,10417.255859375,1192.9012451171875,551.1080932617188,3392.02978515625,3385.87109375
2023-11-28,3112.844482421875,979.4417724609375,192.57911682128906,1508.056884765625,2476.465576171875,917.6005859375,1418.4637451171875,414.9251403808594,1740.342529296875,3026.21142578125,10438.9501953125,1193.150390625,555.1405029296875,3404.833984375,3431.172607421875
2023-11-29,3112.844482421875,989.8836059570312,194.4617919921875,1538.14599609375,2490.7685546875,931.5802001953125,1435.079833984375,416.7840881347656,1751.5302734375,3059.697998046875,10500.0732421875,1196.289794921875,559.2219848632812,3447.613525390625,3418.115478515625
2023-11-30,3084.715087890625,1009.0765991210938,197.66012573242188,1537.8006591796875,2510.990478515625,926.9699096679688,1430.70458984375,415.4494323730469,1753.528076171875,3084.949462890625,10509.4345703125,1184.7041015625,555.435546875,3421.95556640625,3479.215576171875
2023-12-01,3137.611572265625,1009.0765991210938,198.7035369873047,1534.446533203125,2528.844482421875,938.61962890625,1427.9024658203125,428.7956848144531,1748.58349609375,3165.76416015625,10486.650390625,1193.1007080078125,562.320068359375,3445.552978515625,3478.119140625
2023-12-04,3158.5234375,1027.17578125,209.3645782470703,1587.718994140625,2566.969970703125,982.7398071289062,1439.75,432.84722900390625,1816.55908203125,3287.705810546875,10500.271484375,1206.0068359375,584.8916015625,3446.33740234375,3477.022705078125
2023-12-05,3189.86572265625,1025.3857421875,214.21875,1601.8262939453125,2528.449951171875,1004.7998657226562,1429.5247802734375,430.6546325683594,1826.4481201171875,3289.5908203125,10621.576171875,1214.752197265625,598.2180786132812,3465.127685546875,3533.7373046875
2023-12-06,3215.869384765625,1018.7725219726562,214.5136260986328,1605.8712158203125,2532.790283203125,994.6869506835938,1449.532958984375,441.61761474609375,1819.4058837890625,3365.841552734375,10526.3251953125,1226.3876953125,598.414794921875,3536.262939453125,3535.331787109375
2023-12-07,3215.127685546875,994.4580688476562,215.35292053222656,1608.4853515625,2484.06103515625,990.4732055664062,1441.2740478515625,436.7081298828125,1824.849853515625,3329.427978515625,10596.5625,1224.3695068359375,601.6112060546875,3546.859619140625,3573.706298828125
2023-12-08,3195.551025390625,994.7066650390625,213.4248504638672,1630.928955078125,2488.05615234375,1002.2220458984375,1466.099853515625,428.1760559082031,1836.4371337890625,3352.099609375,10519.1923828125,1223.7216796875,604.0208129882812,3558.437255859375,3622.795654296875
2023-12-11,3196.539794921875,995.3033447265625,211.17921447753906,1628.758544921875,2469.6591796875,1008.418701171875,1463.4942626953125,431.3219299316406,1842.0311279296875,3359.392333984375,10443.111328125,1225.515625,604.119140625,3574.33251953125,3618.659423828125
2023-12-12,3188.382568359375,989.734375,212.6282501220703,1612.5794677734375,2468.771240234375,1007.0307006835938,1451.2535400390625,431.94158935546875,1822.3526611328125,3316.33056640625,10241.6640625,1207.92529296875,602.2996826171875,3602.98291015625,3559.751953125
2023-12-13,3207.069580078125,994.358642578125,212.60450744628906,1608.9293212890625,2477.797119140625,1005.2460327148438,1424.657958984375,434.3725280761719,1824.2005615234375,3373.283203125,10282.923828125,1212.8585205078125,609.626708984375,3525.91162109375,3590.601318359375
2023-12-14,3204.795654296875,999.6292724609375,211.7493438720703,1627.9200439453125,2482.186767578125,1024.8275146484375,1476.226806640625,438.6147155761719,1851.8203125,3406.323486328125,10256.3251953125,1227.907470703125,613.3641357421875,3598.224365234375,3579.686767578125
2023-12-15,3276.52734375,987.0493774414062,213.317138671875,1634.23388671875,2488.647705078125,1028.5455322265625,1551.8841552734375,436.8034362792969,1848.5738525390625,3460.795166015625,10190.150390625,1243.579345703125,637.558349609375,3788.327392578125,3588.80712890625
2023-12-18,3294.47265625,984.7620849609375,212.4857177734375,1633.395263671875,2501.07666015625,1012.7316284179688,1538.070068359375,430.5592956542969,1844.9278564453125,3464.3671875,10223.0390625,1256.236328125,637.8042602539062,3786.561279296875,3607.794921875
2023-12-19,3298.427490234375,982.9721069335938,213.6734619140625,1630.633056640625,2525.9345703125,1006.7828369140625,1532.121826171875,434.801513671875,1844.5284423828125,3471.65966796875,10137.84375,1274.7236328125,644.5904541015625,3744.37060546875,3598.674560546875
2023-12-20,3259.966064453125,966.1657104492188,208.77999877929688,1634.677734375,2522.778076171875,998.0579223632812,1510.589599609375,429.93963623046875,1824.5003662109375,3391.837158203125,9986.919921875,1259.3009033203125,625.9530029296875,3708.90087890625,3542.508544921875
2023-12-21,3265.70068359375,972.4805908203125,213.57843017578125,1663.9775390625,2518.53662109375,995.8271484375,1510.1962890625,430.36865234375,1850.671630859375,3397.443115234375,9919.1591796875,1276.941162109375,633.132568359375,3716.210693359375,3568.323974609375
2023-12-22,3303.618408203125,984.0659790039062,212.20068359375,1648.3411865234375,2540.63232421875,985.8132934570312,1536.6444091796875,433.94354248046875,1858.463134765625,3450.823486328125,10121.548828125,1278.1868896484375,626.248046875,3752.02392578125,3615.519775390625
2023-12-26,3345.1943359375,994.3088989257812,214.55238342285156,1659.784912109375,2549.658203125,986.6064453125,1518.0128173828125,435.1351623535156,1884.7841796875,3462.8291015625,10174.5478515625,1284.6649169921875,627.5265502929688,3724.109130859375,3644.77392578125
2023-12-27,3366.05615234375,1015.5405883789062,216.02517700195312,1680.3541259765625,2572.888427734375,993.6954956054688,1540.77392578125,435.75482177734375,1900.2672119140625,3516.3583984375,10192.23046875,1289.050048828125,637.8533935546875,3739.464599609375,3677.2177734375
2023-12-28,3358.937255859375,1030.95458984375,221.2987060546875,1682.2777099609375,2598.042236328125,997.3143310546875,1536.398681640625,442.42791748046875,1919.2464599609375,3490.61083984375,10175.48828125,1298.368408203125,640.6564331054688,3728.377197265625,3702.9833984375
2023-12-29,3364.029052734375,1026.4796142578125,214.10104370117188,1686.223876953125,2627.782958984375,988.0936889648438,1516.98046875,440.52130126953125,1906.010986328125,3498.498779296875,10205.951171875,1288.1031494140625,631.4606323242188,3721.999755859375,3663.462646484375
