Date,0001.HK,0002.HK,0003.HK,0004.HK,0005.HK,0006.HK,0007.HK,0011.HK,0012.HK,0016.HK,0017.HK,0070.HK,1072.HK,2208.HK,600941.SS
2023-01-03,41.9535,50.5037,6.7444,21.9858,41.9152,37.2855,0.18,111.9256,23.7207,97.3538,21.3711,0.062,12.8303,6.774,65.9306
2023-01-04,42.5301,50.7697,6.8071,22.2232,43.0341,37.632,0.19,113.3904,23.8926,96.7298,21.7938,0.062,12.8303,6.7189,67.2318
2023-01-05,43.151,51.1244,6.8161,22.0807,44.11,37.5887,0.19,112.7872,23.9786,98.6911,21.7938,0.062,13.0331,6.82,67.8
2023-01-06,43.0623,50.7697,6.834,21.7958,44.9276,36.7226,0.188,113.3904,24.0645,97.3538,21.606,0.07,13.0331,7.0957,67.3143
2023-01-09,43.1953,50.7254,6.8519,21.226,45.8744,36.8525,0.188,112.9596,24.1934,97.3538,21.6999,0.065,13.3281,7.2704,67.2043
2023-01-10,43.284,51.0801,6.8877,20.6562,45.8744,37.1556,0.194,111.064,24.0645,96.8189,21.1832,0.098,12.9778,7.1877,66.9478
2023-01-11,42.3083,50.3707,6.843,20.0864,46.1756,36.9824,0.19,109.9439,24.0216,94.8576,21.1363,0.079,13.623,7.0682,68.0749
2023-01-12,42.9736,51.0801,6.8698,20.3238,46.5629,37.5887,0.19,110.3747,24.1934,96.8189,21.0893,0.073,14.1023,7.2336,69.596
2023-01-13,43.3283,50.7254,6.8698,20.0389,47.7679,37.6753,0.19,111.1501,23.8926,95.8383,20.9484,0.076,13.9364,7.0957,69.1378
2023-01-16,44.6588,50.9028,6.8609,20.2763,48.7577,37.9351,0.192,110.2885,24.7951,96.8189,21.559,0.082,13.8258,7.2704,67.635
2023-01-17,43.9049,50.7697,6.7803,19.8964,48.7577,37.8918,0.19,109.6854,24.838,97.3538,21.559,0.085,13.1069,7.1509,67.2868
2023-01-18,43.9049,50.9914,6.8251,19.8014,48.8868,38.0217,0.19,110.2885,25.0959,97.8888,21.2772,0.085,13.1437,7.1417,68.2856
2023-01-19,43.8162,51.1244,6.8161,19.6115,48.7577,38.3681,0.19,109.8577,25.3537,98.3345,21.512,0.085,12.9778,7.1233,68.3406
2023-01-20,44.0823,51.4348,6.8788,19.9439,48.9728,38.065,0.194,110.4608,25.4826,99.4935,22.2166,0.08,13.3834,7.3071,71.3554
2023-01-26,44.6588,51.1688,6.8788,20.2763,49.8335,38.628,0.198,111.6671,25.8694,100.6525,23.0151,0.078,13.6968,7.4358,70.662
2023-01-27,44.3484,51.3018,7.0042,20.0864,49.8766,38.628,0.198,113.3042,25.8264,101.0091,23.109,0.077,13.8258,7.2704,69.9686
2023-01-30,45.1466,52.3216,7.2281,19.8964,49.7905,38.9311,0.198,114.8551,25.6975,102.3464,23.0151,0.08,12.9962,7.1693,69.2753
2023-01-31,44.171,51.6122,7.04,19.3741,49.8766,38.3681,0.192,112.3564,24.881,99.0477,21.9817,0.078,12.8672,7.3531,69.7884
2023-02-01,44.9249,51.4348,7.0669,19.3266,49.1019,38.3248,0.192,111.1501,24.9669,99.226,22.4514,0.072,12.4432,7.6656,70.604
2023-02-02,44.7031,51.7452,7.0579,18.9182,49.6184,38.8878,0.198,108.9099,25.0959,98.9586,22.6863,0.072,12.6091,7.5829,70.2008
2023-02-03,43.7275,51.6122,6.9773,18.9562,48.1122,38.6713,0.192,107.8759,25.1818,100.8308,22.4984,0.069,12.4801,7.3991,71.3004
2023-02-06,43.1953,51.2131,6.9504,18.6523,48.7146,38.2382,0.194,107.4451,24.838,100.0284,22.1226,0.077,12.1667,7.1693,71.7952
2023-02-07,43.0623,51.0801,6.8698,18.5573,48.7146,37.8918,0.196,106.9281,24.7091,98.5128,22.1226,0.075,12.1667,7.2796,70.3749
2023-02-08,43.3727,51.2575,6.9057,18.2344,49.7475,37.8918,0.19,108.2206,24.7521,100.1176,22.5454,0.075,12.351,7.1141,69.8984
2023-02-09,43.7718,51.2131,6.9236,18.6713,49.9196,38.0217,0.188,108.0483,24.881,99.8501,22.7802,0.073,12.351,7.2888,70.2832
2023-02-10,43.8605,51.0358,6.9057,18.3294,49.9196,37.8918,0.186,108.6514,25.0959,99.8501,22.4984,0.073,11.9455,7.1141,69.7334
2023-02-13,43.4614,50.8141,6.8788,17.9875,49.7044,37.5887,0.186,109.2546,23.8926,97.2647,20.9954,0.073,11.9639,7.0038,69.8251
2023-02-14,43.6831,51.1688,6.9146,18.0255,50.0917,37.8052,0.184,108.1344,24.2794,99.5826,20.9954,0.068,12.2404,7.0222,68.9637
2023-02-15,42.397,50.6367,6.8609,17.7026,49.5323,37.4154,0.184,106.842,23.8067,97.7996,20.7605,0.072,11.8717,6.9395,69.6418
2023-02-16,42.4857,50.282,6.8071,17.7976,50.0057,37.1556,0.182,106.5835,23.6778,99.0477,20.9484,0.072,11.9639,6.7557,71.2912
2023-02-17,42.397,49.8386,6.6817,17.5886,50.0917,36.7659,0.18,106.2388,23.248,98.8694,20.5257,0.072,12.0192,6.82,69.4585
2023-02-20,42.7962,49.9716,6.6549,17.3987,50.5651,37.069,0.18,106.9281,23.5918,99.226,20.6666,0.066,12.0377,6.7924,73.9669
2023-02-21,42.7075,50.548,6.7265,17.1328,49.5753,37.2422,0.18,110.4608,23.5918,98.9586,20.2908,0.07,12.0192,6.7924,73.3072
2023-02-22,42.3527,50.1046,6.6549,17.3607,52.2004,37.0257,0.178,113.3904,23.9786,99.7609,20.056,0.07,12.1667,6.8292,71.6028
2023-02-23,42.0866,49.7942,6.5743,16.8099,51.0815,36.5926,0.184,112.7872,23.4199,98.6911,19.962,0.072,12.2404,6.7097,71.6394
2023-02-24,42.1753,50.1046,6.6011,16.6579,51.2537,36.8525,0.18,110.9778,23.334,96.6406,19.4454,0.068,12.1483,6.5167,71.3737
2023-02-27,41.8205,49.3952,6.5922,16.5249,50.8233,36.3761,0.174,109.7715,23.5489,96.3732,19.962,0.068,12.0377,6.5718,71.9326
2023-02-28,41.5101,49.2622,6.6101,16.5059,51.0385,36.3761,0.184,109.9439,23.6778,95.5708,20.056,0.078,11.5768,6.4983,73.857
2023-03-01,42.3083,50.0603,6.637,16.449,51.8561,36.8958,0.19,111.1501,24.4083,96.9972,20.7135,0.07,11.8717,6.8568,77.5315
2023-03-02,42.6631,50.2376,6.6011,16.9998,51.6826,36.5494,0.188,110.9778,23.9786,95.9274,20.4787,0.07,12.5723,6.9303,77.6414
2023-03-03,42.6188,50.3707,6.4847,16.9618,51.4608,36.8092,0.186,111.064,24.1505,95.5708,20.8545,0.069,12.3142,6.8568,79.6299
2023-03-06,43.2397,51.3461,6.5026,16.9808,51.5939,36.9824,0.19,111.064,24.2364,97.1755,20.9014,0.068,12.9409,6.9946,82.104
2023-03-07,43.5944,51.7009,6.5205,16.7529,51.8157,37.1123,0.184,109.7512,24.1934,98.0671,21.2302,0.068,12.7935,6.866,79.1351
2023-03-08,42.7962,51.2131,6.4489,16.316,51.4164,36.8525,0.19,108.6134,23.9786,96.1283,20.8075,0.068,12.6829,6.8384,81.1419
2023-03-09,43.0179,51.0801,6.3951,16.43,51.9488,36.7226,0.192,108.1758,24.1505,94.6854,20.8545,0.068,12.517,6.5443,83.0295
2023-03-10,42.1309,50.4098,6.3324,17.6076,50.0412,36.4627,0.288,103.6247,23.5918,92.0703,20.2439,0.07,12.1483,6.3604,81.9208
2023-03-13,43.2397,50.6815,6.3414,17.1328,49.9524,36.9391,0.29,104.2373,23.8497,94.1444,20.7135,0.07,12.4432,6.4064,90.1128
2023-03-14,43.151,51.7232,6.413,16.468,47.6012,37.5887,0.248,102.5744,23.8067,95.5872,20.4317,0.062,12.4432,6.2134,89.957
2023-03-15,43.5057,51.8138,6.431,16.9618,48.9765,37.632,0.252,103.1871,23.6348,94.4149,20.2974,0.063,12.7566,6.3512,90.9284
2023-03-16,42.4857,51.9497,6.4489,16.9428,47.823,37.1123,0.254,101.1741,23.5059,93.6935,20.2494,0.063,12.2773,6.1582,91.6889
2023-03-17,43.284,51.995,6.4578,17.2847,47.7343,36.9391,0.252,102.837,23.5918,95.497,20.6333,0.063,11.9824,6.2409,92.6419
2023-03-20,43.2397,51.8591,6.3593,16.6769,44.762,36.7226,0.252,99.7738,22.9472,94.2346,20.2014,0.063,11.8902,6.0755,84.2666
2023-03-21,42.7075,51.4515,6.2249,17.2087,46.0485,35.8998,0.256,98.9861,22.8613,95.0462,20.2014,0.063,12.0745,6.1582,83.9367
2023-03-22,43.5944,51.3156,6.2518,17.5696,47.4681,35.8998,0.25,100.649,22.9472,95.7676,20.6812,0.063,11.9271,6.195,84.3582
2023-03-23,43.151,51.6327,6.2608,17.4747,47.6456,36.073,0.236,100.649,23.291,96.2184,20.5853,0.063,11.798,6.2501,85.2929
2023-03-24,43.0179,51.0892,6.216,17.3037,46.2703,36.2895,0.24,99.3362,23.2051,96.6693,20.5373,0.064,11.7427,6.2777,83.2586
2023-03-27,43.0623,50.7268,6.1354,17.1707,45.8267,36.1163,0.24,97.2357,23.1191,97.4809,20.2014,0.059,11.8164,6.2593,80.5921
2023-03-28,43.3727,51.0892,6.1712,17.1518,46.714,36.2895,0.244,98.5485,23.248,98.2023,20.3933,0.059,12.0377,6.2318,81.0594
2023-03-29,43.1953,51.3156,6.2249,17.0948,46.9801,36.4194,0.24,98.636,23.334,98.7434,20.3454,0.062,11.7611,6.1858,81.3709
2023-03-30,43.1066,51.4515,6.207,17.3037,47.7343,36.3761,0.238,98.636,23.248,99.7353,20.2974,0.062,11.8164,6.2226,79.1167
2023-03-31,43.1953,51.3609,6.1891,17.0568,47.2019,36.4627,0.238,97.7608,23.334,99.1943,20.2014,0.062,11.6874,6.1674,82.4431
2023-04-03,43.4614,51.3609,6.1354,17.0188,48.0892,36.5494,0.24,98.1109,23.248,97.8416,20.2974,0.062,11.5215,6.1766,84.963
2023-04-04,44.0379,51.678,6.1354,16.9238,48.4885,36.4627,0.234,98.1109,23.291,98.3827,20.2974,0.062,11.3372,6.1398,89.059
2023-04-06,44.304,51.678,6.1085,17.0568,48.0892,37.3288,0.232,98.2859,23.5918,98.9237,20.0095,0.062,10.7841,5.9468,89.059
2023-04-07,44.4075,51.8289,6.1205,17.1336,48.2667,37.3288,0.222,98.5485,23.6348,99.1041,20.2494,0.062,10.9193,6.002,88.4451
2023-04-10,44.511,51.9799,6.1324,17.2104,48.4441,37.3288,0.212,98.811,23.6778,99.2844,20.4893,0.062,11.0545,6.0571,89.114
2023-04-11,44.6144,52.1309,6.1443,17.2873,48.6216,37.3288,0.202,99.0736,23.7207,99.4648,20.7292,0.062,11.1897,6.1123,86.6766
2023-04-12,45.324,52.4026,6.1443,17.4025,48.5772,37.502,0.204,99.2487,23.8497,99.6452,20.8252,0.062,10.95,6.1306,89.114
2023-04-13,45.2797,52.3573,6.1354,17.3449,49.0208,37.632,0.196,99.1611,23.5059,99.3746,20.6812,0.062,10.6551,6.195,87.1439
2023-04-14,45.2797,52.4479,6.1354,17.1912,49.3314,37.632,0.2,99.3362,23.4199,99.6452,20.5373,0.062,10.8763,6.2501,90.0762
2023-04-17,45.2353,52.4932,6.207,17.537,50.4848,37.8918,0.204,100.7365,23.4199,98.563,20.3933,0.062,11.0791,6.4432,94.2089
2023-04-18,45.0136,52.6291,6.1712,17.4794,49.9968,37.8918,0.212,100.5615,23.4199,98.563,20.2974,0.06,11.0238,6.3145,96.8388
2023-04-19,44.9249,52.1762,6.0996,17.2873,49.5532,37.6753,0.2,100.1239,22.6894,95.7676,19.6256,0.064,10.8579,6.2685,93.1734
2023-04-20,45.2353,52.0403,6.1354,17.2873,49.9968,37.5454,0.204,100.0363,22.7324,96.8497,19.5776,0.061,10.7473,6.1306,94.1081
2023-04-21,45.9892,52.2215,6.1085,17.1528,49.6419,37.6753,0.206,100.649,22.5605,96.9398,19.3857,0.059,10.5445,6.002,92.816
2023-04-24,45.2353,52.5385,6.1443,17.0568,49.6419,37.6753,0.204,99.5987,22.9043,97.03,19.2897,0.056,10.526,5.9744,92.367
2023-04-25,45.1466,52.1309,6.1354,16.8071,49.2426,37.6753,0.204,99.1611,22.9472,95.9479,19.117,0.056,10.0652,5.6895,93.375
2023-04-26,45.6345,52.4932,6.1802,17.1528,49.0208,37.9351,0.204,99.2487,23.291,96.7595,19.4337,0.056,10.4339,5.956,89.3248
2023-04-27,46.211,52.6744,6.2518,17.1336,49.9081,38.4115,0.2,100.9116,23.5489,97.6613,19.6736,0.056,10.4154,6.0295,91.0842
2023-04-28,46.5658,52.9008,6.2339,17.2297,49.8193,38.8012,0.2,101.6117,23.9786,98.2925,20.0095,0.056,10.2127,5.9009,92.6603
2023-05-02,46.9649,52.9461,6.2608,17.1912,52.0375,38.9311,0.206,101.2616,24.0216,96.3086,19.7216,0.058,10.526,5.5884,93.4911
2023-05-03,46.6988,52.9008,6.1891,17.1336,52.2149,39.061,0.219,99.0736,23.9356,96.3086,19.6256,0.058,10.0652,5.3861,94.3219
2023-05-04,48.2954,53.2632,6.2787,17.1336,52.0375,39.5807,0.22,99.7738,24.2364,98.2023,19.8655,0.053,10.5813,5.6251,95.1527
2023-05-05,47.6301,53.7614,6.4041,17.1912,51.86,39.9704,0.222,100.0363,24.5372,99.7353,20.0574,0.053,10.3601,5.6895,93.4391
2023-05-08,47.7188,54.9843,6.4489,17.2297,52.7917,40.2736,0.232,100.7365,24.7951,99.1041,20.2494,0.053,10.5445,5.7446,98.6439
2023-05-09,47.1423,54.9843,6.8519,17.1912,52.6142,39.9271,0.248,100.2114,24.1934,97.1202,20.2014,0.053,10.3417,5.717,95.0427
2023-05-10,46.9649,54.6672,6.7624,17.2681,52.6586,39.9704,0.249,100.0363,24.0216,95.4069,19.9135,0.051,10.4154,5.7538,94.383
2023-05-11,47.0093,55.7089,6.8519,17.2873,53.0031,40.1437,0.244,99.6863,23.7637,94.6854,19.5776,0.051,10.268,5.7538,91.5881
2023-05-12,45.9449,54.5766,6.6997,16.8071,52.8233,39.9704,0.238,99.2487,23.377,93.0623,19.2897,0.051,10.1758,5.5975,88.0969
2023-05-15,46.4327,55.2107,6.6817,17.0184,53.2729,40.3169,0.241,100.4859,23.8926,94.7756,19.3857,0.051,9.9914,5.6803,88.8025
2023-05-16,45.6788,55.0748,6.637,16.7687,53.6775,40.4035,0.237,99.2487,23.7637,95.3167,19.2897,0.051,10.4339,5.8733,86.3467
2023-05-17,45.2797,53.9878,6.6011,16.519,52.7334,40.2303,0.241,98.1881,23.291,93.6033,18.6371,0.053,10.3233,5.6711,83.4694
2023-05-18,45.2797,53.5349,6.5384,16.4613,53.4527,40.057,0.242,98.9835,23.334,92.8819,18.6563,0.053,10.4339,5.6711,84.6698
2023-05-19,45.324,53.399,6.6638,16.25,53.4527,40.0137,0.24,98.9835,23.291,93.3328,18.5411,0.055,10.2311,5.5148,85.3204
2023-05-22,45.2353,53.3538,6.619,16.4998,53.7224,39.3704,0.241,99.337,23.377,93.964,18.6755,0.055,10.268,5.6067,86.5666
2023-05-23,44.7137,51.8591,6.5563,16.711,53.5875,38.1471,0.241,99.337,23.1191,93.1524,18.426,0.055,10.0652,5.5516,83.9367
2023-05-24,45.2686,52.3573,6.5832,16.6534,53.2729,38.5549,0.238,98.0114,22.9043,93.1524,18.4836,0.055,9.9177,5.4781,82.7363
2023-05-25,44.8062,52.312,6.5653,16.5382,52.4636,38.2831,0.239,96.4205,22.7324,91.7998,18.2149,0.05,9.8255,5.4505,83.8451
2023-05-26,44.6444,52.1309,6.5429,16.4997,52.6435,38.5549,0.237,96.067,22.8183,91.6645,18.234,0.049,9.7426,5.3678,85.9252
2023-05-29,44.4825,51.9497,6.5205,16.4613,52.8233,38.8267,0.235,95.7135,22.9043,91.5293,18.2532,0.048,9.6596,5.285,86.5483
2023-05-30,44.4825,52.0856,6.4578,16.2308,52.9132,38.6002,0.235,95.0949,22.2597,91.9801,18.33,0.048,9.6228,5.2115,88.3901
2023-05-31,43.7889,51.678,6.3235,15.789,51.8792,38.1925,0.233,92.5319,21.3573,89.9061,17.9461,0.048,9.5121,5.2207,88.3351
2023-06-01,43.1416,51.3156,6.3414,15.6354,51.5645,37.7847,0.23,92.4435,20.197,89.0945,17.5047,0.05,9.5306,5.1931,90.571
2023-06-02,44.0664,51.6179,6.4578,16.0003,52.3288,38.1471,0.228,94.4762,21.0994,91.7998,18.4836,0.05,9.7518,5.377,90.9834
2023-06-05,44.6675,52.3965,6.5474,16.7879,53.1829,38.6002,0.227,97.0392,21.3573,93.0623,18.7907,0.049,9.7702,5.377,89.3431
2023-06-06,44.76,52.4423,6.5116,16.9992,53.093,38.419,0.227,96.2438,21.5721,92.6114,18.9826,0.049,9.5306,5.285,90.1037
2023-06-07,44.5288,52.1217,6.5116,16.9992,53.6325,38.4643,0.226,97.216,21.6628,92.6114,18.9442,0.049,9.5121,5.2207,89.6357
2023-06-08,45.1761,51.9843,6.5116,17.1912,53.9022,38.1471,0.226,99.337,21.5721,92.431,19.1362,0.051,9.5674,5.2667,90.6176
2023-06-09,45.5923,52.1675,6.4468,17.2489,53.9472,38.2378,0.225,99.6905,21.7081,92.6114,19.1937,0.051,9.7702,5.2667,96.0042
2023-06-12,45.8235,52.1217,6.3821,17.1912,53.9472,38.0565,0.223,99.6905,21.7987,92.8819,19.2417,0.05,9.5674,5.2115,93.3296
2023-06-13,45.4073,52.3507,6.3728,17.2489,53.8573,37.8753,0.226,100.8395,21.7534,92.7917,19.4816,0.051,9.5859,5.2207,91.1974
2023-06-14,45.1761,51.8011,6.3358,16.9031,53.9921,37.2864,0.22,99.6905,21.3455,91.2587,19.1553,0.051,9.3831,5.2115,90.2436
2023-06-15,45.2686,51.5721,6.3543,17.2297,53.9921,37.3317,0.211,99.9557,21.4815,91.6194,19.4337,0.051,9.6596,5.4597,90.8701
2023-06-16,45.5461,52.4881,6.5301,17.0568,54.8463,38.0112,0.202,100.3092,21.5268,92.3409,19.8655,0.051,9.8808,5.524,89.5328
2023-06-19,45.5923,52.4881,6.5023,17.0568,55.206,37.7847,0.209,101.1046,21.7534,92.5212,19.4816,0.051,9.9177,5.5148,89.776
2023-06-20,45.4536,56.6102,6.5023,17.1144,55.2959,37.83,0.209,101.4581,21.8894,91.1685,19.2897,0.051,9.7334,5.377,88.3732
2023-06-21,44.8525,56.7476,6.4098,16.7879,55.1161,37.241,0.21,102.3419,21.5721,90.2668,19.0594,0.051,9.6412,5.2667,86.3439
2023-06-23,44.5288,56.3812,6.2433,16.615,53.7224,36.8786,0.219,98.8951,20.983,88.0575,18.7331,0.051,9.1527,4.4578,86.6759
2023-06-26,44.3438,55.053,6.1878,16.8647,53.5875,36.7427,0.227,97.6579,21.0283,87.2008,18.7331,0.051,9.1342,5.061,87.0079
2023-06-27,44.8987,55.3278,6.3358,17.6138,54.3968,36.9692,0.222,98.1881,21.1189,88.7789,18.8866,0.051,9.4015,5.0139,88.3265
2023-06-28,45.0374,56.0606,6.3543,17.7675,54.7114,37.6035,0.223,98.4533,21.3002,89.4552,18.6947,0.051,9.4753,4.9856,87.382
2023-06-29,43.9739,55.74,6.2341,17.5178,54.7114,36.9692,0.217,97.3043,20.8923,88.0575,18.426,0.045,9.4384,4.995,87.9243
2023-06-30,44.2513,55.7858,6.2618,17.8827,54.8463,37.1957,0.204,98.5416,21.1189,89.0043,18.5028,0.045,9.5782,5.061,87.251
2023-07-03,44.5288,56.1064,6.3081,18.1132,55.7005,37.1504,0.205,98.3649,21.5268,89.0945,18.7139,0.043,9.865,5.0798,88.6538
2023-07-04,44.3438,55.969,6.2433,18.0556,55.9702,37.1051,0.188,98.4533,21.3908,89.6356,18.6563,0.046,9.9797,5.0516,89.0185
2023-07-05,44.0201,55.2362,6.2156,18.0172,55.4307,36.9692,0.185,97.3927,21.1642,89.1847,18.426,0.046,10.2283,4.9385,88.2049
2023-07-06,42.7717,54.824,6.0768,17.8059,54.8463,36.4709,0.185,96.5089,20.7111,87.336,18.0805,0.046,10.1327,4.8913,88.102
2023-07-07,42.5405,54.2286,5.9566,17.8251,54.5316,36.1084,0.18,94.4762,20.5298,85.758,17.7734,0.051,10.018,4.8065,87.1482
2023-07-10,42.633,53.8622,5.8826,17.9019,54.8014,35.7913,0.177,94.5646,20.6204,84.3602,17.6007,0.046,9.9415,4.8442,86.9705
2023-07-11,43.3265,54.4576,5.9011,18.3821,54.6215,36.1084,0.179,94.4762,20.9377,86.7499,17.7542,0.046,10.515,4.9479,87.2978
2023-07-12,43.2803,54.7324,5.9011,18.2669,55.206,36.0631,0.174,95.8019,20.847,86.8852,17.6774,0.046,10.84,4.9385,85.0066
2023-07-13,43.8814,55.8774,5.9936,18.1324,55.8803,36.6068,0.176,97.3927,21.0283,88.1476,18.0997,0.046,10.6871,5.0421,85.9511
2023-07-14,44.1126,56.1064,6.0306,18.0364,56.4647,36.8333,0.18,98.0114,21.2096,87.8771,18.0613,0.046,10.6489,4.9573,89.1681
2023-07-17,43.8814,55.9461,5.9844,17.7579,56.5322,36.8333,0.18,97.3485,21.0283,87.1557,17.8214,0.046,10.5628,4.962,89.1027
2023-07-18,43.6502,55.7858,5.9381,17.4794,56.5996,36.8333,0.18,96.6857,20.847,86.4343,17.5815,0.046,10.4768,4.9667,88.9437
2023-07-19,43.4653,55.74,5.9474,17.5946,56.8693,36.7427,0.185,96.5089,20.8017,86.2088,17.236,0.047,10.4194,4.9102,89.0746
2023-07-20,43.6502,56.1522,5.9844,17.7291,57.3638,36.6521,0.185,97.7462,20.8923,87.2008,17.5239,0.047,10.2856,4.9697,88.5509
2023-07-21,43.9739,56.656,5.9381,18.1324,57.8134,36.9692,0.174,101.7232,21.0283,88.1476,17.639,0.055,10.0562,4.902,88.6538
2023-07-24,43.6502,56.2438,5.8919,17.5754,57.2739,36.6068,0.174,100.1324,20.6204,86.6146,17.3511,0.055,10.0562,4.8827,90.2903
2023-07-25,44.2051,56.3354,5.9844,17.9596,57.9932,36.6974,0.178,102.0768,21.2549,87.2459,18.234,0.053,10.0944,5.0567,89.3084
2023-07-26,44.2513,57.3431,6.0398,17.7675,58.1281,36.9239,0.165,101.9884,21.2096,87.8771,18.234,0.051,10.0371,5.0277,88.4667
2023-07-27,44.8987,57.4805,6.1601,18.0556,58.3978,37.3317,0.18,103.4908,21.6628,89.3199,18.6563,0.051,10.0944,5.0857,88.0927
2023-07-28,44.8062,58.1675,6.1786,17.7099,58.263,37.241,0.18,103.9327,21.9347,89.4552,18.5603,0.052,9.8077,5.1921,88.8969
2023-07-31,44.4825,58.1217,6.1693,17.537,58.6226,36.9692,0.179,104.9048,21.7534,87.9673,18.4068,0.053,9.9415,5.1631,87.6719
2023-08-01,44.2513,58.5797,6.1878,17.2489,59.6117,37.4223,0.175,102.2535,21.3908,87.8771,18.234,0.05,9.865,5.0857,88.1768
2023-08-02,43.419,57.1141,5.9936,16.9031,57.7235,36.5615,0.167,98.0114,20.9377,86.6146,17.7158,0.05,9.7121,5.047,87.3352
2023-08-03,42.8179,57.3431,5.9751,16.7879,56.5546,36.7427,0.168,96.3322,20.847,86.5695,17.5047,0.049,9.6165,5.047,87.5596
2023-08-04,40.8296,56.7934,5.9011,16.7302,57.4088,36.1537,0.16,95.0949,20.7564,84.225,17.14,0.049,9.5782,5.0374,90.627
2023-08-07,40.9683,57.4805,5.9196,16.8455,57.4987,36.8786,0.155,95.4484,20.8923,84.4955,17.14,0.049,9.5209,5.018,90.0752
2023-08-08,40.136,56.9308,5.8734,16.5766,57.5437,36.788,0.146,94.1227,20.6204,83.1428,16.6985,0.054,9.3871,4.8827,90.468
2023-08-09,39.9511,56.7934,5.9196,16.4805,57.4088,36.8333,0.146,94.2111,20.6204,82.6018,16.9097,0.05,9.2819,4.8633,89.9817
2023-08-10,39.9973,57.0224,5.9196,16.3077,56.9839,37.1051,0.15,93.946,20.6204,83.3232,16.8713,0.053,9.4444,4.844,91.16
2023-08-11,39.8123,57.2057,5.9474,16.519,56.9839,36.9239,0.159,94.2111,21.0283,83.6839,16.9481,0.051,9.2819,4.6506,91.6463
2023-08-14,39.3962,56.1522,5.7809,16.4421,56.7563,36.4255,0.157,93.6753,20.4391,82.2862,16.5642,0.048,9.129,4.641,93.1332
2023-08-15,39.3037,55.5568,5.7439,16.3845,55.7095,36.3349,0.163,92.5144,19.85,81.3393,16.4682,0.048,9.1098,4.67,93.1332
2023-08-16,38.8413,55.969,5.5496,15.7698,54.5716,36.1084,0.163,92.0679,19.4874,80.7532,16.5258,0.048,8.9282,4.6216,90.2342
2023-08-17,38.5639,55.511,5.4849,15.8659,53.9799,35.8819,0.162,91.5321,19.4874,80.3474,16.3723,0.051,9.062,4.699,90.0846
2023-08-18,38.0552,53.8622,5.4294,15.5778,53.3883,35.4741,0.15,91.0856,19.3515,79.671,16.1803,0.056,8.8995,4.5443,88.2891
2023-08-21,37.5004,53.6332,5.4016,15.1936,53.2517,34.6133,0.15,88.0941,18.8529,78.4086,16.1611,0.056,8.7275,4.3992,91.0478
2023-08-22,37.9165,53.679,5.3831,15.3665,53.2972,34.6133,0.151,88.1387,18.8529,78.634,16.0652,0.056,8.8517,4.0512,93.9375
2023-08-23,37.9628,53.5416,5.4109,15.8083,53.1607,34.7039,0.158,87.9601,19.1702,79.2201,16.0843,0.056,8.8517,3.9642,92.7779
2023-08-24,38.3789,54.0912,5.4109,16.2308,53.5703,34.9758,0.157,87.6029,19.4421,80.5277,16.6218,0.056,9.1768,3.9642,91.637
2023-08-25,37.9628,53.9538,5.3924,16.0388,53.1607,35.157,0.147,86.9778,19.2608,79.9416,15.6621,0.052,9.2341,3.9545,91.2629
2023-08-28,38.2402,54.6866,5.3924,15.8467,53.4793,35.5648,0.144,87.1118,19.2608,79.4005,15.2206,0.053,9.1576,3.9255,92.1607
2023-08-29,39.0725,55.7858,5.4774,16.1967,53.2517,35.8366,0.143,89.121,19.5781,80.6179,15.854,0.05,9.2723,4.0705,91.9736
2023-08-30,39.2112,55.969,5.4491,16.3133,54.0255,36.7424,0.139,89.8354,19.8953,80.7081,16.3531,0.055,9.062,4.0512,92.2635
2023-08-31,39.5349,56.3354,5.4491,16.1578,53.5703,36.4407,0.131,89.2996,19.5327,79.6259,15.9884,0.055,8.651,3.9835,93.9655
2023-09-01,39.5142,56.1411,5.4821,16.3425,53.5248,36.7236,0.1335,89.8354,19.7183,80.5953,16.3435,0.053,8.7131,4.0367,92.6694
2023-09-04,39.4935,55.9467,5.5152,16.5272,53.4793,37.0064,0.136,90.3712,19.9039,81.5647,16.6985,0.051,8.7753,4.0898,93.7022
2023-09-05,39.164,55.2989,5.4302,16.3522,52.478,36.205,0.142,88.3173,19.5327,79.9416,16.2571,0.06,8.6988,3.9932,92.7555
2023-09-06,39.3523,54.9749,5.4207,16.9355,52.569,36.1579,0.151,88.0941,19.8575,80.3924,16.3914,0.06,8.6606,4.0415,91.8565
2023-09-07,38.9286,54.7898,5.3735,16.9161,52.1594,36.2522,0.17,86.6653,19.6255,79.6259,16.1611,0.06,8.412,3.9351,92.1051
2023-09-08,39.0228,54.6279,5.3593,16.8869,52.3187,36.2993,0.166,86.1965,19.2312,75.8611,15.6717,0.06,8.5554,3.9255,93.4058
2023-09-11,39.1169,54.4659,5.3452,16.8577,52.478,36.3464,0.162,85.7276,18.8368,72.0962,15.1822,0.06,8.6988,3.9158,94.1613
2023-09-12,38.7874,54.7436,5.3074,17.5966,52.7511,36.2993,0.152,85.7723,18.8368,72.3667,15.1247,0.06,8.8422,3.8965,95.0602
2023-09-13,38.7874,55.2526,5.2507,17.6744,53.7069,36.1579,0.139,86.3527,19.1616,73.5841,15.355,0.06,8.6032,3.7901,95.2802
2023-09-14,39.0698,54.6973,5.2318,18.1216,54.3896,36.1107,0.138,86.7099,19.0224,72.8627,15.1055,0.06,8.8326,3.8191,96.9442
2023-09-15,39.4935,54.9749,5.2413,18.1994,55.3909,36.535,0.129,88.1387,18.976,74.1252,15.163,0.061,8.9187,3.7901,97.518
2023-09-18,38.9286,54.2808,5.213,19.1132,55.2999,36.205,0.126,85.9509,18.6048,72.7725,14.8943,0.061,8.5745,3.7418,94.8977
2023-09-19,39.0228,55.1138,5.2696,19.2493,55.2543,36.7236,0.125,86.6206,18.6512,72.998,14.7792,0.061,8.6319,3.7418,96.4756
2023-09-20,39.1169,54.6973,5.2507,19.541,55.6185,36.9593,0.119,85.4597,18.6976,72.4569,14.76,0.061,8.5267,3.6934,96.0166
2023-09-21,38.7403,54.0032,5.2035,19.6868,55.3454,36.4407,0.116,84.9239,18.3728,71.7355,14.5297,0.062,8.4885,3.6354,95.9975
2023-09-22,39.4464,54.3271,5.2696,19.6382,55.8915,36.865,0.116,86.1741,18.6976,73.4488,14.6832,0.062,8.5076,3.7901,95.5002
2023-09-25,38.8815,54.0957,5.2224,19.4924,55.5729,36.6293,0.121,85.8169,18.5399,72.3216,14.3569,0.063,8.1635,3.6838,94.8785
2023-09-26,38.4579,53.7255,5.1185,18.6077,54.9813,36.3464,0.117,84.3435,18.2058,71.465,13.8195,0.067,8.0488,3.6741,92.9372
2023-09-27,39.0698,54.0494,5.1469,18.7632,55.3909,36.5821,0.112,85.3704,18.3357,71.6002,13.9155,0.067,8.0297,3.7418,93.0041
2023-09-28,38.3637,53.7255,5.0335,18.841,55.1633,35.9693,0.105,84.3882,18.3728,72.6373,13.8579,0.063,7.9914,3.7805,92.5929
2023-09-29,39.4464,53.633,5.1563,19.0938,56.1646,35.7336,0.105,87.0225,19.1616,75.568,14.6256,0.063,8.3164,3.8191,92.9451
2023-10-03,37.9872,53.0314,5.0241,18.7438,55.4364,34.8379,0.101,84.3435,18.1873,73.3136,13.8579,0.062,7.7907,3.5871,93.2974
2023-10-04,37.9401,51.5969,5.0146,18.841,55.3909,34.1308,0.103,83.8523,18.4842,74.8015,14.2417,0.062,7.6186,3.4227,93.6496
2023-10-05,38.1284,52.2447,5.0524,18.6466,55.4819,34.555,0.101,84.4328,18.744,75.3876,14.5488,0.062,7.7429,3.5194,94.0019
2023-10-06,38.552,53.0314,5.213,18.7827,56.4832,34.8379,0.104,85.9062,19.0688,75.8385,14.5488,0.061,7.6664,3.6838,94.3541
2023-10-09,38.4108,52.5224,5.1752,18.491,56.4377,34.885,0.119,85.3704,18.8368,75.6582,14.3569,0.057,7.5517,3.6451,94.7064
2023-10-10,38.6462,52.3835,5.2791,18.6271,56.6198,35.0736,0.105,85.9062,19.2544,76.6501,14.4913,0.062,7.7238,3.6354,94.4099
2023-10-11,38.8345,52.9388,5.298,19.0355,57.1659,35.545,0.1,86.1295,19.3008,76.7403,14.4721,0.058,7.762,3.7321,93.9605
2023-10-12,39.2581,54.0494,5.3829,19.016,57.5301,35.9693,0.099,88.0941,19.8111,77.2363,14.3761,0.058,7.9054,3.7708,94.3717
2023-10-13,38.4108,53.0314,5.2885,18.8605,56.8929,35.3093,0.105,86.3974,19.1616,75.3876,13.8387,0.058,7.5995,3.6451,95.3758
2023-10-16,38.1755,53.2165,5.2696,18.7632,56.2557,35.3093,0.105,85.8616,19.0688,75.072,13.8579,0.058,7.4466,3.5581,95.5002
2023-10-17,38.3637,53.6792,5.3357,19.1521,56.3012,35.5922,0.105,86.7992,19.208,75.4327,14.165,0.058,7.4657,3.5967,98.9047
2023-10-18,38.505,53.8643,5.3168,19.4243,56.6653,35.8279,0.11,85.896,19.3472,75.2524,14.165,0.058,7.2458,3.5967,98.1205
2023-10-19,37.5635,52.8,5.1941,18.8216,55.2999,35.215,0.104,83.8186,18.8832,73.3587,13.9538,0.058,7.1502,3.5291,96.1027
2023-10-20,37.3752,52.2447,5.2035,18.841,54.4351,34.885,0.101,82.8702,19.0688,73.4939,14.2417,0.057,7.0068,3.5291,94.19
2023-10-23,37.1869,52.129,5.1657,18.9285,53.8889,35.1207,0.0995,82.0799,19.092,72.7725,14.021,0.057,7.0307,3.5871,94.4386
2023-10-24,36.9987,52.0133,5.128,19.016,53.3427,35.3565,0.098,81.2896,19.1152,72.0511,13.8003,0.057,7.0546,3.6451,91.8087
2023-10-25,36.9516,52.0596,5.1657,19.4049,53.2062,35.1207,0.11,80.3864,18.976,71.6904,13.6467,0.058,7.1598,3.6838,87.8877
2023-10-26,36.6221,52.3835,5.1563,19.1521,51.9773,35.1207,0.098,80.2961,18.5584,71.3748,13.5892,0.055,7.1311,3.5967,88.758
2023-10-27,37.3282,53.4941,5.1752,19.7354,52.8421,35.6864,0.095,82.0573,19.1616,72.7725,13.8771,0.059,7.3032,3.6354,88.8345
2023-10-30,37.5164,53.4941,5.2791,19.8326,52.0683,35.6864,0.095,81.0638,19.208,73.4038,13.8579,0.061,7.2458,3.7031,87.1896
2023-10-31,37.234,52.9851,5.1469,19.2882,51.1125,35.2622,0.09,80.9735,18.9296,72.4569,13.7619,0.059,7.1693,3.6064,88.3085
2023-11-01,37.234,53.2628,5.1657,19.4438,51.7953,35.5922,0.092,80.7025,19.0688,73.1332,14.1458,0.066,7.2076,3.7224,89.4178
2023-11-02,37.9401,54.0494,5.2507,19.4243,51.8863,36.5821,0.093,81.8315,19.9503,74.4859,14.2801,0.066,7.0451,3.7321,89.59
2023-11-03,38.4579,54.5585,5.3546,19.541,52.9786,37.5721,0.1,82.8251,20.5999,76.4698,14.8368,0.066,7.4083,3.7998,89.5804
2023-11-06,38.6462,55.1138,5.3452,19.0743,53.2972,37.4307,0.1,83.8186,20.4607,75.8097,14.8559,0.073,7.5613,3.8771,87.1704
2023-11-07,37.1869,54.2345,5.2224,18.5299,53.3883,36.7707,0.098,82.2831,19.7183,74.3482,14.3185,0.065,7.4752,3.8191,87.1609
2023-11-08,36.9516,53.6792,5.1563,18.5882,53.0697,36.3936,0.098,80.3412,19.5791,73.5939,14.3377,0.065,7.3318,3.7611,87.486
2023-11-09,36.9045,53.8643,5.1091,18.6271,53.0515,36.3464,0.095,80.4316,19.3936,73.4053,14.2609,0.063,7.3032,3.7321,86.8357
2023-11-10,36.5279,53.309,5.0052,18.6855,52.8669,36.0636,0.092,78.3541,19.1616,72.5096,13.9538,0.061,7.1598,3.6934,86.8357
2023-11-13,36.8574,54.0494,5.0996,18.7632,53.2821,36.4879,0.094,78.8961,19.6255,72.981,14.2226,0.062,7.2458,3.6451,87.027
2023-11-14,37.2811,54.142,5.1563,18.8799,53.8357,36.7707,0.094,79.3928,19.9503,73.4525,14.2609,0.062,7.351,3.6741,86.8166
2023-11-15,38.4579,55.6228,5.2791,19.6868,55.2658,37.855,0.089,82.5089,20.8782,76.1397,14.9711,0.073,7.5517,3.7611,86.3002
2023-11-16,37.9401,55.4377,5.2413,20.0757,54.8045,37.3836,0.093,80.4767,20.2287,75.2911,14.8559,0.073,7.4848,3.7128,86.6444
2023-11-17,37.846,55.1138,5.2035,20.1243,54.4815,37.525,0.093,80.7477,20.2751,74.1596,14.6448,0.067,7.3796,3.6838,85.5255
2023-11-20,38.1755,56.2244,5.2791,20.3187,55.5426,37.7607,0.09,82.1928,20.4607,75.7626,14.8751,0.068,7.4466,3.7224,84.9709
2023-11-21,38.2696,55.9004,5.2885,20.416,55.3119,37.525,0.09,82.0122,20.5999,74.8197,15.0671,0.068,7.4752,3.7128,84.4257
2023-11-22,38.3637,56.2706,5.2507,20.9993,55.1274,37.6664,0.09,81.967,20.7854,75.1968,15.1822,0.068,7.3414,3.6644,85.7646
2023-11-23,38.6462,56.8722,5.2696,20.9993,55.2658,37.9493,0.082,82.4186,20.9246,75.8569,13.0301,0.068,7.3892,3.7224,85.9559
2023-11-24,37.9401,56.4557,5.1941,20.8048,54.8506,37.5721,0.083,81.1993,20.6926,74.8197,12.8932,0.068,7.2267,3.6161,86.4245
2023-11-27,37.7989,56.1781,5.1846,20.416,55.2197,37.7607,0.076,80.4767,20.4607,74.0654,12.0714,0.063,7.0451,3.5677,84.923
2023-11-28,37.5164,55.7616,5.0807,20.0271,55.0351,37.7607,0.085,80.6574,20.3679,73.4053,11.9541,0.063,6.959,3.5484,84.3779
2023-11-29,36.8574,55.9004,5.0052,19.2688,54.8967,37.5721,0.084,79.0316,19.7183,72.0381,11.4649,0.063,6.7392,3.4517,84.6457
2023-11-30,36.8574,56.2244,5.0713,19.7354,54.6199,38.4207,0.081,78.1283,19.7183,72.2738,11.3671,0.063,6.6914,3.4614,87.0079
2023-12-01,37.2811,54.8361,5.0146,20.6104,54.6199,38.1378,0.081,77.4058,19.7183,71.7081,10.8584,0.063,6.5862,3.4034,88.6336
2023-12-04,37.3282,55.3787,5.0524,20.3674,55.0813,38.0435,0.076,77.4058,19.7647,71.8495,10.6237,0.049,6.5862,3.3357,88.1746
2023-12-05,37.3282,55.1916,4.9769,19.9299,54.6199,38.0435,0.067,76.638,19.44,71.5667,10.3693,0.052,6.4524,3.297,87.5052
2023-12-06,37.846,55.6593,5.043,20.7076,54.9429,38.6564,0.068,78.1283,20.0431,72.3681,10.7997,0.052,6.5576,3.3164,86.7114
2023-12-07,37.5635,56.8286,5.0146,21.9715,55.2197,38.9392,0.071,78.6703,19.8111,73.0282,10.7606,0.051,6.5002,3.2487,86.9792
2023-12-08,37.846,57.2496,5.0524,22.6034,55.3581,39.2221,0.069,77.5412,19.7183,72.7924,10.7802,0.051,6.4046,3.2487,87.7251
2023-12-11,37.1399,56.8754,5.0713,22.0687,55.6348,39.5992,0.07,77.5864,20.0431,73.0753,10.8389,0.051,6.2325,3.2197,88.5571
2023-12-12,37.2811,57.4834,5.1374,23.0409,55.9578,40.2592,0.07,78.309,20.3679,73.2167,11.015,0.05,6.3186,3.181,88.4615
2023-12-13,37.1399,57.2028,5.0996,23.1867,55.8655,39.1278,0.072,77.3606,20.6926,73.4996,10.8976,0.05,6.223,3.0553,88.4424
2023-12-14,37.7047,59.3543,5.3357,23.527,56.2807,41.5792,0.07,77.8122,21.3886,75.9983,11.2693,0.053,6.223,3.094,88.9397
2023-12-15,38.8815,59.4947,5.4963,23.4297,56.6036,41.8149,0.079,80.9735,21.8989,78.9685,11.6215,0.05,6.2899,3.2197,88.6049
2023-12-18,38.8345,59.4011,5.4302,23.2353,55.681,42.0978,0.079,79.7541,21.435,77.5541,11.4062,0.052,6.2134,3.1713,89.3126
2023-12-19,38.552,59.214,5.3735,23.1381,55.6348,41.4849,0.077,78.4445,21.435,77.4598,11.4062,0.05,6.1274,3.152,90.948
2023-12-20,38.3167,58.8866,5.4207,23.6728,56.4652,41.3435,0.073,78.6703,21.3422,77.3655,11.4258,0.05,6.1656,3.181,89.963
2023-12-21,38.2696,59.2608,5.4679,23.8672,56.5113,41.6263,0.085,79.3025,21.6206,77.9784,11.641,0.049,6.3473,3.1907,88.4424
2023-12-22,38.505,59.214,5.4679,23.8672,57.0188,41.9563,0.076,80.567,21.5278,78.0256,11.5236,0.049,6.4046,3.1907,90.2307
2023-12-25,38.6619,59.4323,5.4868,23.932,57.2494,41.9878,0.0743,80.8079,21.6051,78.3242,11.5954,0.049,6.4524,3.1939,91.1393
2023-12-26,38.8188,59.6506,5.5057,23.9969,57.4801,42.0192,0.0727,81.0488,21.6824,78.6227,11.6671,0.049,6.5002,3.1971,92.5738
2023-12-27,38.9757,59.8688,5.5246,24.0617,57.7108,42.0506,0.071,81.2896,21.7598,78.9213,11.7388,0.049,6.548,3.2003,94.7638
2023-12-28,39.4935,60.2898,5.6379,24.3047,58.2643,42.3806,0.072,82.6444,22.3629,80.0057,11.8171,0.053,6.787,3.3744,93.3293
2023-12-29,39.3993,60.2898,5.6474,24.4505,58.1259,42.6635,0.074,82.238,22.3165,79.6285,11.8562,0.05,6.8252,3.3937,95.1368
