Date,AENA.MC,ANA.MC,BBVA.MC,CIE.MC,CLNX.MC,FER.MC,GAM.MC,IBG.MC,ITX.MC,MAP.MC,MEL.MC,REP.MC,SAB.MC,SAN.MC,TEF.MC
2023-01-02,111.94084167480469,161.0789794921875,4.855467319488525,22.587722778320312,31.186649322509766,23.468570709228516,1.1200000047683716,12.082520484924316,24.311405181884766,1.570560336112976,4.653685092926025,13.027371406555176,0.776811420917511,2.621307611465454,2.9637529850006104
2023-01-03,112.72948455810547,160.8004608154297,4.928525924682617,22.55968475341797,31.236469268798828,23.439905166625977,1.1200000047683716,12.172690391540527,24.102479934692383,1.5575231313705444,4.689254283905029,12.735779762268066,0.7867528796195984,2.628207206726074,2.972358465194702
2023-01-04,115.4665298461914,162.75010681152344,5.122509956359863,23.17647933959961,31.605125427246094,23.697906494140625,1.1549999713897705,12.307941436767578,24.833721160888672,1.5862051248550415,4.750513076782227,12.397014617919922,0.805950403213501,2.7257187366485596,3.0437846183776855
2023-01-05,117.73968505859375,160.5219268798828,5.167856216430664,23.45684051513672,32.24281311035156,23.640575408935547,1.2000000476837158,12.398110389709473,24.995162963867188,1.5653455257415771,4.88291072845459,12.662879943847656,0.8179488182067871,2.735837697982788,3.048948287963867
2023-01-06,118.5283203125,163.58567810058594,5.214882850646973,23.81196403503418,32.501869201660156,24.099241256713867,1.1950000524520874,12.307941436767578,25.460498809814453,1.5888127088546753,4.950098037719727,13.014508247375488,0.8414313793182373,2.8025317192077637,3.0566930770874023
2023-01-09,118.20358276367188,164.79261779785156,5.271146297454834,23.81196403503418,32.73103713989258,24.319021224975586,1.1950000524520874,13.119455337524414,25.545969009399414,1.5992424488067627,5.04890251159668,13.010117530822754,0.8390316963195801,2.7776942253112793,3.054971933364868
2023-01-10,118.48192596435547,167.39215087890625,5.298858165740967,23.868038177490234,32.481937408447266,24.605690002441406,1.184999942779541,13.389960289001465,25.394023895263672,1.6227096319198608,5.108184814453125,12.983782768249512,0.8520585894584656,2.792872667312622,3.0704619884490967
2023-01-11,120.56950378417969,172.96261596679688,5.267786979675293,23.849346160888672,31.684837341308594,24.328575134277344,1.2200000286102295,13.976051330566406,25.8973445892334,1.596635103225708,5.300853252410889,12.939888000488281,0.8378318548202515,2.7730941772460938,3.085952043533325
2023-01-12,122.6106948852539,172.86976623535156,5.308095932006836,23.924108505249023,31.415815353393555,24.68213653564453,1.190000057220459,14.156386375427246,26.144258499145508,1.5992424488067627,5.55774450302124,13.054011344909668,0.846573531627655,2.836108684539795,3.127258777618408
2023-01-13,125.02302551269531,174.2623748779297,5.342525959014893,24.466140747070312,31.76454734802246,24.940135955810547,1.2300000190734863,13.795714378356934,26.10626983642578,1.6079339981079102,5.661489009857178,13.080348014831543,0.8464021682739258,2.885324239730835,3.122955799102783
2023-01-16,124.3735580444336,175.09796142578125,5.372756481170654,24.727807998657227,32.232845306396484,25.102581024169922,1.2300000190734863,13.570295333862305,26.096773147583008,1.6140180826187134,5.562685012817383,13.005729675292969,0.8314898014068604,2.85082745552063,3.1263978481292725
2023-01-17,125.39413452148438,177.2332763671875,5.387032985687256,25.008169174194336,33.079769134521484,25.389249801635742,1.2599999904632568,13.795714378356934,26.039796829223633,1.628793716430664,5.602206707000732,13.106684684753418,0.827033281326294,2.858646869659424,3.119513750076294
2023-01-18,127.80646514892578,176.58340454101562,5.410545825958252,24.858644485473633,33.69752502441406,25.58991813659668,1.25,13.660462379455566,26.163249969482422,1.627055287361145,5.859097480773926,13.352489471435547,0.8289187550544739,2.8834848403930664,3.0704619884490967
2023-01-19,125.11581420898438,173.42681884765625,5.298858165740967,24.316614151000977,33.109657287597656,25.217247009277344,1.1749999523162842,13.660462379455566,25.545969009399414,1.6035882234573364,5.829456806182861,13.291038513183594,0.8220625519752502,2.8034515380859375,3.030876398086548
2023-01-20,127.57451629638672,174.72657775878906,5.346724510192871,24.76519012451172,36.367820739746094,25.475250244140625,1.2000000476837158,13.795714378356934,25.80238151550293,1.6122797727584839,6.017185211181641,13.479781150817871,0.8313184976577759,2.848987579345703,3.0730435848236084
2023-01-23,126.878662109375,174.355224609375,5.416424751281738,24.839954376220703,36.148616790771484,25.723695755004883,1.1950000524520874,14.156386375427246,25.906843185424805,1.621840476989746,6.0073041915893555,13.63340950012207,0.8397173285484314,2.8476078510284424,3.085952043533325
2023-01-24,127.48172760009766,175.09796142578125,5.4004693031311035,25.10162353515625,36.42760467529297,26.048585891723633,1.1950000524520874,14.066219329833984,26.115766525268555,1.6227096319198608,6.051766395568848,13.42271900177002,0.8464021682739258,2.8554270267486572,3.0480875968933105
2023-01-25,131.10020446777344,173.05545043945312,5.283742904663086,24.839954376220703,36.17850875854492,25.857471466064453,1.1950000524520874,13.885882377624512,26.33418846130371,1.6148872375488281,6.120929718017578,13.198861122131348,0.8541154265403748,2.8457679748535156,2.9964542388916016
2023-01-26,130.07960510253906,171.10580444335938,5.388712406158447,25.13900375366211,35.50096893310547,26.125032424926758,1.2000000476837158,13.5252103805542,26.875497817993164,1.6357468366622925,6.145630359649658,13.326153755187988,0.9478744268417358,2.9382197856903076,2.9697768688201904
2023-01-27,130.45074462890625,170.8272705078125,5.402988433837891,25.624963760375977,36.01908493041992,26.19192123413086,1.2300000190734863,13.840799331665039,26.97046661376953,1.613148808479309,6.0073041915893555,13.400773048400879,0.9975821375846863,2.9175217151641846,2.995593786239624
2023-01-30,128.9662322998047,167.20648193359375,5.407187461853027,25.606271743774414,36.218360900878906,26.13458824157715,1.225000023841858,13.660462379455566,27.122411727905273,1.6148872375488281,5.957902431488037,13.282259941101074,0.9920114874839783,2.9391396045684814,3.0153863430023193
2023-01-31,127.57451629638672,166.1852264404297,5.427340507507324,25.45674705505371,35.750064849853516,25.838363647460938,1.184999942779541,13.705546379089355,27.179391860961914,1.6035882234573364,6.027065277099609,13.24714469909668,1.0262925624847412,2.9464993476867676,3.0007569789886475
2023-02-01,129.3837432861328,167.5778350830078,5.682627201080322,26.166994094848633,35.560752868652344,25.90525245666504,1.2000000476837158,13.705546379089355,27.378822326660156,1.6061956882476807,6.0073041915893555,13.14618968963623,1.040861964225769,2.9883556365966797,3.007641553878784
2023-02-02,131.05381774902344,173.33396911621094,5.7086591720581055,26.297826766967773,37.02542495727539,26.115476608276367,1.190000057220459,13.795714378356934,27.540264129638672,1.601849913597107,6.224674224853516,12.759922981262207,0.9992961287498474,3.1594603061676025,3.0480875968933105
2023-02-03,130.68270874023438,171.01295471191406,5.800192832946777,26.9893856048584,36.25821304321289,26.039030075073242,1.190000057220459,14.336723327636719,27.673215866088867,1.620102047920227,6.224674224853516,12.658967018127441,0.9740138649940491,3.2183351516723633,2.980963945388794
2023-02-06,129.2909698486328,170.9201202392578,5.701941013336182,26.353900909423828,36.30803680419922,25.991252899169922,1.2000000476837158,14.111302375793457,27.340837478637695,1.5905508995056152,6.1159892082214355,12.461445808410645,0.9693002104759216,3.169579267501831,2.9611713886260986
2023-02-07,128.45594787597656,170.9201202392578,5.6910247802734375,26.46604347229004,36.188472747802734,25.828805923461914,1.1950000524520874,14.066219329833984,27.264860153198242,1.5992424488067627,6.076467514038086,12.672137260437012,0.978299081325531,3.2381131649017334,3.0067808628082275
2023-02-08,129.84765625,172.96261596679688,5.670870304107666,26.42866325378418,36.756404876708984,25.867029190063477,1.25,13.840799331665039,27.407310485839844,1.6009807586669922,6.145630359649658,12.935498237609863,1.0070093870162964,3.2459323406219482,3.0601351261138916
2023-02-09,132.77027893066406,171.75567626953125,5.710339069366455,26.241756439208984,37.14499282836914,26.268362045288086,1.2400000095367432,13.976051330566406,27.568754196166992,1.620102047920227,6.106108665466309,12.922331809997559,1.0112946033477783,3.2215545177459717,3.0317370891571045
2023-02-10,127.89925384521484,171.5699920654297,5.6599531173706055,25.681034088134766,37.05531692504883,25.97214126586914,1.2400000095367432,13.976051330566406,26.305702209472656,1.646176815032959,5.829456806182861,13.449055671691895,0.9958680272102356,3.1723392009735107,3.0609958171844482
2023-02-13,130.77548217773438,172.03421020507812,5.7363715171813965,25.43805503845215,37.792640686035156,26.34480857849121,1.2400000095367432,14.111302375793457,26.714054107666016,1.7191855907440186,5.94802188873291,13.405162811279297,1.0134371519088745,3.2017762660980225,3.042924165725708
2023-02-14,130.5899200439453,172.2198944091797,5.77332067489624,25.363292694091797,38.36057662963867,26.23014259338379,1.2400000095367432,14.111302375793457,26.866003036499023,1.69745671749115,6.036945819854736,13.541234016418457,1.014294147491455,3.220174789428711,3.1513540744781494
2023-02-15,131.33216857910156,174.2623748779297,5.77919864654541,25.40067481994629,38.619632720947266,26.19192123413086,1.2000000476837158,14.021136283874512,27.131906509399414,1.6844193935394287,6.086347579956055,13.46661376953125,1.0224359035491943,3.1930370330810547,3.184915781021118
2023-02-16,131.10020446777344,170.17738342285156,5.886687755584717,25.344602584838867,37.77271270751953,26.077255249023438,1.190000057220459,13.976051330566406,27.036941528320312,1.7009334564208984,6.061646938323975,13.523674964904785,1.0391480922698975,3.269390344619751,3.245154619216919
2023-02-17,130.26516723632812,173.42681884765625,5.85813570022583,25.269840240478516,37.84246063232422,25.312803268432617,1.225000023841858,14.111302375793457,27.350330352783203,1.7087557315826416,6.0073041915893555,13.181303977966309,1.0391480922698975,3.241792917251587,3.2838797569274902
2023-02-20,130.033203125,172.68409729003906,5.855616092681885,25.344602584838867,37.6930046081543,25.150358200073242,1.2200000286102295,14.066219329833984,27.150901794433594,1.7087557315826416,5.977663516998291,13.141798973083496,1.0160082578659058,3.2293739318847656,3.2606446743011475
2023-02-21,130.17239379882812,172.03421020507812,5.851417541503906,25.568889617919922,37.60333251953125,24.81591033935547,1.2300000190734863,14.066219329833984,27.008453369140625,1.7122324705123901,5.972723007202148,12.944276809692383,1.0250070095062256,3.240872859954834,3.240851879119873
2023-02-22,128.17758178710938,169.8060302734375,5.83378267288208,25.251148223876953,36.94572067260742,24.615245819091797,1.2350000143051147,13.976051330566406,27.05593490600586,1.7009334564208984,5.864037990570068,12.935498237609863,0.9924399256706238,3.1893575191497803,3.277855634689331
2023-02-23,130.54351806640625,169.34181213378906,5.906002044677734,25.512815475463867,35.9194450378418,25.03569221496582,1.2300000190734863,13.976051330566406,27.074928283691406,1.7339611053466797,5.9628424644470215,13.102295875549316,1.0052952766418457,3.2381131649017334,3.327767848968506
2023-02-24,131.1466064453125,169.62034606933594,5.901803493499756,25.344602584838867,35.76002883911133,24.835023880004883,1.2300000190734863,13.795714378356934,26.80902099609375,1.7539516687393188,5.938141345977783,13.036456108093262,1.0164368152618408,3.2013165950775146,3.3596086502075195
2023-02-27,132.25997924804688,171.3843231201172,6.035324573516846,25.980085372924805,35.68031692504883,24.901912689208984,1.1699999570846558,14.517060279846191,27.540264129638672,1.7626433372497559,6.1357502937316895,13.119852066040039,1.0344343185424805,3.2680106163024902,3.367353677749634
2023-02-28,135.83206176757812,165.34967041015625,6.191518783569336,25.867942810058594,35.43122100830078,25.093027114868164,1.2100000381469727,14.471975326538086,27.625732421875,1.7626433372497559,6.190092086791992,13.172525405883789,1.0575741529464722,3.4243967533111572,3.3122780323028564
2023-03-01,135.69288635253906,163.67852783203125,6.067235469818115,25.90532112121582,34.84335708618164,25.24591636657715,1.1799999475479126,15.012983322143555,27.540264129638672,1.7695965766906738,6.249374866485596,13.334931373596191,1.066572904586792,3.3944993019104004,3.350142478942871
2023-03-02,136.24957275390625,164.14273071289062,6.0966267585754395,25.849252700805664,34.22560119628906,25.542139053344727,1.1699999570846558,14.832649230957031,27.492780685424805,1.7748116254806519,6.140690326690674,13.413941383361816,1.0554317235946655,3.3885200023651123,3.350142478942871
2023-03-03,138.8474578857422,164.42124938964844,6.1957173347473145,25.793180465698242,34.95296096801758,26.239696502685547,1.2400000095367432,14.78756332397461,27.882144927978516,1.7695965766906738,6.209853172302246,13.42271900177002,1.104282259941101,3.4929306507110596,3.356166362762451
2023-03-06,140.5639190673828,162.75010681152344,6.252821445465088,25.251148223876953,34.66401290893555,26.02947425842285,1.25,14.877731323242188,28.110063552856445,1.7852413654327393,6.40252161026001,13.55001163482666,1.1381349563598633,3.5490458011627197,3.412102460861206
2023-03-07,140.3319549560547,163.8642120361328,6.11929988861084,25.10162353515625,34.763648986816406,25.69502830505371,1.2999999523162842,15.05806827545166,27.644725799560547,1.7713348865509033,6.476624965667725,13.536843299865723,1.1089959144592285,3.4639532566070557,3.3845646381378174
2023-03-08,140.98143005371094,164.97828674316406,6.147851467132568,25.232458114624023,35.18212890625,25.5708065032959,1.3250000476837158,15.012297630310059,27.673215866088867,1.7695965766906738,6.432163238525391,13.449055671691895,1.119280219078064,3.5131688117980957,3.385425090789795
2023-03-09,141.5381317138672,163.39999389648438,6.1293768882751465,24.970787048339844,35.1024169921875,25.609027862548828,1.350000023841858,15.05806827545166,27.844158172607422,1.7591665983200073,6.239494800567627,13.238365173339844,1.1162807941436768,3.4667129516601562,3.381122350692749
2023-03-10,143.34735107421875,162.37875366210938,5.920278072357178,24.74650001525879,34.873252868652344,25.484806060791016,1.3849999904632568,14.920759201049805,27.796674728393555,1.729615569114685,6.111048698425293,13.128630638122559,1.0592881441116333,3.3209056854248047,3.370795965194702
2023-03-13,137.8268585205078,161.6360321044922,5.432380199432373,23.868038177490234,35.18212890625,25.169469833374023,1.3450000286102295,15.05806827545166,27.19838523864746,1.6557374000549316,5.844277381896973,12.50094985961914,0.9341620802879333,3.076667547225952,3.2787163257598877
2023-03-14,142.14120483398438,164.32839965820312,5.6179656982421875,24.410066604614258,35.73013687133789,25.7045841217041,1.350000023841858,15.012297630310059,27.70170783996582,1.6626906394958496,6.1159892082214355,12.6326322555542,0.9761564135551453,3.169579267501831,3.2795770168304443
2023-03-15,135.41455078125,160.89329528808594,5.078842639923096,23.606367111206055,35.27180862426758,25.0548038482666,1.340000033378601,14.64614486694336,26.286706924438477,1.5835976600646973,5.775114059448242,11.754755973815918,0.8737414479255676,2.951098680496216,3.2296650409698486
2023-03-16,137.7340850830078,163.58567810058594,5.251832008361816,23.905418395996094,35.19208908081055,25.513473510742188,1.3200000524520874,14.691914558410645,27.321842193603516,1.5922892093658447,5.888739109039307,11.680136680603027,0.8694562315940857,3.027911901473999,3.2029874324798584
2023-03-17,132.1208038330078,164.32839965820312,5.068764686584473,23.120407104492188,33.976505279541016,25.3319149017334,1.3200000524520874,14.64614486694336,27.188888549804688,1.5653455257415771,5.626907825469971,11.838152885437012,0.8421170115470886,2.887164354324341,3.1857762336730957
2023-03-20,131.70327758789062,165.9066925048828,5.232517719268799,23.288623809814453,33.73737335205078,25.475250244140625,1.2799999713897705,14.64614486694336,27.074928283691406,1.5835976600646973,5.7454729080200195,12.057621955871582,0.856515109539032,2.9671971797943115,3.230525255203247
2023-03-21,135.9712371826172,165.81385803222656,5.514675140380859,23.625057220458984,33.647705078125,25.886140823364258,1.284999966621399,14.64614486694336,27.654224395751953,1.628793716430664,5.626907825469971,12.41755199432373,0.9204494953155518,3.105644941329956,3.304532766342163
2023-03-22,134.9970245361328,165.4425048828125,5.529791355133057,23.512914657592773,33.0897331237793,25.924362182617188,1.284999966621399,14.64614486694336,27.796674728393555,1.630531907081604,5.55774450302124,12.518507957458496,0.8955956101417542,3.112544298171997,3.2976484298706055
2023-03-23,136.11041259765625,166.278076171875,5.385353088378906,23.64374542236328,33.42850112915039,26.039030075073242,1.2699999809265137,14.8292236328125,28.167041778564453,1.6157563924789429,5.46388053894043,12.395605087280273,0.8655996322631836,3.0536696910858154,3.2787163257598877
2023-03-24,131.93524169921875,161.45033264160156,5.146862983703613,23.17647933959961,33.876869201660156,25.198137283325195,1.3949999809265137,14.691914558410645,27.692211151123047,1.5888127088546753,5.315674304962158,12.105907440185547,0.8285759687423706,2.9621376991271973,3.2425730228424072
2023-03-27,132.25997924804688,163.12147521972656,5.253511905670166,23.49422264099121,34.26545715332031,25.24591636657715,1.3799999952316284,14.8292236328125,28.195533752441406,1.5992424488067627,5.360136032104492,12.237586975097656,0.8412600159645081,3.026531934738159,3.2890429496765137
2023-03-28,133.37335205078125,163.4928436279297,5.3274102210998535,23.531604766845703,34.82343673706055,25.24591636657715,1.3899999856948853,15.05806827545166,27.920129776000977,1.5922892093658447,5.404597759246826,12.483392715454102,0.8419456481933594,3.05734920501709,3.2795770168304443
2023-03-29,136.52792358398438,165.81385803222656,5.442456245422363,24.036251068115234,35.24190902709961,25.74280548095703,1.3799999952316284,14.691914558410645,28.252513885498047,1.6088030338287354,5.498462200164795,12.544844627380371,0.8650413751602173,3.1102447509765625,3.3363735675811768
2023-03-30,138.19798278808594,168.970458984375,5.558342933654785,24.578283309936523,35.471073150634766,25.723695755004883,1.399999976158142,14.64614486694336,28.812814712524414,1.6235787868499756,5.809695720672607,12.527287483215332,0.8835880160331726,3.175558567047119,3.406078338623047
2023-03-31,138.15159606933594,171.47714233398438,5.518035411834717,24.76519012451172,35.630496978759766,25.886140823364258,1.4199999570846558,14.691914558410645,29.34462547302246,1.6148872375488281,5.87885856628418,12.452667236328125,0.8650413751602173,3.1516408920288086,3.4189867973327637
2023-04-03,136.7135009765625,169.43466186523438,5.531254768371582,24.821260452270508,35.441184997558594,25.74280548095703,1.440000057220459,14.64614486694336,28.86029815673828,1.6148872375488281,5.888739109039307,12.663357734680176,0.8599673509597778,3.16267991065979,3.4396400451660156
2023-04-04,136.29595947265625,170.5951690673828,5.628201961517334,24.578283309936523,36.44752883911133,25.857471466064453,1.4199999570846558,14.64614486694336,29.03123664855957,1.6114106178283691,5.7998151779174805,12.255145072937012,0.8673160076141357,3.170039415359497,3.3966124057769775
2023-04-05,137.50213623046875,175.33006286621094,5.69342041015625,24.12970542907715,37.68303680419922,25.95302963256836,1.4900000095367432,14.691914558410645,29.221172332763672,1.6227096319198608,5.646668910980225,12.338543891906738,0.8461449146270752,3.1442816257476807,3.4723410606384277
2023-04-06,139.1721954345703,172.03421020507812,5.799180507659912,23.83065414428711,37.90224075317383,25.96258544921875,1.5099999904632568,14.966530799865723,28.917278289794922,1.64443838596344,5.750413417816162,12.34293270111084,0.8736148476600647,3.241792917251587,3.4964370727539062
2023-04-11,139.6361083984375,164.74618530273438,5.7128095626831055,24.18577766418457,37.3741569519043,25.61858367919922,1.4800000190734863,14.874991416931152,28.955265045166016,1.667905569076538,5.725712299346924,12.382436752319336,0.8787764310836792,3.149801015853882,3.5024609565734863
2023-04-12,139.96084594726562,165.81385803222656,5.815044403076172,24.260540008544922,37.53357696533203,25.933917999267578,1.5099999904632568,14.64614486694336,28.879291534423828,1.6652981042861938,5.691130638122559,12.149800300598145,0.8662661910057068,3.2036163806915283,3.4938552379608154
2023-04-13,140.00723266601562,164.97828674316406,5.841484546661377,24.260540008544922,38.08158874511719,26.17281150817871,1.5,14.600375175476074,29.411102294921875,1.6861579418182373,5.794874668121338,12.272701263427734,0.8737897276878357,3.2008564472198486,3.492994785308838
2023-04-14,139.82167053222656,164.281982421875,5.9983625411987305,24.76519012451172,38.380496978759766,26.363920211791992,1.5099999904632568,14.463068962097168,29.525062561035156,1.6826812028884888,5.844277381896973,12.141020774841309,0.8980228304862976,3.32136607170105,3.4852497577667236
2023-04-17,141.81646728515625,164.5140838623047,5.915517330169678,25.08293342590332,38.470176696777344,26.373476028442383,1.5099999904632568,14.8292236328125,29.885934829711914,1.6652981042861938,5.888739109039307,12.277091979980469,0.9023970365524292,3.256051778793335,3.503321647644043
2023-04-18,142.46592712402344,160.8004608154297,6.047717094421387,25.43805503845215,38.08158874511719,26.411697387695312,1.440000057220459,14.64614486694336,29.866941452026367,1.640961766242981,5.9085001945495605,12.026896476745605,0.9308293461799622,3.31170654296875,3.5248355865478516
2023-04-19,143.71849060058594,162.88937377929688,6.097071647644043,25.43805503845215,38.20115280151367,26.937257766723633,1.440000057220459,14.463068962097168,29.914426803588867,1.6600831747055054,5.933201313018799,11.882047653198242,0.9435145854949951,3.3462038040161133,3.53774356842041
2023-04-20,143.811279296875,161.4967498779297,6.005413055419922,25.21376609802246,38.1413688659668,26.994592666625977,1.4900000095367432,14.64614486694336,29.70549774169922,1.6453076601028442,5.849217414855957,11.684526443481445,0.9303920865058899,3.2946882247924805,3.5059027671813965
2023-04-21,142.23399353027344,160.8468780517578,5.97721004486084,25.120311737060547,37.90224075317383,26.688812255859375,1.4299999475479126,14.554606437683105,29.838451385498047,1.6366159915924072,5.824516296386719,11.710862159729004,0.9238306283950806,3.2606513500213623,3.488691806793213
2023-04-24,143.34735107421875,162.00738525390625,6.005413055419922,24.76519012451172,37.76274871826172,26.918148040771484,1.4299999475479126,14.325759887695312,29.743484497070312,1.6366159915924072,5.804755687713623,11.952278137207031,0.9146448373794556,3.2578914165496826,3.4508275985717773
2023-04-25,142.88345336914062,160.8004608154297,5.859111309051514,24.578283309936523,37.64318084716797,26.985034942626953,1.3899999856948853,14.234223365783691,29.800464630126953,1.6340086460113525,5.780054092407227,11.93911075592041,0.8743147253990173,3.063328742980957,3.4172656536102295
2023-04-26,140.88865661621094,160.28982543945312,5.8890767097473145,24.596973419189453,37.86238098144531,26.918148040771484,1.3799999952316284,14.463068962097168,29.933420181274414,1.6001116037368774,5.701010704040527,12.053234100341797,0.8743147253990173,3.0302116870880127,3.4998788833618164
2023-04-27,140.47113037109375,160.1505584716797,6.072393894195557,24.914714813232422,37.702964782714844,27.013702392578125,1.3799999952316284,14.783452033996582,30.001182556152344,1.632270336151123,5.7108917236328125,11.566012382507324,0.8901493549346924,3.075648069381714,3.544628143310547
2023-04-28,141.86285400390625,155.9727325439453,5.860874176025391,25.53150749206543,38.031768798828125,27.166593551635742,1.4500000476837158,14.508838653564453,30.165760040283203,1.5792518854141235,5.794874668121338,11.715250968933105,0.8265484571456909,2.985243320465088,3.549791097640991
2023-05-02,140.47439575195312,155.6013641357422,5.6440653800964355,25.269840240478516,37.53357696533203,27.12837028503418,1.399999976158142,14.463068962097168,29.846288681030273,1.5479625463485718,5.70595121383667,11.162189483642578,0.7978537082672119,2.9079537391662598,3.482668161392212
2023-05-03,141.57559204101562,154.7657928466797,5.543593406677246,25.288528442382812,37.702964782714844,27.529705047607422,1.3600000143051147,14.417298316955566,30.039907455444336,1.5575231313705444,5.696070671081543,10.995392799377441,0.7878805994987488,2.922943115234375,3.505042552947998
2023-05-04,136.6920166015625,154.90505981445312,5.446646690368652,25.980085372924805,37.971988677978516,27.501039505004883,1.340000033378601,14.508838653564453,30.42714500427246,1.5618687868118286,5.602206707000732,11.166579246520996,0.7702087759971619,2.863922357559204,3.4482457637786865
2023-05-05,139.8998565673828,157.551025390625,5.543593406677246,26.858549118041992,38.111480712890625,27.749483108520508,1.4299999475479126,14.325759887695312,30.659486770629883,1.5905508995056152,5.760293483734131,11.412384033203125,0.7922547459602356,2.9501116275787354,3.463736057281494
2023-05-08,140.857421875,157.17965698242188,5.629964351654053,26.372589111328125,37.76274871826172,27.80681800842285,1.440000057220459,14.463068962097168,31.037046432495117,1.613148808479309,5.7454729080200195,11.52211856842041,0.8018779754638672,2.9857115745544434,3.453409194946289
2023-05-09,142.67678833007812,156.80828857421875,5.561220169067383,26.596879959106445,37.11510467529297,27.730371475219727,1.440000057220459,14.8292236328125,30.42714500427246,1.6114106178283691,5.681250095367432,11.421163558959961,0.8113262057304382,2.983837842941284,3.4482457637786865
2023-05-10,143.2034454345703,158.572265625,5.554169654846191,26.690332412719727,36.95568084716797,27.529705047607422,1.440000057220459,14.554606437683105,30.2335262298584,1.6174947023391724,5.621967315673828,11.504561424255371,0.8017030954360962,2.9449591636657715,3.468039035797119
2023-05-11,143.2034454345703,158.1080780029297,5.76216459274292,26.14830207824707,37.51365280151367,27.42459487915039,1.399999976158142,14.417298316955566,30.30129051208496,1.6009807586669922,5.602206707000732,11.465057373046875,0.8003032207489014,2.9407432079315186,3.3105571269989014
2023-05-12,145.59735107421875,155.6013641357422,5.815044403076172,26.07353973388672,37.71292495727539,27.950151443481445,1.399999976158142,14.463068962097168,30.485231399536133,1.6166255474090576,5.290972709655762,11.552844047546387,0.7978537082672119,2.9440219402313232,3.3372342586517334
2023-05-15,142.24588012695312,156.62261962890625,5.571796417236328,26.09222984313965,37.90224075317383,27.615705490112305,1.4299999475479126,14.966530799865723,30.25288963317871,1.621840476989746,5.384836673736572,11.671358108520508,0.8074769377708435,2.949174642562866,3.3785407543182373
2023-05-16,143.6343536376953,155.74061584472656,5.552407264709473,26.09222984313965,38.071624755859375,27.80681800842285,1.4199999570846558,14.783452033996582,29.93341827392578,1.6192328929901123,5.419418811798096,11.605517387390137,0.8083517551422119,2.941211700439453,3.4095206260681152
2023-05-17,146.02825927734375,153.7909698486328,5.612338066101074,26.166994094848633,38.36057662963867,27.98837661743164,1.440000057220459,14.691914558410645,30.281930923461914,1.6279244422912598,5.631847858428955,11.623074531555176,0.8232240676879883,2.958543062210083,3.387146472930908
2023-05-18,144.54403686523438,152.67686462402344,5.696945667266846,26.353900909423828,37.75278091430664,28.064821243286133,1.4600000381469727,14.691914558410645,30.320653915405273,1.6418309211730957,5.780054092407227,11.737196922302246,0.8342470526695251,2.974937915802002,3.385425090789795
2023-05-19,144.40040588378906,153.97665405273438,5.721623420715332,26.297826766967773,38.06166458129883,28.16992950439453,1.4800000190734863,14.554606437683105,30.3884220123291,1.664428949356079,5.740532398223877,11.737196922302246,0.832147479057312,2.9978907108306885,3.3776803016662598
2023-05-22,144.5919189453125,154.20875549316406,5.732199192047119,26.223066329956055,38.36057662963867,28.418376922607422,1.440000057220459,14.8292236328125,30.640127182006836,1.7040040493011475,5.868978500366211,11.737196922302246,0.8470197319984436,3.0255274772644043,3.3991940021514893
2023-05-23,142.197998046875,154.02305603027344,5.721623420715332,26.503427505493164,38.13140869140625,28.131710052490234,1.4800000190734863,14.73768424987793,30.078630447387695,1.7112822532653809,5.873918533325195,11.715250968933105,0.8505190014839172,3.0213115215301514,3.437058448791504
2023-05-24,140.23500061035156,153.1875,5.587660789489746,26.279136657714844,37.60333251953125,27.84503936767578,1.4299999475479126,14.64614486694336,29.788204193115234,1.6821694374084473,5.740532398223877,11.750367164611816,0.8310976624488831,2.9430854320526123,3.438779592514038
2023-05-25,138.46351623535156,148.91680908203125,5.654641628265381,26.223066329956055,36.895896911621094,27.701705932617188,1.4299999475479126,14.874991416931152,29.817245483398438,1.675801157951355,5.775114059448242,11.421163558959961,0.8435203433036804,2.955732583999634,3.381122350692749
2023-05-26,140.47439575195312,148.6383056640625,5.711047172546387,26.44735336303711,37.085208892822266,27.682592391967773,1.4199999570846558,14.600375175476074,30.136714935302734,1.6848987340927124,5.844277381896973,11.478224754333496,0.8477195501327515,2.9950802326202393,3.381122350692749
2023-05-29,140.71377563476562,149.75238037109375,5.640541076660156,26.559497833251953,36.975608825683594,27.825929641723633,1.4199999570846558,14.874991416931152,30.243207931518555,1.6985455751419067,5.760293483734131,11.557233810424805,0.8459699153900146,2.9440219402313232,3.4189867973327637
2023-05-30,141.09681701660156,147.15283203125,5.603524208068848,26.42866325378418,37.543548583984375,27.76859474182129,1.3899999856948853,14.783452033996582,30.446508407592773,1.6885379552841187,5.864037990570068,11.29387092590332,0.8401959538459778,2.914043426513672,3.3690743446350098
2023-05-31,139.99560546875,140.4683074951172,5.393766403198242,24.989479064941406,37.77271270751953,27.663484573364258,1.4199999570846558,14.8292236328125,30.29161262512207,1.6721620559692383,5.859097480773926,11.140242576599121,0.8083517551422119,2.8526804447174072,3.416405200958252
2023-06-01,140.52227783203125,143.7177276611328,5.5136284828186035,25.120311737060547,37.85242462158203,27.84503936767578,1.4199999570846558,14.920759201049805,30.446508407592773,1.6748913526535034,6.0073041915893555,11.407995223999023,0.8426454663276672,2.917790651321411,3.3742382526397705
2023-06-02,140.61802673339844,145.6209716796875,5.719860553741455,25.75579833984375,38.06166458129883,27.98837661743164,1.4199999570846558,14.783452033996582,31.12417221069336,1.7131017446517944,6.101168632507324,11.737196922302246,0.8715152740478516,3.0072591304779053,3.348421096801758
2023-06-05,138.655029296875,146.9671630859375,5.696945667266846,26.09222984313965,37.86238098144531,27.97882080078125,1.440000057220459,14.8292236328125,31.007999420166016,1.7058236598968506,6.061646938323975,11.631853103637695,0.8552431464195251,2.981964349746704,3.3759591579437256
2023-06-06,138.55926513671875,147.7563018798828,5.709284782409668,26.52211570739746,37.91220474243164,27.873706817626953,1.4299999475479126,15.05806827545166,30.80470085144043,1.7112822532653809,6.125869274139404,11.675747871398926,0.8660911917686462,3.006322145462036,3.307114601135254
2023-06-07,139.4689483642578,146.9207305908203,5.71809720993042,26.634262084960938,37.85242462158203,27.711259841918945,1.409999966621399,15.104259490966797,32.556949615478516,1.7231093645095825,6.106108665466309,11.824987411499023,0.8725650310516357,3.0081958770751953,3.345839500427246
2023-06-08,136.35687255859375,146.78147888183594,5.804468154907227,26.297826766967773,37.60333251953125,27.587039947509766,1.4199999570846558,15.150447845458984,32.305240631103516,1.7030943632125854,6.155510902404785,11.84254264831543,0.8792137503623962,3.0231852531433105,3.33551287651062
2023-06-09,136.35687255859375,147.9884033203125,5.737487316131592,26.634262084960938,36.875972747802734,27.47237205505371,1.399999976158142,15.058067321777344,32.18907165527344,1.6949063539505005,6.264195919036865,11.84254264831543,0.874139666557312,2.999295949935913,3.344118595123291
2023-06-12,137.36231994628906,149.98448181152344,5.776266098022461,26.634262084960938,36.59698486328125,27.501039505004883,1.4600000381469727,14.780925750732422,32.68280029296875,1.6812598705291748,6.348179817199707,11.724029541015625,0.8709902763366699,2.9875850677490234,3.308835744857788
2023-06-13,139.08592224121094,149.98448181152344,5.756876468658447,26.97069549560547,36.298072814941406,27.44370460510254,1.440000057220459,15.196640014648438,33.02163314819336,1.6848987340927124,6.303717613220215,11.899605751037598,0.8727400302886963,2.9903957843780518,3.2649569511413574
2023-06-14,142.00650024414062,150.4951171875,5.971921920776367,27.17629051208496,36.324745178222656,27.558372497558594,1.4500000476837158,15.289019584655762,33.118438720703125,1.692177176475525,6.358059883117676,11.890826225280762,0.8914616107940674,3.0447325706481934,3.2533154487609863
2023-06-15,142.43739318847656,151.79489135742188,5.934906482696533,26.652950286865234,36.254966735839844,27.634817123413086,1.4299999475479126,15.01187801361084,33.54440689086914,1.686718463897705,6.40252161026001,11.912773132324219,0.8761518597602844,2.99226975440979,3.2730162143707275
2023-06-16,141.33621215820312,151.79489135742188,5.9842610359191895,26.46604347229004,36.54404830932617,28.236818313598633,1.4299999475479126,14.780925750732422,33.29269790649414,1.6694328784942627,6.328418731689453,12.018117904663086,0.8927736878395081,3.0170958042144775,3.243464946746826
2023-06-19,141.71922302246094,150.12374877929688,5.991311073303223,25.998775482177734,36.195159912109375,27.825929641723633,1.4600000381469727,14.873307228088379,32.818336486816406,1.6521470546722412,6.274075984954834,11.952278137207031,0.8958357572555542,3.0091326236724854,3.275702714920044
2023-06-20,141.47982788085938,149.9380645751953,5.9401936531066895,25.924015045166016,36.06557083129883,28.208152770996094,1.409999966621399,14.919496536254883,33.02163314819336,1.6457785367965698,6.244434833526611,11.710862159729004,0.891024112701416,2.991332769393921,3.2667477130889893
2023-06-21,142.58102416992188,147.10641479492188,5.966634273529053,25.71841812133789,35.54721450805664,28.093486785888672,1.409999966621399,14.734734535217285,33.26365661621094,1.628492832183838,6.091288089752197,11.80303955078125,0.905458927154541,3.0016379356384277,3.2577929496765137
2023-06-22,141.6234588623047,145.8530731201172,5.933143138885498,25.737110137939453,35.80638885498047,27.825929641723633,1.4500000476837158,14.688545227050781,32.91514205932617,1.6303126811981201,6.274075984954834,11.631853103637695,0.8892744183540344,2.956669330596924,3.235405683517456
2023-06-23,138.7986602783203,142.97500610351562,5.862636566162109,25.606271743774414,36.225067138671875,27.28125762939453,1.4299999475479126,14.688545227050781,32.818336486816406,1.6175756454467773,6.145630359649658,11.368490219116211,0.8701154589653015,2.8723537921905518,3.2613749504089355
2023-06-26,138.3198699951172,145.06393432617188,5.947244644165039,25.512815475463867,36.005760192871094,27.14748191833496,1.4199999570846558,14.59616470336914,32.847373962402344,1.6057486534118652,6.155510902404785,11.49139404296875,0.8827130794525146,2.8887484073638916,3.237196683883667
2023-06-27,140.18711853027344,146.73504638671875,5.978972911834717,25.512815475463867,36.18518829345703,27.12837028503418,1.4500000476837158,14.59616470336914,33.341102600097656,1.6193952560424805,6.224674224853516,11.469446182250977,0.8975854516029358,2.9936747550964355,3.2685387134552
2023-06-28,141.71922302246094,146.31727600097656,6.040666103363037,25.849252700805664,36.583927154541016,27.319480895996094,1.5,14.319022178649902,33.37014389038086,1.6357711553573608,6.259255409240723,11.539676666259766,0.9019595980644226,3.100943088531494,3.277493715286255
2023-06-29,141.5277099609375,144.785400390625,6.132325172424316,25.886632919311523,36.46430587768555,27.40548324584961,1.5199999809265137,14.041879653930664,33.87355422973633,1.6421395540237427,6.244434833526611,11.65818977355957,0.9150822162628174,3.13045334815979,3.30256724357605
2023-06-30,141.71922302246094,144.27476501464844,6.197544097900391,26.166994094848633,36.87301254272461,27.682592391967773,1.4700000286102295,13.94950008392334,34.328556060791016,1.654876470565796,6.274075984954834,11.702083587646484,0.9220809936523438,3.171205997467041,3.327641248703003
2023-07-03,140.2828826904297,141.39671325683594,6.248661518096924,26.353900909423828,36.88297653198242,27.950151443481445,1.5099999904632568,14.226640701293945,34.07685470581055,1.6839890480041504,6.288896560668945,11.969836235046387,0.9500758051872253,3.2227323055267334,3.3822662830352783
2023-07-04,140.857421875,141.02345275878906,6.190493106842041,26.01746940612793,37.1022834777832,28.055265426635742,1.4500000476837158,14.041879653930664,34.163978576660156,1.6776206493377686,6.298777103424072,11.942805290222168,0.9422023296356201,3.1669905185699463,3.360774278640747
2023-07-05,139.08592224121094,135.8570556640625,6.132325172424316,26.415021896362305,37.002593994140625,28.039846420288086,1.4199999570846558,14.180451393127441,34.318878173828125,1.6312222480773926,6.185152530670166,11.861714363098145,0.9369531273841858,3.1360745429992676,3.3446552753448486
2023-07-06,136.73989868164062,133.1781768798828,6.028327941894531,26.28218650817871,36.76335525512695,27.58696937561035,1.4199999570846558,14.180451393127441,32.982906341552734,1.6075681447982788,5.94802188873291,11.595917701721191,0.9260177612304688,3.0395796298980713,3.289135217666626
2023-07-07,138.89442443847656,132.22145080566406,6.0759196281433105,26.415021896362305,36.13534927368164,27.52915382385254,1.4299999475479126,13.995688438415527,32.99258804321289,1.618485450744629,6.086347579956055,11.483293533325195,0.9548874497413635,3.0578484535217285,3.2515244483947754
2023-07-10,138.84654235839844,128.44232177734375,6.0618181228637695,26.320138931274414,36.085506439208984,27.78931999206543,1.409999966621399,14.226640701293945,33.21525192260742,1.620305061340332,6.353119373321533,11.465272903442383,0.9505133628845215,3.0690906047821045,3.2425694465637207
2023-07-11,141.43194580078125,131.21685791015625,6.118223667144775,26.111400604248047,36.085506439208984,27.837495803833008,1.4199999570846558,14.134260177612305,33.341102600097656,1.628492832183838,6.501326084136963,11.604928970336914,0.9715093374252319,3.1238958835601807,3.2398831844329834
2023-07-12,139.22955322265625,131.8865966796875,6.262762546539307,26.206283569335938,36.68360900878906,27.866403579711914,1.440000057220459,14.319022178649902,33.815467834472656,1.6339515447616577,6.501326084136963,11.640969276428223,0.9833195805549622,3.2541165351867676,3.277493715286255
2023-07-13,137.6495819091797,132.69981384277344,6.250423431396484,26.168331146240234,37.31161880493164,27.635149002075195,1.409999966621399,14.180451393127441,33.71866226196289,1.638500452041626,6.442043304443359,11.740078926086426,0.9881313443183899,3.270042657852173,3.273911714553833
2023-07-14,135.0641632080078,132.269287109375,6.239847660064697,25.750850677490234,37.461143493652344,28.049484252929688,1.409999966621399,13.94950008392334,33.92196273803711,1.620305061340332,6.461804389953613,11.384182929992676,0.9802578091621399,3.2419373989105225,3.272120714187622
2023-07-17,135.78233337402344,131.9822540283203,6.255711555480957,25.447229385375977,37.07237243652344,28.116931915283203,1.399999976158142,14.134260177612305,34.02845001220703,1.6266734600067139,6.442043304443359,11.420223236083984,0.9841945767402649,3.2306954860687256,3.2810757160186768
2023-07-18,136.78778076171875,132.7954864501953,6.312118053436279,26.016517639160156,36.68360900878906,28.367460250854492,1.3700000047683716,14.503783226013184,33.79610824584961,1.6339515447616577,6.392641067504883,11.564383506774902,0.9916306734085083,3.288311243057251,3.2425694465637207
2023-07-19,136.93141174316406,132.07794189453125,6.26099967956543,26.3770694732666,36.70354461669922,28.685436248779297,1.4199999570846558,14.088069915771484,33.12812423706055,1.655786156654358,6.382761001586914,11.672504425048828,0.9872564673423767,3.277069091796875,3.260479211807251
2023-07-20,137.84109497070312,130.0687713623047,6.340319633483887,26.547855377197266,36.38455581665039,28.9937801361084,1.409999966621399,14.041879653930664,33.28302001953125,1.6739815473556519,6.36299991607666,11.98335075378418,0.9855067729949951,3.302363872528076,3.3034627437591553
2023-07-21,137.84109497070312,134.46978759765625,6.280389308929443,26.642738342285156,36.643733978271484,29.022686004638672,1.4199999570846558,14.226640701293945,33.68961715698242,1.6803500652313232,6.348179817199707,12.181571960449219,0.9828823208808899,3.305642604827881,3.3365960121154785
2023-07-24,135.87808227539062,135.57003784179688,6.273338794708252,26.851476669311523,36.583927154541016,29.070865631103516,1.409999966621399,14.226640701293945,33.38951110839844,1.657605767250061,6.279016494750977,12.514942169189453,0.9754461646080017,3.2976796627044678,3.3822662830352783
2023-07-25,135.39930725097656,136.28758239746094,6.283914566040039,27.420766830444336,36.274906158447266,29.09013557434082,1.4199999570846558,13.903308868408203,32.91514205932617,1.6521470546722412,6.254315376281738,12.343750953674316,0.9960048198699951,3.3145430088043213,3.357192277908325
2023-07-26,138.27198791503906,138.05755615234375,6.268050670623779,27.325883865356445,36.48423767089844,29.08049964904785,1.3799999952316284,13.810927391052246,33.04099655151367,1.6612447500228882,6.274075984954834,12.429347038269043,1.0003790855407715,3.418531894683838,3.4153990745544434
2023-07-27,137.9847412109375,137.38784790039062,6.363234519958496,27.174072265625,36.66366958618164,29.119041442871094,1.4199999570846558,14.041879653930664,33.64120864868164,1.6885379552841187,6.392641067504883,12.32573127746582,1.0148138999938965,3.4738056659698486,3.5371859073638916
2023-07-28,138.27198791503906,133.7043914794922,6.461944580078125,27.098167419433594,38.27854919433594,29.099773406982422,1.440000057220459,14.226640701293945,33.60248947143555,1.7485829591751099,6.4519243240356445,12.379792213439941,0.9942551851272583,3.4452319145202637,3.5183801651000977
2023-07-31,139.22955322265625,130.45147705078125,6.354421615600586,27.02226448059082,37.02253723144531,29.04195785522461,1.4700000286102295,14.780925750732422,33.69929885864258,1.7203800678253174,6.600130558013916,12.523951530456543,0.9789454340934753,3.450853109359741,3.4718151092529297
2023-08-01,137.9847412109375,128.72935485839844,6.169341087341309,27.003286361694336,36.4543342590332,29.003416061401367,1.4600000381469727,14.734734535217285,33.244293212890625,1.7121919393539429,6.600130558013916,12.348257064819336,0.9583866596221924,3.371689796447754,3.4270405769348145
2023-08-02,137.93685913085938,128.0117950439453,6.0618181228637695,26.47195053100586,36.40449523925781,28.762523651123047,1.4500000476837158,14.734734535217285,32.411739349365234,1.687628149986267,6.303717613220215,12.2266206741333,0.9360783100128174,3.304705858230591,3.1861536502838135
2023-08-03,137.88897705078125,126.14615631103516,6.056530475616455,25.46620750427246,35.91604232788086,28.406002044677734,1.4700000286102295,14.734734535217285,32.33428955078125,1.7040040493011475,6.175271987915039,12.294197082519531,0.9505133628845215,3.3590426445007324,3.148543357849121
2023-08-04,139.42108154296875,129.11204528808594,6.102359771728516,25.731874465942383,36.085506439208984,28.67580223083496,1.4700000286102295,14.780925750732422,32.566627502441406,1.724928855895996,6.259255409240723,12.406822204589844,0.9470138549804688,3.3805899620056152,3.165557622909546
2023-08-07,138.7507781982422,126.62452697753906,6.141138553619385,25.69392204284668,35.90607452392578,28.627622604370117,1.4700000286102295,14.873307228088379,32.121307373046875,1.722199559211731,6.279016494750977,12.442863464355469,0.9535751342773438,3.3923003673553467,3.146752119064331
2023-08-08,139.22955322265625,126.48100280761719,6.023040294647217,25.447229385375977,35.736610412597656,28.627622604370117,1.4800000190734863,14.780925750732422,32.14067077636719,1.6949063539505005,6.318538188934326,12.334741592407227,0.9330164194107056,3.300490140914917,3.148543357849121
2023-08-09,140.2828826904297,125.859130859375,6.090020656585693,25.523134231567383,35.8961067199707,28.74325180053711,1.440000057220459,14.688545227050781,32.40205383300781,1.7121919393539429,6.298777103424072,12.60053825378418,0.9426396489143372,3.3253164291381836,3.1942131519317627
2023-08-10,141.33621215820312,128.8728485107422,6.315642833709717,25.580062866210938,36.37459182739258,29.099773406982422,1.4800000190734863,14.688545227050781,32.74088668823242,1.732207179069519,6.318538188934326,12.744698524475098,0.9535751342773438,3.4171268939971924,3.254210948944092
2023-08-11,139.1816864013672,126.67234802246094,6.327980995178223,25.409276962280273,35.86620330810547,28.887786865234375,1.4500000476837158,14.688545227050781,32.23747634887695,1.7203800678253174,6.264195919036865,12.713162422180176,0.9527002573013306,3.3656005859375,3.254210948944092
2023-08-14,138.46351623535156,125.66778564453125,6.347370624542236,25.46620750427246,35.607025146484375,28.762523651123047,1.4700000286102295,14.688545227050781,32.48918151855469,1.7231093645095825,6.199973106384277,12.483407020568848,0.9640731811523438,3.3693480491638184,3.2685387134552
2023-08-15,137.55381774902344,123.03675079345703,6.268050670623779,25.46620750427246,35.37775421142578,28.646894454956055,1.4700000286102295,14.688545227050781,32.4795036315918,1.7167408466339111,6.190092086791992,12.388801574707031,0.9535751342773438,3.3417108058929443,3.243464946746826
2023-08-16,138.9423065185547,122.22351837158203,6.248661518096924,25.61801528930664,35.148475646972656,28.44454574584961,1.440000057220459,14.503783226013184,32.80865478515625,1.7176506519317627,6.140690326690674,12.366276741027832,0.9540126323699951,3.331874370574951,3.223764181137085
2023-08-17,133.91510009765625,119.01844024658203,6.2380852699279785,25.50415802001953,34.13170623779297,28.126567840576172,1.4600000381469727,14.549973487854004,32.91514205932617,1.7194701433181763,6.046825885772705,12.447366714477539,0.9596990346908569,3.3323426246643066,3.2264506816864014
2023-08-18,133.57994079589844,119.25762176513672,6.2222208976745605,25.599040985107422,34.26129150390625,27.770044326782227,1.4500000476837158,14.549973487854004,32.905460357666016,1.714011549949646,6.022124767303467,12.48791217803955,0.9627609252929688,3.3271901607513428,3.247046947479248
2023-08-21,132.5745086669922,118.06169891357422,6.2539496421813965,25.61801528930664,33.85258865356445,27.741140365600586,1.4800000190734863,14.411402702331543,33.02163314819336,1.7094626426696777,6.012244701385498,12.618557929992676,0.9701971411705017,3.336090326309204,3.2309281826019287
2023-08-22,133.10116577148438,119.01844024658203,6.282151699066162,25.636993408203125,33.93233871459961,28.088024139404297,1.4299999475479126,14.503783226013184,33.38951110839844,1.7267484664916992,6.0073041915893555,12.537467956542969,0.9671351909637451,3.3506109714508057,3.2309281826019287
2023-08-23,133.9629669189453,120.40570831298828,6.2380852699279785,25.314395904541016,34.490562438964844,27.962759017944336,1.440000057220459,14.365213394165039,33.06035614013672,1.7185603380203247,6.027065277099609,12.361772537231445,0.9535751342773438,3.310795307159424,3.2819712162017822
2023-08-24,135.78233337402344,120.16651916503906,6.320930480957031,25.37132453918457,34.21145248413086,27.92421531677246,1.4299999475479126,14.688545227050781,32.905460357666016,1.734026551246643,5.9529619216918945,12.478902816772461,0.9570744633674622,3.312669038772583,3.30435848236084
2023-08-25,134.01084899902344,120.83624267578125,6.301541805267334,25.56108856201172,34.181549072265625,27.847131729125977,1.440000057220459,14.549973487854004,33.118438720703125,1.7422144412994385,5.859097480773926,12.681628227233887,0.9535751342773438,3.3145430088043213,3.3016719818115234
2023-08-28,135.159912109375,122.60620880126953,6.416114807128906,25.71289825439453,34.62015914916992,28.039846420288086,1.440000057220459,14.549973487854004,33.4863166809082,1.7649588584899902,5.928260803222656,12.843809127807617,0.9728217124938965,3.3487372398376465,3.341073513031006
2023-08-29,138.70291137695312,127.58126068115234,6.477808475494385,26.13037872314453,35.08866882324219,28.194015502929688,1.4199999570846558,14.59616470336914,34.11558151245117,1.7713273763656616,6.071527004241943,12.94291877746582,0.9820073843002319,3.402137279510498,3.3983850479125977
2023-08-30,138.55926513671875,126.14615631103516,6.516587257385254,26.35809326171875,34.89927291870117,28.174745559692383,1.4299999475479126,14.642355918884277,34.19302749633789,1.7731468677520752,6.041885852813721,12.974453926086426,0.9837571978569031,3.399326801300049,3.4171900749206543
2023-08-31,138.84654235839844,126.14615631103516,6.403776168823242,26.642738342285156,35.1883544921875,28.18438148498535,1.399999976158142,14.688545227050781,34.231746673583984,1.7749662399291992,5.9628424644470215,12.812273979187012,0.9343286752700806,3.3745005130767822,3.424353837966919
2023-09-01,138.3198699951172,124.37618255615234,6.402013301849365,26.263212203979492,35.41762924194336,28.06875228881836,1.3700000047683716,14.549973487854004,33.883235931396484,1.7795151472091675,5.967782497406006,13.253766059875488,0.9303920865058899,3.2972114086151123,3.42793607711792
2023-09-04,138.89442443847656,122.3191909790039,6.423165798187256,26.47195053100586,35.58708953857422,28.06875228881836,1.340000033378601,14.59616470336914,33.83483123779297,1.7795151472091675,5.928260803222656,13.19970417022705,0.9282047748565674,3.2929954528808594,3.360774278640747
2023-09-05,138.70291137695312,120.88407897949219,6.306829452514648,26.39604377746582,35.457496643066406,28.039846420288086,1.440000057220459,14.503783226013184,34.28982925415039,1.7786054611206055,5.918380260467529,13.258271217346191,0.9282047748565674,3.2817533016204834,3.358983278274536
2023-09-06,137.84109497070312,120.40570831298828,6.186967849731445,26.509902954101562,35.01889419555664,28.039846420288086,1.3799999952316284,14.457592010498047,34.154300689697266,1.7740566730499268,5.844277381896973,13.150151252746582,0.8980228304862976,3.191816806793213,3.3679380416870117
2023-09-07,138.7507781982422,121.41028594970703,6.119986534118652,26.13037872314453,34.630123138427734,28.31928062438965,1.409999966621399,14.503783226013184,33.95100021362305,1.781334638595581,5.849217414855957,13.177180290222168,0.8897117972373962,3.1627745628356934,3.437786340713501
2023-09-08,139.8998565673828,122.89322662353516,6.142900466918945,25.37132453918457,34.44072723388672,28.569807052612305,1.340000033378601,14.59616470336914,34.163978576660156,1.7913422584533691,5.938141345977783,13.424956321716309,0.9045841693878174,3.192753314971924,3.4440548419952393
2023-09-11,140.90528869628906,123.70646667480469,6.231034755706787,25.333372116088867,34.88930130004883,28.704710006713867,1.3899999856948853,14.226640701293945,34.65770721435547,1.7940716743469238,5.977663516998291,13.582632064819336,0.9155195951461792,3.217111110687256,3.4870386123657227
2023-09-12,143.34707641601562,122.17567443847656,6.250423431396484,25.181562423706055,35.10860824584961,28.67580223083496,1.3899999856948853,14.272830963134766,34.64802932739258,1.7858836650848389,6.05670690536499,13.632186889648438,0.9290796518325806,3.228353500366211,3.528230905532837
2023-09-13,138.7507781982422,121.5059585571289,6.273338794708252,25.067705154418945,35.208290100097656,28.48308563232422,1.409999966621399,14.272830963134766,34.48345184326172,1.787703037261963,6.130809783935547,13.56010627746582,0.9247055053710938,3.2358479499816895,3.54345440864563
2023-09-14,135.159912109375,124.61536407470703,6.384387016296387,25.10565757751465,35.85623550415039,28.907058715820312,1.409999966621399,14.549973487854004,34.812599182128906,1.8104474544525146,6.175271987915039,13.771842956542969,0.9343286752700806,3.3028323650360107,3.5327084064483643
2023-09-15,136.35687255859375,122.74972534179688,6.354421615600586,24.78306007385254,35.9260139465332,29.321392059326172,1.399999976158142,14.503783226013184,35.03526306152344,1.7940716743469238,6.1703314781188965,13.749317169189453,0.9089583158493042,3.270979642868042,3.5255444049835205
2023-09-18,134.8247833251953,121.12326049804688,6.306829452514648,24.764081954956055,35.78645706176758,29.19612693786621,1.3300000429153442,14.272830963134766,34.454410552978516,1.789522647857666,6.036945819854736,13.861943244934082,0.9006473422050476,3.2278850078582764,3.5703186988830566
2023-09-19,134.96841430664062,121.88865661621094,6.446080207824707,24.877939224243164,35.86620330810547,29.45629119873047,1.309999942779541,14.180451393127441,34.08653259277344,1.7958911657333374,5.997424125671387,13.952043533325195,0.9115829467773438,3.2452166080474854,3.6061384677886963
2023-09-20,137.60169982910156,122.94107055664062,6.604720592498779,24.93486976623535,36.12538146972656,29.234670639038086,1.2899999618530273,14.503783226013184,34.64802932739258,1.7940716743469238,6.066586971282959,13.843921661376953,0.9478886723518372,3.300490140914917,3.6616592407226562
2023-09-21,135.54295349121094,119.1141128540039,6.602957725524902,24.59329605102539,35.35781478881836,28.907058715820312,1.2799999713897705,14.411402702331543,34.34791564941406,1.7858836650848389,5.918380260467529,14.100708961486816,0.9518255591392517,3.285032272338867,3.653599500656128
2023-09-22,134.1066131591797,119.44896697998047,6.580043315887451,24.650224685668945,35.3378791809082,28.637258529663086,1.3600000143051147,14.919496536254883,34.183345794677734,1.7795151472091675,5.868978500366211,14.073678970336914,0.9544499516487122,3.2620794773101807,3.6195709705352783
2023-09-25,132.62237548828125,115.33499145507812,6.5130615234375,24.175817489624023,34.80955505371094,28.521629333496094,1.350000023841858,14.780925750732422,34.06717300415039,1.7558610439300537,5.7108917236328125,14.078184127807617,0.944389283657074,3.23210072517395,3.5506181716918945
2023-09-26,131.71270751953125,115.9090347290039,6.495434761047363,24.13786506652832,34.26129150390625,28.367460250854492,1.350000023841858,14.780925750732422,33.85419464111328,1.760409951210022,5.66642951965332,13.902488708496094,0.9417648911476135,3.2175798416137695,3.521066904067993
2023-09-27,132.8138885498047,115.0958023071289,6.5624165534973145,24.23274803161621,33.40401077270508,28.37709617614746,1.309999942779541,14.780925750732422,33.883235931396484,1.7467633485794067,5.66642951965332,14.024123191833496,0.9540126323699951,3.273789882659912,3.461069107055664
2023-09-28,134.4896240234375,116.24388885498047,6.775699138641357,24.68817901611328,32.31746292114258,28.2518310546875,1.3600000143051147,14.59616470336914,34.4350471496582,1.7504024505615234,5.7108917236328125,14.172789573669434,0.9636359214782715,3.419468879699707,3.4637558460235596
2023-09-29,136.54840087890625,115.4784927368164,6.795088768005371,24.32762908935547,32.865726470947266,27.914581298828125,1.3300000429153442,15.104259490966797,34.163978576660156,1.7558610439300537,5.686190605163574,14.028629302978516,0.9627609252929688,3.389958620071411,3.4637558460235596
2023-10-02,135.0162811279297,111.5080337524414,6.779224395751953,24.72612953186035,32.10812759399414,27.673690795898438,1.3300000429153442,15.289019584655762,34.2801513671875,1.7494927644729614,5.686190605163574,13.82590389251709,0.9640731811523438,3.3468637466430664,3.4234583377838135
2023-10-03,132.33511352539062,109.3553695678711,6.814477920532227,24.517391204833984,30.134387969970703,27.191905975341797,1.309999942779541,14.919496536254883,33.85419464111328,1.7376657724380493,5.453999996185303,13.528571128845215,0.9518255591392517,3.3304691314697266,3.3804750442504883
2023-10-04,132.67025756835938,107.77674102783203,6.7210564613342285,24.555341720581055,29.257171630859375,27.191905975341797,1.3300000429153442,15.058067321777344,33.244293212890625,1.7367558479309082,5.424358367919922,12.978959083557129,0.9527002573013306,3.3000218868255615,3.347342014312744
2023-10-05,131.76058959960938,109.59455108642578,6.7351579666137695,24.099910736083984,29.41666603088379,27.17263412475586,1.2999999523162842,15.335211753845215,33.39918899536133,1.7485829591751099,5.453999996185303,12.965444564819336,0.9596990346908569,3.3262531757354736,3.389429807662964
2023-10-06,132.95753479003906,109.64238739013672,6.76512336730957,24.441484451293945,29.436603546142578,27.326805114746094,1.309999942779541,14.965688705444336,34.06717300415039,1.7795151472091675,5.523163318634033,12.803263664245605,0.9806952476501465,3.3815267086029053,3.3921165466308594
2023-10-09,131.09027099609375,109.59455108642578,6.680513858795166,23.511648178100586,29.635969161987305,26.970285415649414,1.2999999523162842,14.780925750732422,33.7767448425293,1.772236943244934,5.365076065063477,13.096089363098145,0.9518255591392517,3.2906532287597656,3.4153990745544434
2023-10-10,133.77145385742188,111.93856048583984,6.885735988616943,23.81526756286621,30.901954650878906,27.374984741210938,1.25,14.965688705444336,34.357601165771484,1.788612961769104,5.5379838943481445,13.249259948730469,0.9684474468231201,3.3791847229003906,3.4521143436431885
2023-10-11,133.77145385742188,115.38282012939453,7.004549026489258,23.682432174682617,30.06460952758789,28.155471801757812,1.2599999904632568,15.058067321777344,33.51535415649414,1.7922520637512207,5.513282775878906,13.087080001831055,0.9710720181465149,3.3824639320373535,3.462860345840454
2023-10-12,134.8247833251953,114.2825698852539,7.01894998550415,23.929126739501953,29.99483299255371,28.521629333496094,1.2699999809265137,15.289019584655762,33.466957092285156,1.7931617498397827,5.424358367919922,13.150151252746582,0.9841945767402649,3.360447645187378,3.4440548419952393
2023-10-13,132.7181396484375,113.13448333740234,6.914539337158203,23.758338928222656,29.49641227722168,28.37709617614746,1.2799999713897705,15.150447845458984,33.04099655151367,1.7922520637512207,5.320614337921143,13.325845718383789,0.9732590913772583,3.2911217212677,3.439577579498291
2023-10-16,133.62782287597656,112.89530181884766,6.930740833282471,23.37881088256836,29.735654830932617,28.145837783813477,1.2999999523162842,15.242830276489258,33.42823028564453,1.808627963066101,5.360136032104492,13.447481155395508,0.9837571978569031,3.35014271736145,3.4449503421783447
2023-10-17,135.0162811279297,113.51718139648438,6.9703450202941895,23.227001190185547,29.41666603088379,28.242197036743164,1.3700000047683716,15.289019584655762,33.86387252807617,1.805898666381836,5.419418811798096,13.47901725769043,0.9855067729949951,3.346395492553711,3.447636604309082
2023-10-18,134.1066131591797,114.13906860351562,6.9199395179748535,22.980308532714844,28.609230041503906,27.70259666442871,1.340000033378601,15.196640014648438,33.79610824584961,1.8122670650482178,5.315674304962158,13.641197204589844,0.9763211011886597,3.289247989654541,3.44584584236145
2023-10-19,134.01084899902344,114.09122467041016,6.862333297729492,23.01826286315918,27.46286392211914,27.355712890625,1.309999942779541,15.01187801361084,32.87641906738281,1.8013498783111572,5.216869831085205,13.506046295166016,0.9920681118965149,3.2869057655334473,3.404653310775757
2023-10-20,131.5211944580078,110.35993957519531,6.786725044250488,22.885427474975586,27.143877029418945,27.037734985351562,1.3300000429153442,14.919496536254883,32.37301254272461,1.761319875717163,5.088424205780029,13.411441802978516,0.9754461646080017,3.2381904125213623,3.3455512523651123
2023-10-23,132.43087768554688,110.9339828491211,6.770523548126221,22.866453170776367,26.505901336669922,26.873926162719727,1.2999999523162842,14.965688705444336,32.944183349609375,1.763139247894287,5.088424205780029,13.258271217346191,0.9509507417678833,3.2054007053375244,3.3016719818115234
2023-10-24,128.983642578125,113.18232727050781,6.653511047363281,23.03723907470703,26.99435043334961,27.11482048034668,1.3300000429153442,14.780925750732422,33.195892333984375,1.7640490531921387,5.137825965881348,13.014999389648438,0.901084840297699,3.1679270267486572,3.2730162143707275
2023-10-25,129.5581817626953,110.79047393798828,6.687714576721191,23.056215286254883,26.85479736328125,27.014629364013672,1.2999999523162842,14.688545227050781,33.0119514465332,1.768597960472107,5.192168712615967,13.01950454711914,0.9102706909179688,3.242406129837036,3.200481653213501
2023-10-26,126.97277069091797,110.88614654541016,6.716517925262451,22.638736724853516,26.176944732666016,26.760234832763672,1.25,14.642355918884277,32.33428955078125,1.7758760452270508,5.127945899963379,12.825788497924805,0.9649481177330017,3.289247989654541,3.187049150466919
2023-10-27,128.6963653564453,109.54671478271484,6.69851541519165,22.714641571044922,26.286598205566406,27.063549041748047,1.2799999713897705,14.780925750732422,31.608217239379883,1.7294777631759644,5.108184814453125,12.569002151489258,0.9995042085647583,3.2611429691314697,3.1968994140625
2023-10-30,129.9412078857422,111.12533569335938,6.754322052001953,22.80952262878418,26.53580665588379,27.317941665649414,1.25,14.780925750732422,32.01481628417969,1.7576806545257568,5.197108745574951,12.762718200683594,1.0375597476959229,3.344053268432617,3.233614683151245
2023-10-31,130.9466552734375,113.85204315185547,6.680513858795166,22.82849884033203,27.632326126098633,27.826730728149414,1.2699999809265137,14.873307228088379,31.69928550720215,1.7849737405776978,5.18228816986084,12.456377029418945,1.0244370698928833,3.3224849700927734,3.2649569511413574
2023-11-01,132.33511352539062,113.13448333740234,6.831730365753174,23.056215286254883,28.399890899658203,27.738670349121094,1.2799999713897705,14.873307228088379,32.10831069946289,1.7731468677520752,5.152647018432617,12.523951530456543,1.0305609703063965,3.3555562496185303,3.221973419189453
2023-11-02,139.56471252441406,118.44439697265625,6.873134613037109,23.89117431640625,29.20732879638672,28.081125259399414,1.2999999523162842,14.919496536254883,32.80949020385742,1.7858836650848389,5.300853252410889,12.623064041137695,1.0511199235916138,3.4365575313568115,3.270329713821411
2023-11-03,139.13380432128906,121.69730377197266,6.961344242095947,23.834245681762695,30.353694915771484,28.25724220275879,1.3200000524520874,15.196640014648438,32.65367126464844,1.7949814796447754,5.281092166900635,12.406822204589844,1.046308159828186,3.429368019104004,3.360774278640747
2023-11-06,139.80409240722656,121.88865661621094,6.946942329406738,23.758338928222656,29.665876388549805,28.100692749023438,1.309999942779541,15.612353324890137,32.31282043457031,1.7940716743469238,5.236630439758301,12.474397659301758,1.0419340133666992,3.393420696258545,3.335700511932373
2023-11-07,141.24044799804688,120.40570831298828,6.952342987060547,23.54960060119629,29.79546356201172,28.061553955078125,1.3200000524520874,15.427592277526855,32.536808013916016,1.7949814796447754,5.206989288330078,12.113995552062988,1.0366848707199097,3.3752076625823975,3.3177907466888428
2023-11-08,141.91073608398438,120.40570831298828,7.049553394317627,23.530622482299805,29.98486328125,28.100692749023438,1.3300000429153442,15.566163063049316,33.12112808227539,1.797710657119751,5.246510982513428,12.064440727233887,1.046308159828186,3.40156888961792,3.30256724357605
2023-11-09,141.91073608398438,122.94107055664062,7.175567150115967,23.2459774017334,30.58296775817871,28.05177116394043,1.2899999618530273,15.612353324890137,33.59832000732422,1.8104474544525146,5.286032676696777,12.190581321716309,1.075615406036377,3.4480605125427246,3.3052539825439453
2023-11-10,141.04893493652344,121.69730377197266,7.110759735107422,23.094167709350586,30.333755493164062,28.178966522216797,1.3200000524520874,15.658543586730957,33.374332427978516,1.8131768703460693,5.251451015472412,12.294197082519531,1.0760526657104492,3.459563732147217,3.3186862468719482
2023-11-13,141.6713409423828,120.64488983154297,7.20436954498291,23.170072555541992,30.882015228271484,28.550771713256836,1.3200000524520874,15.704732894897461,33.50093460083008,1.846838355064392,5.286032676696777,12.451871871948242,1.1237313747406006,3.498866081237793,3.3580880165100098
2023-11-14,143.44284057617188,125.71560668945312,7.396990776062012,23.4926700592041,32.646419525146484,29.147619247436523,1.2899999618530273,15.935686111450195,34.01708221435547,1.8431991338729858,5.394717693328857,12.465388298034668,1.1211068630218506,3.5309791564941406,3.3464465141296387
2023-11-15,144.49615478515625,125.90696716308594,7.400590896606445,23.60652732849121,31.998472213745117,29.255247116088867,1.2799999713897705,15.889497756958008,34.4163703918457,1.8413796424865723,5.55774450302124,12.537467956542969,1.1088593006134033,3.518038034439087,3.3231637477874756
2023-11-16,145.1664581298828,126.3375015258789,7.351985931396484,23.4547176361084,32.7760124206543,29.15740203857422,1.2899999618530273,15.797115325927734,34.19237518310547,1.8377407789230347,5.503402233123779,12.24464225769043,1.1088593006134033,3.537209987640381,3.3312230110168457
2023-11-17,146.55491638183594,123.51512145996094,7.45639705657959,23.4926700592041,32.4271125793457,29.607484817504883,1.2799999713897705,15.797115325927734,34.728004455566406,1.8613946437835693,5.572565078735352,12.429347038269043,1.1272307634353638,3.5693228244781494,3.360774278640747
2023-11-20,146.7943115234375,124.32833862304688,7.458197593688965,23.01826286315918,33.55353927612305,29.558561325073242,1.2799999713897705,15.935686111450195,35.3804931640625,1.874131679534912,5.671369552612305,12.555487632751465,1.1477895975112915,3.579387903213501,3.4019668102264404
2023-11-21,147.65611267089844,118.97059631347656,7.467197895050049,22.790544509887695,33.1147575378418,30.05756378173828,1.2799999713897705,16.212827682495117,35.91612243652344,1.874131679534912,5.612086772918701,12.492417335510254,1.1718477010726929,3.571719169616699,3.3867435455322266
2023-11-22,149.18821716308594,118.6357421875,7.535605430603027,22.82849884033203,33.92316436767578,30.214113235473633,1.2999999523162842,16.44377899169922,35.90637969970703,1.88322913646698,5.725712299346924,12.415831565856934,1.1591625213623047,3.5913703441619873,3.424353837966919
2023-11-23,149.28396606445312,120.11869049072266,7.600412368774414,23.01826286315918,33.7435188293457,30.174978256225586,1.2999999523162842,16.212827682495117,35.97454833984375,1.8959661722183228,5.646668910980225,12.582517623901367,1.1530386209487915,3.604790687561035,3.4368908405303955
2023-11-24,149.9542694091797,118.49222564697266,7.551807880401611,22.961334228515625,34.142730712890625,30.360881805419922,1.2799999713897705,16.166637420654297,36.28618621826172,1.9068833589553833,5.6367878913879395,12.735688209533691,1.1600371599197388,3.6119801998138428,3.4288315773010254
2023-11-27,149.6669921875,120.83624267578125,7.560807704925537,22.942358016967773,33.99302673339844,30.429372787475586,1.2599999904632568,16.998064041137695,36.1693229675293,1.9087029695510864,5.59726619720459,12.704154014587402,1.1644114255905151,3.565488338470459,3.4386818408966064
2023-11-28,149.7627410888672,121.64947509765625,7.7282257080078125,22.961334228515625,34.46209716796875,30.292388916015625,1.2599999904632568,16.951873779296875,36.24723434448242,1.9146040678024292,5.572565078735352,12.753708839416504,1.179283857345581,3.6230039596557617,3.4565916061401367
2023-11-29,149.85850524902344,123.22809600830078,7.827236652374268,23.227001190185547,35.03097915649414,30.85988426208496,1.25,16.905681610107422,36.558868408203125,1.8996171951293945,5.577505588531494,12.636577606201172,1.1836580038070679,3.640738010406494,3.4816653728485107
2023-11-30,151.24696350097656,123.89781188964844,7.656217575073242,24.498414993286133,34.971099853515625,31.07513999938965,1.2300000190734863,17.09044647216797,36.84128952026367,1.8939969539642334,5.547863960266113,12.650093078613281,1.1722851991653442,3.643613815307617,3.5407676696777344
2023-12-01,153.1142120361328,124.23267364501953,7.701222896575928,24.57431983947754,34.931175231933594,31.114274978637695,1.25,17.09044647216797,37.30874252319336,1.901490330696106,5.676309585571289,12.776233673095703,1.179283857345581,3.6781229972839355,3.5873334407806396
2023-12-04,153.1142120361328,126.43316650390625,7.794832706451416,24.498414993286133,35.180686950683594,31.084924697875977,1.2599999904632568,17.136634826660156,37.3671760559082,1.87900972366333,5.735592365264893,12.537467956542969,1.179283857345581,3.6886675357818604,3.596287965774536
2023-12-05,154.93359375,127.67692565917969,7.766031265258789,24.25172233581543,35.6796989440918,31.535003662109375,1.2599999904632568,17.737112045288086,37.52299499511719,1.8865033388137817,5.784994602203369,12.58702278137207,1.1705353260040283,3.7576863765716553,3.611511468887329
2023-12-06,156.5614471435547,128.8728485107422,7.74802827835083,24.555341720581055,36.168739318847656,31.63284683227539,1.2400000095367432,18.014253616333008,37.00684356689453,1.8883767127990723,5.913440227508545,12.519448280334473,1.1508513689041138,3.792675018310547,3.623152732849121
2023-12-07,155.50811767578125,127.62908935546875,7.613014221191406,24.32762908935547,35.879310607910156,31.5545711517334,1.2400000095367432,18.014253616333008,36.51017761230469,1.8808830976486206,5.967782497406006,12.438356399536133,1.0830514430999756,3.7054429054260254,3.601660966873169
2023-12-08,156.5614471435547,129.97311401367188,7.656217575073242,24.38455581665039,35.69966506958008,31.779611587524414,1.2300000190734863,18.014253616333008,36.889984130859375,1.8902498483657837,6.076467514038086,12.559992790222168,1.0782397985458374,3.776858329772949,3.584646701812744
2023-12-11,154.93359375,126.76802825927734,7.643616199493408,24.38455581665039,35.43019104003906,31.691551208496094,1.25,18.10663414001465,37.162662506103516,1.8808830976486206,6.140690326690674,12.447366714477539,1.0852385759353638,3.7778167724609375,3.5971839427948
2023-12-12,154.3111572265625,124.32833862304688,7.578810214996338,24.080934524536133,35.230587005615234,31.691551208496094,1.2699999809265137,18.24520492553711,37.29900360107422,1.8593391180038452,6.190092086791992,12.163551330566406,1.0725533962249756,3.715028762817383,3.534858465194702
2023-12-13,155.02932739257812,124.90238952636719,7.584210395812988,23.89117431640625,35.49007797241211,31.906810760498047,1.2699999809265137,18.199016571044922,37.21135330200195,1.8555922508239746,5.972723007202148,11.920279502868652,1.0629302263259888,3.679081678390503,3.4148595333099365
2023-12-14,158.57232666015625,129.78175354003906,7.535605430603027,24.63124656677246,36.24858093261719,31.985082626342773,1.2599999904632568,17.598539352416992,37.60090637207031,1.8368583917617798,6.214793682098389,12.100481033325195,1.0091273784637451,3.723176956176758,3.4250917434692383
2023-12-15,157.08810424804688,129.3033905029297,7.45639705657959,24.498414993286133,36.22861862182617,32.13185119628906,1.25,17.18282699584961,37.406131744384766,1.8368583917617798,6.274075984954834,12.023896217346191,0.9824450016021729,3.6421759128570557,3.3720691204071045
2023-12-18,156.32205200195312,126.52884674072266,7.425793647766113,24.441484451293945,35.619815826416016,31.564355850219727,1.2400000095367432,17.50615882873535,37.406131744384766,1.8265548944473267,6.076467514038086,12.231125831604004,0.9824450016021729,3.6311521530151367,3.341371536254883
2023-12-19,157.32749938964844,127.24639892578125,7.436594486236572,24.63124656677246,35.6796989440918,31.79918098449707,1.2100000381469727,17.4599666595459,37.922279357910156,1.8331116437911987,6.111048698425293,12.2266206741333,0.9815700054168701,3.6354658603668213,3.316255569458008
2023-12-20,156.41781616210938,126.28965759277344,7.353786468505859,24.650224685668945,35.74956512451172,31.906810760498047,1.2300000190734863,18.456327438354492,38.068359375,1.8359217643737793,6.101168632507324,12.334741592407227,0.9798203110694885,3.632110595703125,3.4223010540008545
2023-12-21,157.18385314941406,127.24639892578125,7.409592151641846,24.441484451293945,35.68968200683594,31.877456665039062,1.2300000190734863,17.83953285217285,38.126792907714844,1.823744773864746,6.066586971282959,12.271671295166016,0.9872564673423767,3.6359450817108154,3.370208263397217
2023-12-22,157.42324829101562,125.95479583740234,7.414992809295654,24.13786506652832,35.70964050292969,31.926380157470703,1.2200000286102295,17.744644165039062,38.02940368652344,1.8293648958206177,6.017185211181641,12.285186767578125,0.9894435405731201,3.6503241062164307,3.3339297771453857
2023-12-27,157.5189971923828,127.82044982910156,7.418592929840088,24.441484451293945,35.9292106628418,32.00465393066406,1.2000000476837158,16.985511779785156,38.22417449951172,1.8284281492233276,5.972723007202148,12.415831565856934,0.9903422594070435,3.6522409915924072,3.3218369483947754
2023-12-28,157.37538146972656,127.34207916259766,7.373588562011719,24.38455581665039,35.91923141479492,32.122066497802734,1.2200000286102295,16.890621185302734,38.35078048706055,1.8218713998794556,5.903559684753418,12.136521339416504,0.9845008850097656,3.6306724548339844,3.292999744415283
2023-12-29,157.135986328125,127.5334243774414,7.404191017150879,24.403532028198242,35.58987808227539,32.30796813964844,1.1799999475479126,17.08040428161621,38.399471282958984,1.8199979066848755,5.888739109039307,12.118500709533691,1.000227689743042,3.6230039596557617,3.2874181270599365
