Date,AZN.L,BARC.L,BHP.L,BP.L,CRH,DGE.L,HSBA.L,LLOY.L,MRO.L,NG.L,RIO.L,SGE.L,SHEL.L,TSCO.L,ULVR.L,VOD.L
2023-01-03,11527.4854,163.4212,2569.4475,482.9435,38.689,3610.5784,529.2701,47.0647,286.0347,998.4055,5831.126,743.2218,2365.0879,228.8231,4190.2412,85.8873
2023-01-04,11595.4473,167.8963,2583.4365,465.4582,40.5466,3656.5542,542.8538,47.3793,290.8597,1028.8873,5837.1177,754.0164,2283.1543,234.8184,4223.7148,87.7868
2023-01-05,11703.3867,172.2316,2650.8823,471.3532,39.7828,3650.5569,564.628,48.2481,296.1042,1028.8873,5931.9902,753.8165,2309.6326,238.3157,4197.7349,88.7465
2023-01-06,11775.3467,171.9119,2719.8274,476.6487,41.1312,3644.5603,567.9241,47.9385,298.9362,1043.8784,6049.8311,768.0093,2348.1013,241.2135,4198.2349,88.6865
2023-01-09,11729.3721,172.4313,2717.3293,478.8969,41.1972,3633.0664,562.5305,48.1832,307.5372,1036.8826,6082.7866,777.4044,2377.0776,243.0121,4191.7397,88.6665
2023-01-10,11795.335,171.4125,2706.3381,474.7004,41.1124,3629.5684,563.4294,47.9685,307.1176,1021.8915,6064.8101,777.2045,2374.5796,241.9129,4194.7368,87.6968
2023-01-11,11627.4297,173.3503,2752.3013,478.1475,41.9799,3666.5483,568.9229,48.0084,312.0475,1027.3883,6118.7373,782.6018,2404.0562,243.5117,4187.2437,87.7967
2023-01-12,11441.5342,176.8865,2797.7651,484.592,42.1402,3640.063,581.1083,48.6825,315.7186,1035.3834,6279.5205,767.3282,2430.5347,245.8099,4181.7476,92.0256
2023-01-13,11649.418,180.5425,2811.2544,483.9426,43.036,3677.5427,590.4972,49.5463,314.7745,1032.3853,6210.6133,774.5257,2438.5281,245.4102,4212.2241,91.5857
2023-01-16,11669.4062,182.3006,2762.793,480.5954,42.8898,3699.531,595.3913,49.6811,316.7675,1021.3918,6087.7793,771.5267,2423.5405,247.3088,4226.7119,93.2753
2023-01-17,11593.4492,180.7422,2773.2844,484.2423,42.7436,3764.4963,590.4972,49.4315,315.0892,1036.8826,6139.7095,760.1308,2417.0457,247.6085,4162.2617,92.1556
2023-01-18,11571.4609,181.901,2802.2615,485.7911,42.1684,3665.5493,589.9978,49.3965,313.9354,1031.8856,6195.6343,775.5253,2401.5581,247.6085,4091.8171,90.666
2023-01-19,11413.5498,177.1861,2747.8049,474.3007,41.9044,3690.0361,584.8039,48.7374,305.754,1034.3842,6142.7056,752.9333,2358.5928,248.0082,4088.3201,90.2361
2023-01-20,11193.6748,178.225,2771.7859,475.4498,42.4419,3677.5427,591.8954,49.2068,300.4047,1034.3842,6204.6211,760.1308,2361.0908,247.7085,4086.3215,91.8557
2023-01-23,11031.7656,179.6834,2794.7676,480.3956,42.6965,3703.5291,591.3961,49.741,303.4465,1029.8868,6240.5732,766.3286,2363.5889,249.607,4102.3091,91.5058
2023-01-24,10703.9512,179.5635,2800.7629,474.8502,42.5268,3686.0381,594.0928,50.0606,303.5514,1030.3865,6271.5312,762.9297,2345.6033,243.7115,4096.3135,92.1156
2023-01-25,10803.8945,181.5214,2838.2327,474.3007,43.102,3673.0449,597.7885,50.8795,297.9922,1035.8833,6327.4556,758.9312,2330.1157,244.411,4057.3445,92.3056
2023-01-26,10637.9883,184.8378,2852.7212,483.7927,43.63,3470.1531,603.1821,52.4273,301.8731,1031.8856,6368.4004,758.5313,2339.6084,245.4102,4040.3569,92.3156
2023-01-27,10616.001,185.577,2823.7446,488.8884,43.8186,3420.1797,599.7861,52.5172,302.0829,1027.3883,6282.5166,763.3297,2368.585,246.7092,4017.8745,93.3953
2023-01-30,10703.9512,186.456,2816.2502,491.6361,43.6111,3408.6858,601.2844,52.9066,302.7122,1031.8856,6309.48,773.526,2373.0811,247.4087,4068.835,93.5252
2023-01-31,10584.0186,185.6369,2823.7446,488.4388,44.3938,3518.1277,595.691,52.5072,298.3069,1024.39,6310.4785,776.525,2372.0818,245.71,4105.3066,93.0953
2023-02-01,10274.1943,186.2762,2788.7722,492.0358,45.3084,3543.614,600.5851,52.9066,299.8802,1018.3936,6193.6362,778.7242,2364.5879,247.3088,4129.7876,91.1559
2023-02-02,10244.2109,188.1941,2749.304,478.3972,45.8554,3544.6138,590.2974,53.4159,316.1381,1041.8796,6055.8223,800.1166,2335.6113,248.1082,4098.813,94.8149
2023-02-03,10572.0264,188.4338,2778.2805,485.6412,44.6955,3576.5967,595.9906,53.2562,318.6555,1033.3846,6119.7358,806.5143,2412.0496,246.2096,4167.7578,91.1159
2023-02-06,10574.0264,186.3361,2735.3147,477.9476,43.894,3559.6055,595.2915,52.7569,310.8936,1039.3811,6038.8457,794.3186,2396.562,246.3096,4160.2642,90.636
2023-02-07,10580.0215,188.6336,2745.3069,515.9657,44.5824,3503.6353,604.2808,53.376,302.9221,1034.8838,6072.7993,780.1237,2453.0164,246.5094,4100.8096,91.4658
2023-02-08,10745.9277,189.5126,2749.8035,532.7515,44.2618,3512.1311,611.6719,53.5757,299.7753,1024.8898,6042.8398,778.1245,2441.0261,244.1113,4096.3135,92.2956
2023-02-09,11183.6807,189.3928,2767.2893,545.241,44.1581,3504.6348,615.0679,53.8953,299.2509,1030.3865,6070.8022,774.3257,2464.0076,244.2112,4105.8052,91.2458
2023-02-10,11383.5674,185.517,2719.3276,559.5289,43.63,3484.6455,609.8741,53.2162,295.1602,1033.8844,5958.9536,750.5342,2536.9487,242.8123,4129.2881,92.0556
2023-02-13,11415.5498,186.1164,2727.821,556.9312,44.5447,3535.6182,612.9704,52.9965,299.0411,1053.3727,5968.9395,763.5296,2542.9438,242.7123,4258.6875,93.9751
2023-02-14,11511.4961,187.1153,2729.3196,559.6288,44.5258,3518.1277,608.4758,53.7155,296.8384,1053.8726,6009.8843,760.7305,2558.4316,245.6101,4263.1851,97.1943
2023-02-15,11561.4668,172.4113,2749.8035,559.2292,45.431,3549.1111,611.5721,52.3075,304.2856,1056.8707,6028.8589,773.1262,2576.9163,249.8069,4264.1836,99.1937
2023-02-16,11355.583,174.4691,2788.7722,567.1788,44.639,3591.5886,617.6649,52.8667,302.5025,1047.8761,6130.7207,768.5278,2585.6509,249.9068,4227.7114,101.4931
2023-02-17,11479.5127,173.3104,2765.7908,559.4846,44.5447,3558.606,620.3615,50.8395,301.3487,1069.3632,6094.77,761.1305,2539.1841,250.7061,4232.208,102.3529
2023-02-20,11533.4834,175.6878,2852.7212,557.7858,44.3608,3567.1018,619.9621,51.4686,307.6421,1069.863,6268.5352,763.1297,2522.1965,251.0059,4207.228,102.7328
2023-02-21,11563.4648,171.2327,2748.8042,549.8916,44.1769,3576.5967,646.7302,50.8994,301.6634,1070.3627,6195.6343,752.7334,2483.7239,249.607,4235.2061,101.6331
2023-02-22,11493.5039,172.6311,2655.8784,538.9998,43.696,3608.5796,635.3438,51.189,298.9362,1069.863,5974.9316,753.1332,2447.7493,249.0075,4263.1851,100.4734
2023-02-23,11205.2549,172.4612,2600.9224,546.5941,44.2523,3585.5916,629.351,51.928,308.0617,1063.3668,5828.1299,748.9348,2480.2263,248.8076,4190.6157,98.9738
2023-02-24,11095.3018,170.4429,2509.9949,549.7919,43.6677,3603.5823,634.9443,51.5885,307.747,1054.8718,5659.3579,750.1343,2497.2144,246.7092,4188.6162,99.1537
2023-02-27,11093.3018,172.5012,2509.4954,557.7858,44.3749,3596.5859,631.0489,51.7183,317.292,1069.3632,5640.3838,754.9326,2534.6875,254.0036,4191.1152,100.6933
2023-02-28,10875.3955,174.4996,2525.4827,550.0915,44.6107,3527.1226,634.8444,52.5471,314.355,1047.3763,5704.2969,748.3349,2524.6948,254.803,4133.1553,99.7536
2023-03-01,10811.4229,174.2798,2624.4033,549.8916,44.7521,3518.6274,639.5388,51.8881,323.0608,1016.3948,5963.9463,751.3339,2562.1677,251.3057,4134.6533,100.0335
2023-03-02,10859.4023,171.6219,2683.856,560.7836,48.8633,3576.9097,618.4432,51.2689,326.9418,1025.8892,6009.8843,750.1343,2602.6389,253.9037,4185.6187,99.5736
2023-03-03,10779.4355,171.3421,2730.8186,554.888,48.7125,3574.9106,617.7438,51.7183,324.2147,1030.8861,6135.7148,761.7303,2578.1562,256.102,4142.6484,100.4534
2023-03-06,10737.4541,172.2015,2664.8713,558.9849,48.7313,3545.9236,617.2442,51.6983,329.1445,1033.3846,5963.9463,762.1301,2597.6426,259.6992,4104.1758,101.1932
2023-03-07,10845.4082,168.7842,2632.8967,558.0856,48.4673,3548.9224,623.7384,51.2789,341.8362,1030.3865,5886.0518,759.9308,2596.1436,258.8998,4117.6646,98.6739
2023-03-08,10817.4209,168.7442,2666.3699,557.9857,48.8351,3540.9258,630.1327,51.5285,346.0318,1043.3788,5951.9624,760.1308,2585.6509,260.2987,4121.1636,98.6939
2023-03-09,10861.4014,163.2886,2560.1692,556.5867,47.9581,3536.9275,620.5413,51.3887,346.1817,1042.879,5684.0947,769.9274,2571.1614,262.597,4109.1719,98.6739
2023-03-10,10693.4717,157.2935,2530.1846,548.7924,47.3075,3498.9443,592.067,49.7061,340.9365,1049.3752,5628.1528,761.1305,2542.6819,259.3994,4066.2009,98.5339
2023-03-13,10681.4775,147.3615,2496.7019,522.1122,46.11,3462.9604,567.5889,47.1596,324.8863,1063.3668,5542.2422,747.5352,2436.2581,254.803,4053.2097,95.6547
2023-03-14,10681.4775,151.9378,2506.6968,530.4061,47.3923,3481.9519,576.4811,48.1682,329.3971,1058.3699,5636.1445,752.9333,2467.7354,254.6031,4070.198,96.1545
2023-03-15,10639.4951,138.1289,2386.759,486.4388,45.431,3447.967,547.9067,45.9513,311.039,1047.8761,5328.4639,742.537,2257.8853,251.7054,4037.7202,93.9951
2023-03-16,10793.4287,142.2656,2353.7761,482.092,47.0883,3532.9294,557.5979,47.3993,319.2214,1057.3704,5275.519,752.9333,2207.4219,251.8053,4084.1885,92.6455
2023-03-17,10809.4229,139.4478,2356.2749,479.5938,46.3657,3473.4558,541.6122,46.186,309.0458,1038.3817,5244.5513,733.3403,2212.4185,246.7092,4044.7158,90.3461
2023-03-20,10785.4346,136.2504,2385.7595,486.6386,47.5219,3518.9355,541.2127,46.0412,310.1997,1053.3727,5354.4375,731.9408,2234.4021,249.5071,4079.6914,92.4455
2023-03-21,10899.3848,143.0249,2377.2642,503.0265,48.6107,3546.9229,553.5016,48.0933,321.3195,1041.3799,5334.458,743.7366,2308.8489,256.6016,4127.1592,92.6455
2023-03-22,10971.3535,142.5453,2370.2678,504.0257,48.4276,3602.3982,564.0922,47.6989,323.4176,1046.377,5313.4795,743.3367,2315.8438,258.7999,4199.6089,91.3558
2023-03-23,10993.3457,139.6676,2360.2729,498.33,47.599,3561.4165,547.7069,46.7851,335.3766,1055.3716,5282.5117,748.7348,2270.3765,253.6039,4169.6294,90.776
2023-03-24,11075.3105,133.7924,2370.7673,485.9391,46.3464,3597.4004,533.5197,45.6517,331.2853,1057.8701,5247.5483,749.9344,2198.9277,250.6062,4194.1123,88.5565
2023-03-27,11247.2383,136.8899,2360.2729,496.0316,46.5584,3581.4077,540.6132,46.2559,337.7894,1067.3645,5226.5698,749.5345,2230.9048,251.2058,4217.5967,89.0764
2023-03-28,11129.2871,137.0697,2409.2476,507.4232,47.3967,3549.4219,540.6132,46.3358,340.412,1069.863,5332.46,744.5363,2261.3828,254.703,4210.1011,88.9264
2023-03-29,11161.2734,141.9059,2455.7231,510.1212,47.7821,3557.4185,553.5016,47.0597,345.0277,1072.8612,5387.4033,748.3349,2296.3582,262.2972,4204.106,89.8062
2023-03-30,11161.2734,144.7036,2525.1873,512.8192,48.2542,3579.4084,554.8005,47.7039,354.469,1084.3544,5433.3555,767.928,2316.3438,264.6953,4189.6157,89.5163
2023-03-31,11227.2471,145.6828,2558.1702,510.421,49.0154,3612.394,549.2056,47.609,349.3287,1095.8474,5472.3145,774.7256,2306.8506,265.4947,4187.1182,89.2764
2023-04-03,11265.2305,148.1408,2518.1909,532.3047,49.0539,3607.896,555.8995,48.1682,349.6435,1091.3501,5399.3906,773.3261,2403.2815,263.896,4229.5884,89.4363
2023-04-04,11239.2412,146.3822,2428.7373,526.8089,48.4084,3610.3948,550.7043,48.0384,349.2239,1102.3436,5306.4868,779.5239,2357.3145,264.3956,4220.5942,87.4568
2023-04-05,11589.0928,147.6013,2411.2463,533.304,45.3829,3667.3696,553.7015,48.3629,343.7688,1128.3281,5277.5171,769.5274,2361.3115,263.6961,4285.5498,89.4263
2023-04-06,11695.0488,151.4981,2413.7451,531.5053,46.0284,3682.8625,562.3937,48.9521,336.7404,1139.3217,5289.5049,774.5257,2415.2729,263.896,4304.5371,91.4458
2023-04-10,11660.0635,151.9577,2465.4683,534.0534,46.2982,3670.1182,562.144,49.1568,341.0938,1140.321,5419.3699,774.9255,2422.0182,265.6946,4299.2908,91.7557
2023-04-11,11625.0781,152.4174,2517.1914,536.6015,45.9995,3657.3738,561.8942,49.3616,345.4473,1141.3204,5549.2349,775.3254,2428.7634,267.4932,4294.0444,92.0656
2023-04-12,11816.9971,152.937,2500.2002,539.1996,46.7896,3674.3665,561.0948,49.8109,350.273,1152.8136,5514.2715,783.3225,2443.7524,267.1934,4289.0479,91.9756
2023-04-13,11910.957,152.8171,2493.2039,538.3003,47.493,3682.3628,566.7897,48.4534,356.9867,1143.3192,5531.2534,791.9195,2446.7507,268.7922,4313.0308,91.7857
2023-04-14,11886.9668,157.7531,2466.2178,540.5986,47.4448,3676.3655,583.7745,48.8829,350.0631,1117.8344,5456.3315,788.9206,2460.2407,267.9928,4307.0352,91.9456
2023-04-17,11818.9961,154.156,2504.6978,543.3965,47.8013,3682.3628,577.58,48.3984,343.664,1117.8344,5545.2393,790.7199,2453.2456,271.8898,4354.0029,92.6855
2023-04-18,12034.9043,154.8354,2538.1804,544.096,48.1386,3645.3789,574.0832,48.773,344.2934,1115.8356,5603.1787,796.7178,2466.2366,273.1888,4331.5181,91.9856
2023-04-19,11986.9248,155.2751,2518.6904,535.0027,48.1675,3673.3667,572.8842,49.2026,339.7826,1122.8314,5524.2607,793.319,2455.7439,275.6868,4338.5137,90.766
2023-04-20,12004.917,154.3358,2467.2173,530.3062,48.0615,3697.3562,574.5827,48.9529,413.368,1129.8271,5436.3521,798.1173,2447.7493,274.3878,4358.999,89.7862
2023-04-21,12180.8418,153.1168,2353.7761,529.6067,47.6279,3758.8289,573.184,48.808,404.2697,1144.8184,5125.6748,805.7146,2451.2473,278.6845,4388.9785,90.636
2023-04-24,12158.8516,154.076,2362.272,533.5038,48.0037,3741.8362,572.7843,48.858,404.3197,1138.3221,5135.6646,804.1152,2459.741,277.8851,4384.9819,89.6563
2023-04-25,12288.7969,151.3383,2313.2974,528.9072,47.7435,3775.3215,565.7907,48.1787,406.5193,1152.8136,4979.3267,804.9149,2423.7671,278.085,4412.9619,91.2558
2023-04-26,11838.9873,153.7363,2344.2812,532.7044,46.5102,3722.845,571.1858,48.5483,403.7198,1141.3204,5031.772,802.5158,2432.2607,279.384,4368.4927,94.255
2023-04-27,11791.0088,161.9097,2351.2776,523.2114,46.8282,3713.3491,574.8824,48.768,404.3197,1142.3198,5038.7646,811.3126,2399.2844,278.4847,4428.4517,95.8746
2023-04-28,11741.0293,159.7515,2336.7852,534.0035,46.7318,3620.3904,573.2838,48.1487,408.9188,1143.819,5043.7598,818.3102,2450.2476,280.8828,4433.4478,95.8746
2023-05-01,11755.0229,157.2835,2319.5441,510.9955,46.5295,3624.8883,583.3248,47.889,409.4187,1142.3198,4976.8296,817.0106,2395.5367,280.7329,4436.9456,94.7699
2023-05-02,11769.0166,154.8154,2302.303,487.9876,46.2308,3629.3862,593.3658,47.6293,409.9186,1140.8207,4909.8994,815.7111,2340.8259,280.583,4440.4434,93.6652
2023-05-03,11878.9707,153.1368,2324.2915,486.7386,45.9321,3662.8716,592.6664,45.9311,420.4165,1142.8195,4949.3579,824.308,2323.8384,279.7837,4434.4473,96.1345
2023-05-04,11844.9844,148.1208,2300.304,476.1464,46.6933,3682.8625,583.4747,45.3067,414.9176,1154.8124,4864.9458,815.5112,2343.824,280.2833,4402.9683,94.495
2023-05-05,11916.9541,153.1168,2391.7563,491.9347,47.6954,3668.8687,599.2604,45.7612,422.5161,1149.8153,4986.8188,812.1124,2388.7917,282.7813,4395.9741,94.9948
2023-05-08,11912.9556,153.2867,2395.7543,490.0611,47.4834,3649.3773,599.0107,45.9211,423.4159,1151.0646,5004.3008,807.414,2382.5464,283.5807,4380.7346,94.6249
2023-05-09,11908.957,153.4565,2399.7522,488.1874,47.5508,3629.886,598.7609,46.0809,424.3157,1152.3138,5021.7827,802.7156,2376.301,284.3801,4365.4951,94.255
2023-05-10,11814.9971,153.0968,2353.7761,486.7386,47.5894,3582.4072,600.5593,46.1209,444.6117,1154.8124,4979.3267,807.5139,2396.7861,277.6853,4289.5469,92.7254
2023-05-11,11918.9531,153.3566,2311.2983,477.3976,47.9073,3617.8914,593.1443,45.8262,458.309,1153.813,4877.4326,816.9106,2385.2944,273.458,4336.5142,90.9659
2023-05-12,12004.917,153.7763,2332.7874,482.6942,47.1943,3532.9294,599.2397,45.5115,461.5083,1161.3085,4912.3965,815.911,2407.2788,275.5569,4350.5063,89.8362
2023-05-15,11994.9209,154.8954,2363.2712,481.3951,47.705,3536.4277,610.531,46.2208,464.2078,1159.8094,4957.8491,812.1124,2410.2766,273.0582,4331.0181,90.0062
2023-05-16,12064.8906,154.2759,2350.2781,475.6487,47.3388,3551.9207,605.2352,45.6514,467.3072,1160.8088,4911.3975,820.7093,2382.7961,270.7594,4340.0117,83.3079
2023-05-17,11918.9531,155.8346,2355.7751,478.0472,47.8688,3498.4446,602.5372,46.2457,487.9031,1139.8213,4965.3413,842.5016,2394.7878,269.1602,4312.0312,82.3182
2023-05-18,11972.9307,157.9329,2353.7761,480.2458,48.2157,3533.4287,612.4296,46.4605,490.2026,1107.3406,4930.8774,855.0972,2391.5195,268.2607,4262.4399,82.918
2023-05-19,12004.917,159.2918,2351.2776,481.0952,48.3987,3546.4231,610.3312,46.6703,484.0039,1102.3436,4943.3643,864.6937,2407.5095,266.5616,4268.4365,83.068
2023-05-22,12030.9062,159.9513,2350.7778,481.3451,48.2831,3540.9258,616.7263,46.89,480.4046,1104.3424,4931.3765,863.4941,2393.5181,267.5611,4226.4609,81.6284
2023-05-23,12028.9072,163.3086,2323.2922,487.9908,46.9631,3536.9275,617.3258,47.5394,477.8051,1110.8386,4889.9199,858.6958,2416.5039,267.9608,4213.4692,84.0577
2023-05-24,11789.0088,158.5325,2253.8284,486.192,46.4909,3489.9482,599.7393,46.7152,477.4052,1097.8463,4769.0459,844.101,2391.0195,265.5621,4169.4951,83.3679
2023-05-25,11637.0723,156.8538,2218.8464,474.6494,46.6355,3473.4558,605.9345,45.7812,477.6052,1082.8552,4753.062,848.4995,2339.0518,264.8624,4164.9985,81.0385
2023-05-26,11779.0117,157.1936,2285.8118,476.5981,47.0305,3496.4456,610.3312,45.4566,474.9057,1088.8517,4919.8887,857.0964,2351.0444,263.6631,4166.4976,79.449
2023-05-30,11493.1328,155.6748,2247.8315,466.3046,46.6066,3400.9878,599.6394,45.1669,477.7051,1099.3455,4834.4775,856.4966,2280.5884,262.0639,4042.572,77.7294
2023-05-31,11655.0654,151.2183,2209.3513,453.013,45.8068,3345.5127,590.0468,44.123,471.5064,1105.3419,4777.0371,870.6916,2219.1262,260.6646,4026.5815,76.3498
2023-06-01,11665.0605,152.4973,2241.8345,461.2078,46.5295,3343.0139,593.3442,44.6175,488.303,1054.8718,4880.9287,869.1576,2246.6094,260.7646,4015.5879,76.1098
2023-06-02,11743.0283,156.634,2344.7808,474.0497,47.2714,3371.001,602.2374,45.3966,492.6022,1054.3722,5064.7378,871.9568,2288.5833,262.2638,4054.0649,75.61
2023-06-05,11789.0088,155.6548,2336.7852,472.6506,46.5873,3330.519,605.6348,44.6824,489.8027,1061.368,5049.7534,869.9573,2283.5864,262.9634,4068.5559,77.8994
2023-06-06,11826.9912,158.0728,2344.7808,470.9517,46.4138,3349.511,610.3312,45.1269,503.1001,1066.8647,5096.7051,872.7565,2272.0933,262.9634,4042.0723,76.8996
2023-06-07,11749.0244,158.1128,2358.7737,473.4501,46.8089,3332.0183,615.6271,45.4616,519.6968,1054.3722,5097.7041,865.3586,2293.0803,262.9634,4022.5837,78.4592
2023-06-08,11745.0264,157.4733,2377.7637,472.3508,47.7243,3324.522,610.531,45.2818,522.0963,1049.3752,5121.6787,866.5583,2307.5715,261.864,3997.0989,74.1304
2023-06-09,11707.043,156.2143,2378.7632,468.6031,46.9149,3319.0242,607.0338,45.2168,523.696,1053.8726,5119.6812,859.3603,2293.0803,261.764,3967.6167,74.8602
2023-06-12,11824.9922,155.1152,2369.2683,462.3072,47.8495,3345.0127,604.8354,44.9271,526.8954,1046.8766,5062.7407,867.1581,2276.5908,263.0634,3993.6013,72.8307
2023-06-13,11735.0312,156.634,2427.238,464.5557,48.2253,3355.0081,609.1321,45.2468,525.8956,1035.3834,5197.6001,872.7565,2294.5793,262.1638,3963.1199,72.4108
2023-06-14,11505.1279,157.3134,2479.7107,460.8581,50.162,3374.0,610.3312,45.2368,524.2959,1030.8861,5332.46,874.3561,2303.0742,263.863,3965.1184,72.8207
2023-06-15,11681.0537,153.6764,2503.6982,459.409,50.8076,3357.5073,608.9323,44.9072,513.498,1033.8844,5337.4551,873.7563,2333.0557,264.3627,4018.5859,73.8404
2023-06-16,11783.0107,153.8163,2479.7107,459.3091,51.2027,3353.0093,611.3304,44.9971,508.699,1048.8754,5294.4995,877.7551,2334.5547,262.7635,4057.063,73.6905
2023-06-19,11641.0703,153.3367,2461.2205,461.1079,51.0629,3303.5312,614.528,44.9921,510.6986,1046.8766,5208.5889,874.956,2338.5518,258.6656,4031.5786,74.1204
2023-06-20,11631.0752,154.196,2435.7336,453.6627,50.9232,3305.0305,614.7278,44.7673,504.4998,1050.8743,5147.6519,881.754,2320.0637,258.5657,4052.5657,72.9807
2023-06-21,11581.0967,151.3383,2417.7429,463.7062,51.829,3304.0312,617.6255,43.6984,506.4994,1046.377,5099.7017,874.956,2362.0378,258.4658,4067.5566,72.7107
2023-06-22,11595.0898,146.8419,2390.7568,459.7088,51.511,3329.0198,606.2343,42.8643,500.5006,1035.3834,5074.728,872.1568,2332.0562,248.7708,4054.5647,71.881
2023-06-23,11417.166,145.1033,2325.791,454.3622,51.4917,3303.5312,601.7378,42.275,493.8019,1037.882,4966.3408,871.3569,2317.0657,248.6709,4087.5444,72.6708
2023-06-26,11287.2207,144.8035,2328.2896,458.7094,51.1063,3286.5388,603.6363,41.9153,487.2032,1035.8833,5007.7974,867.7579,2339.5518,251.6693,4057.563,70.0415
2023-06-27,11185.2646,146.2024,2353.7761,452.4135,52.5805,3295.0352,609.8316,42.4548,489.2028,1042.3793,5036.7671,873.1565,2318.0647,252.4689,4069.0559,72.6308
2023-06-28,11229.2461,148.2208,2353.2766,454.9118,53.0527,3326.521,612.8293,42.6046,499.8008,1046.8766,4997.8076,917.744,2322.0625,255.7672,4089.0437,73.6405
2023-06-29,11231.2441,151.1984,2349.7783,454.5121,52.9274,3329.0198,618.3251,42.7245,500.1007,1037.3823,4992.8125,915.5446,2324.0613,246.7719,4082.5479,74.3203
2023-06-30,11271.2275,153.2567,2338.7842,458.0598,53.6982,3377.4983,621.2229,43.5436,506.0995,1039.8807,4980.3262,924.5421,2341.0503,248.2711,4095.0396,73.9504
2023-07-03,10369.6104,155.4949,2387.7585,470.502,53.8428,3388.4937,627.1183,44.1779,495.1017,1045.8772,5085.7168,916.5444,2378.0278,251.8692,4113.0288,74.3003
2023-07-04,10575.5225,152.4373,2372.7664,469.9523,53.308,3396.49,624.2205,43.8333,490.4026,1047.8761,5044.7593,917.5441,2379.0273,247.6714,4081.0486,73.6405
2023-07-05,10615.5049,149.9194,2348.7788,459.5089,52.7732,3367.5029,621.4227,43.7834,486.6034,1026.8885,5011.7935,908.1467,2327.5591,248.6709,4075.0525,72.6508
2023-07-06,10323.6279,146.5821,2268.3206,449.6651,51.4146,3315.5261,609.9315,43.2539,480.6046,1019.393,4890.9185,903.9479,2263.0986,249.1706,4036.5754,70.7213
2023-07-07,10105.7197,148.6004,2256.3269,453.2628,51.5977,3268.5469,609.4319,43.0491,489.3028,998.6054,4909.8994,899.749,2281.0881,246.2721,3988.1042,70.6913
2023-07-10,10175.6914,148.6004,2230.8403,454.2622,52.0313,3268.5469,606.4342,42.9992,491.4024,988.2115,4863.4473,902.5482,2303.574,246.2721,3993.6013,70.6213
2023-07-11,10077.7334,149.7395,2253.8284,459.9586,53.3803,3288.0383,600.4388,43.3238,484.4038,987.612,4941.8652,904.3477,2318.5645,245.2726,3958.1226,71.0212
2023-07-12,10243.6611,154.6756,2331.7878,466.4545,54.392,3309.5283,615.3273,44.4776,492.9021,1007.8998,5134.666,914.7449,2350.5447,250.27,3981.1089,72.6308
2023-07-13,10325.627,155.5748,2366.2698,465.3552,55.0954,3331.519,613.7286,44.6774,493.9019,1015.3954,5222.5742,918.7438,2344.5486,249.0706,3971.6145,71.911
2023-07-14,10319.6299,154.9753,2369.7678,456.161,55.2688,3358.5068,612.6294,44.3128,496.3015,1020.8922,5206.5908,927.7412,2312.0688,249.8702,3990.1035,72.1809
2023-07-17,10195.6826,155.9345,2322.7925,452.1136,55.4422,3346.0122,617.4257,44.7923,499.9008,1016.8945,5080.7212,927.3413,2306.5718,248.7708,4017.0872,71.871
2023-07-18,10275.6475,159.2519,2339.2839,458.2597,55.924,3352.0098,623.2213,45.6414,511.2985,1012.8969,5104.6968,928.341,2321.063,251.0696,4013.0894,71.4011
2023-07-19,10497.5557,164.1479,2348.7788,469.2527,56.0493,3445.4683,628.3173,46.6453,525.8956,1039.3811,5090.7114,943.5368,2367.0344,256.9666,4082.5479,73.4305
2023-07-20,10691.4727,164.2279,2380.7622,471.951,56.5599,3398.489,639.5087,46.2857,526.2955,1043.8784,5168.6304,940.3377,2394.0181,259.7651,4049.5674,73.8504
2023-07-21,10765.4414,163.1288,2349.7783,475.4988,56.7623,3435.9722,641.5072,45.8062,529.8948,1053.3727,5134.666,937.5385,2416.5039,260.0649,4079.5496,73.4905
2023-07-24,10775.4365,164.2279,2395.2546,483.3938,56.8683,3437.9714,642.2067,45.996,532.8942,1059.3693,5171.6274,919.1436,2441.4885,261.2643,4016.0874,76.4897
2023-07-25,10715.4629,163.3885,2489.7056,480.6955,57.3308,3455.4634,643.8054,46.0459,518.2972,1050.3745,5388.4019,927.9412,2408.509,259.865,4190.4834,75.9099
2023-07-26,10665.4844,163.9281,2443.2297,478.297,57.2441,3397.9893,643.6057,45.2818,513.498,1050.3745,5223.5728,927.9412,2395.0176,263.1633,4181.4883,77.5095
2023-07-27,10695.4717,155.2751,2436.7332,479.3963,57.2055,3428.9756,641.8069,45.0021,526.2955,1042.879,5207.5898,942.737,2362.5371,260.5647,4177.9902,76.1398
2023-07-28,11053.3193,155.6148,2399.7522,475.099,57.8896,3431.9741,646.3036,45.077,524.6959,1030.8861,5119.6812,939.7379,2340.0515,261.2643,4220.9644,75.7299
2023-07-31,11181.2656,154.8354,2425.2393,482.6942,58.1016,3395.99,645.804,44.8872,529.8948,1030.8861,5144.6548,936.3388,2364.5364,257.8661,4188.4834,74.4103
2023-08-01,11191.2617,151.2983,2396.2542,481.445,57.6295,3406.4856,654.3973,44.2928,523.496,1016.8945,5089.7124,938.5382,2350.0449,258.6656,4198.9775,73.8604
2023-08-02,11091.3037,146.3423,2346.7798,473.3002,56.5503,3382.9958,636.4111,43.214,519.8968,995.2074,4958.8481,929.9406,2317.0657,254.8676,4178.9902,73.8804
2023-08-03,10895.3857,149.0401,2356.7747,477.5475,56.955,3330.519,638.7094,42.8884,517.0974,972.0212,4994.3115,930.1406,2337.553,251.2695,4119.3901,72.3508
2023-08-04,10905.3828,150.6188,2363.2712,486.1421,57.1381,3330.0195,635.9115,43.1033,529.2949,979.017,5004.8003,931.5401,2387.0222,250.37,4088.4065,73.6005
2023-08-07,10881.3926,150.6988,2345.2808,482.7942,57.8511,3312.0273,643.6057,43.1332,543.0922,964.8256,4961.3452,935.739,2375.0293,251.6693,4088.4065,72.6608
2023-08-08,11025.332,146.9618,2316.2957,479.6961,57.6006,3313.0271,634.1129,42.6486,526.8954,975.2193,4901.4077,936.5388,2370.5322,251.8692,4085.408,71.9409
2023-08-09,11177.2676,148.7803,2336.7852,492.3381,56.5889,3338.0161,635.5118,42.7436,526.8954,976.2188,4949.8579,944.7365,2426.9973,251.4694,4109.396,72.5608
2023-08-10,11157.9922,147.9079,2348.2791,490.6463,56.2709,3404.9863,631.5941,42.9634,529.095,989.0111,4789.3564,954.7337,2431.2563,254.6677,4138.3809,73.1606
2023-08-11,11026.0391,146.5087,2316.2957,486.1487,55.9818,3354.0088,624.3988,42.9134,524.4958,980.4163,4722.4072,945.7362,2414.7646,251.0696,4080.4106,72.6807
2023-08-14,11110.0088,145.7892,2275.8169,481.501,56.0685,3377.4983,621.101,42.8035,527.2953,974.6197,4643.4673,953.1342,2392.2764,250.27,4093.9036,72.1709
2023-08-15,10872.0947,143.4506,2241.3347,473.7051,55.4519,3330.0195,599.9145,42.4388,518.2972,959.4287,4583.5127,951.9345,2366.7898,247.8713,4046.9277,70.9112
2023-08-16,10874.0938,144.9097,2201.8552,472.7056,55.3748,3307.0295,589.4213,42.0542,520.0967,955.2312,4555.5342,951.1347,2355.7949,249.6703,4034.4341,70.7213
2023-08-17,10788.124,145.3295,2221.845,474.2548,54.2667,3256.552,592.0196,42.3789,503.1001,945.8369,4632.4756,938.1384,2363.791,246.3721,4013.9443,70.8112
2023-08-18,10654.1738,144.1502,2186.3633,473.2054,54.3823,3258.5515,583.5251,42.209,495.7016,950.8339,4597.0024,943.137,2358.7937,249.5704,3977.9631,70.8812
2023-08-21,10670.167,143.5706,2200.856,478.0528,54.498,3265.0486,582.9254,42.0542,496.7014,945.4371,4613.9897,945.9362,2368.2886,251.8692,3966.9683,70.3414
2023-08-22,10694.1582,142.6112,2181.3657,477.653,55.1243,3255.5527,580.2272,41.6895,489.6028,942.239,4671.4458,947.7357,2367.2888,250.6698,3959.4722,70.6113
2023-08-23,10766.1328,142.9509,2228.8413,470.9065,55.7698,3269.5464,584.4245,41.8343,499.1009,962.8267,4756.3813,955.3335,2351.7971,253.1685,3995.4541,71.5211
2023-08-24,10746.1396,144.45,2195.8584,473.3553,54.7774,3263.5398,588.7217,42.0941,501.7004,970.0224,4748.3877,950.135,2365.29,255.0675,4016.9429,71.711
2023-08-25,10656.1729,143.8904,2184.8643,475.3542,55.211,3266.5388,587.4225,41.7594,508.699,977.2181,4741.8926,951.3347,2377.2839,259.965,4034.4341,71.2611
2023-08-28,10728.1465,146.8785,2217.5972,480.4016,55.3844,3286.0331,591.37,42.3139,515.9975,981.7154,4781.1125,961.7317,2391.027,261.7141,4046.6776,71.9659
2023-08-29,10800.1201,149.8666,2250.3301,485.449,55.6928,3305.5273,595.3174,42.8685,523.296,986.2127,4820.3325,972.1288,2404.77,263.4632,4058.9211,72.6708
2023-08-30,10730.1465,148.9472,2266.8215,488.9472,55.2592,3319.5234,590.3207,42.7885,521.8963,992.6089,4848.311,977.7272,2411.2664,264.0629,4063.4192,73.2606
2023-08-31,10658.1719,147.2682,2272.8184,487.248,55.4711,3242.5461,582.7256,42.3189,512.4983,989.6107,4868.7959,970.7292,2410.2671,265.5621,4039.9314,73.1906
2023-09-01,10696.1582,148.9672,2302.803,500.5412,55.0857,3199.0588,587.9222,42.0791,516.0975,985.0135,4968.7197,969.7295,2443.25,264.5626,4026.938,73.5805
2023-09-04,10686.1611,150.7061,2341.2827,501.4407,54.2474,3181.064,585.4239,41.9393,513.2981,977.6179,4996.1992,972.7286,2443.25,263.6631,4023.9395,72.4308
2023-09-05,10732.1445,149.5468,2334.7864,511.2357,53.4092,3146.5745,587.1227,41.7244,505.2997,968.4233,4971.2178,972.7286,2467.7378,256.1669,3992.4556,73.4305
2023-09-06,10602.1914,149.1271,2328.7893,515.6334,53.1008,3174.5659,584.9242,41.4597,508.8989,972.6208,4974.7148,990.1238,2487.7275,256.8666,3979.4619,73.3406
2023-09-07,10820.1123,147.8879,2222.4561,514.5339,53.0141,3174.0659,584.3246,40.9951,537.0933,994.208,4843.3149,1008.7186,2500.7207,255.3674,4017.4426,73.9004
2023-09-08,10842.1055,148.1477,2206.46,517.0326,52.7636,3199.0588,584.0247,41.3048,510.6986,995.8071,4830.8247,1019.7156,2501.2207,258.4658,4040.4307,73.2006
2023-09-11,10498.2295,149.8067,2255.448,517.0326,52.5612,3174.5659,589.6211,41.5446,485.4036,996.4067,4997.1982,1022.2149,2508.717,259.5652,4046.4277,75.1101
2023-09-12,10680.1631,153.4844,2264.9458,522.5298,51.5592,3161.0698,596.9164,42.4438,479.2048,999.0051,4998.1973,1027.2135,2528.7063,262.3637,4033.9343,77.3595
2023-09-13,10578.2012,157.1421,2254.4482,507.9374,52.0024,3147.074,610.6076,42.5637,501.1005,1001.4037,4981.2104,1026.2137,2519.7112,263.5631,4030.9358,78.8091
2023-09-14,10810.1172,159.9803,2360.4224,523.8291,53.679,3167.5679,626.4974,43.1932,505.5148,1025.8892,5217.0308,1038.7103,2580.1799,266.7615,4061.4202,79.9188
2023-09-15,10936.0713,161.3595,2381.4172,522.9296,52.7732,3161.0698,628.8959,43.1632,505.3148,1021.8915,5284.979,1028.2133,2578.6809,270.5595,4101.3989,79.7889
2023-09-18,10724.1475,158.7011,2360.9221,518.9317,51.5592,3149.0735,622.5999,42.1191,500.3156,1017.3942,5234.0181,1020.2155,2589.6753,271.3591,4100.8994,79.409
2023-09-19,10612.1875,159.1209,2339.9272,524.5287,51.6941,3161.0698,630.295,42.8635,494.8166,1015.3954,5225.0244,1016.2166,2611.6638,272.9583,4076.4124,80.0488
2023-09-20,10946.0674,159.4806,2353.4241,523.1295,52.9852,3198.5591,632.9933,44.522,485.9181,1033.8844,5279.9829,1023.2146,2593.1736,270.3596,4113.3931,80.9985
2023-09-21,10882.0898,156.6024,2276.4429,520.131,51.5206,3138.5767,635.6915,44.3872,471.5205,1028.3876,5136.0928,1019.7156,2594.6729,269.3601,4132.8838,81.0385
2023-09-22,11042.0332,155.2233,2333.429,525.4283,52.5902,3152.5725,642.687,45.3014,467.9211,1021.8915,5179.0596,1023.7144,2606.167,270.7594,4113.8931,81.0085
2023-09-25,11189.9805,153.5443,2300.9368,527.0275,54.2956,3101.5874,638.1898,44.7119,472.3203,1002.4031,5081.1343,1016.7164,2603.6682,268.6605,4078.9109,79.9788
2023-09-26,11159.9912,159.5806,2282.9412,530.6257,53.7753,3067.5974,638.7895,44.8867,474.22,1004.9017,5050.1577,1000.7209,2598.1711,269.9598,4061.9194,80.6886
2023-09-27,11114.0078,158.0215,2297.4377,538.2217,54.3438,3021.1111,639.4891,44.532,473.8201,982.2151,5070.1426,991.5234,2628.1555,265.1623,4029.9363,79.299
2023-09-28,11002.0479,158.981,2339.4275,540.8204,54.1318,3037.1064,644.4859,44.2223,474.8199,965.8249,5182.0576,979.5267,2659.1399,264.4627,4032.4353,77.7294
2023-09-29,11098.0137,158.841,2338.9275,531.1254,52.7347,3033.1077,644.4859,44.3322,469.1209,979.4168,5170.0669,988.7242,2604.6677,264.0629,4059.9209,76.7997
2023-10-02,10946.0674,155.723,2309.4348,518.8317,52.0795,3007.1152,639.3891,43.2332,463.3219,949.2348,5116.1074,979.9266,2580.6797,261.6641,4022.4399,76.7997
2023-10-03,10904.083,154.1839,2278.9421,515.5334,51.4628,3014.613,644.7857,42.7785,451.7238,931.4454,5031.1724,972.7286,2576.1821,259.4652,4051.4253,75.9399
2023-10-04,10888.0889,153.7842,2258.5862,499.1919,52.5034,3032.6077,640.0887,42.4238,446.7247,936.6423,4927.751,978.1272,2520.2112,270.5595,4010.4458,75.1501
2023-10-05,10898.085,152.425,2267.9451,498.7921,53.3321,3054.6013,644.0862,42.1341,447.3246,947.0361,4953.7314,981.5262,2531.2051,280.2544,4028.437,76.0798
2023-10-06,10938.0713,154.6636,2314.4336,505.3387,54.5172,3043.1047,654.2797,42.5887,456.423,935.0432,5004.1929,994.1227,2580.1799,278.2555,3923.491,74.7802
2023-10-09,10852.1016,151.9254,2285.9404,520.0311,54.7581,3049.6028,644.5858,42.0741,454.5233,948.2354,4940.7407,984.5253,2647.646,274.2576,3907.4988,76.0798
2023-10-10,10974.0586,156.6824,2329.4299,524.8287,55.4037,3093.5898,657.3776,43.3331,469.3209,964.4257,5059.1509,994.5226,2661.6384,280.2544,3951.4763,77.3695
2023-10-11,10940.0703,157.0821,2322.9314,520.0311,57.061,3096.0891,658.5768,43.2381,473.2202,968.0236,5051.1567,1000.7209,2644.6472,280.9541,3928.4883,77.4895
2023-10-12,11116.0068,152.1852,2320.9319,535.8229,56.0011,3089.0913,657.4775,43.383,481.4188,964.0259,5074.1396,1019.7156,2679.6294,279.0933,3921.9915,77.5994
2023-10-13,10970.0596,152.9847,2329.4299,547.4169,55.4326,3046.1038,652.181,43.1932,478.0194,978.8172,5069.1436,1014.217,2720.6082,275.4947,3924.4902,77.2395
2023-10-16,10968.0605,153.1646,2377.4182,548.7163,56.454,3083.0928,650.8818,43.4729,478.4193,973.0206,5213.0337,1021.2151,2749.0935,274.1952,3935.9844,77.4395
2023-10-17,11265.9531,154.7036,2378.418,554.7132,55.8758,3102.5872,652.5807,43.7627,472.9203,975.819,5212.0347,1015.7167,2770.0833,275.9945,3973.4651,77.5395
2023-10-18,10608.1904,151.5456,2347.4255,557.7116,53.4959,3103.5869,649.8824,42.8135,461.9221,970.4222,5083.1328,996.1222,2771.0825,275.1948,3985.459,77.6594
2023-10-19,10484.2334,147.708,2319.4324,552.6143,52.8184,3113.084,640.7883,41.8443,460.6223,971.2217,5048.1592,987.5245,2756.5901,273.7953,3986.4587,76.6697
2023-10-20,10426.2549,144.7698,2265.4456,545.1182,53.2249,3091.5906,615.5046,41.5496,456.623,963.4264,4926.752,950.7348,2726.1055,272.5958,3987.9578,75.68
2023-10-23,10096.374,143.9503,2251.949,531.925,53.0507,3084.0928,612.1067,41.3797,458.5227,956.6304,4886.7822,952.1344,2729.104,271.8961,3985.9587,74.8002
2023-10-24,10434.252,134.5562,2300.9368,534.1238,52.6925,3118.0825,612.4066,40.5404,466.3214,968.8231,5056.1528,950.5349,2715.1113,272.4958,3982.9604,75.42
2023-10-25,10542.2129,133.1371,2352.4243,534.4237,51.7827,3142.5754,614.705,41.4247,467.1212,975.819,5153.0796,964.5309,2716.6106,272.1959,4011.4458,73.8804
2023-10-26,10388.2686,132.1577,2337.428,533.5241,50.6115,3108.5854,608.7089,41.1349,467.5211,987.0123,5141.0884,960.532,2687.1257,272.9956,3898.0042,74.7902
2023-10-27,10120.3643,129.1196,2357.9229,530.2258,50.6696,3024.1104,600.6141,39.7211,463.5218,980.6161,5196.0469,967.73,2699.1196,272.2959,3819.0442,76.0798
2023-10-30,10214.3301,130.5786,2363.9214,526.4279,51.773,3086.092,586.9228,40.0009,466.6213,975.819,5235.0171,974.7281,2685.6262,269.8968,3860.5232,76.7097
2023-10-31,10246.3193,131.5181,2337.428,502.3403,51.8504,3106.0862,591.9196,39.906,466.9213,978.0176,5251.0049,970.3293,2645.147,269.597,3887.0093,75.68
2023-11-01,10332.2881,129.2595,2360.9221,494.1445,54.909,3136.0774,589.721,40.1108,482.4186,991.6096,5257.9995,981.3263,2655.6414,270.8964,3884.5107,75.1101
2023-11-02,10358.2783,133.157,2408.4106,498.3424,54.9381,3183.5632,600.9138,41.7394,487.8177,999.405,5349.9297,991.1235,2766.585,273.8953,3899.5029,77.1996
2023-11-03,10266.3125,136.2551,2388.4155,489.5968,55.0542,3192.061,601.8133,42.3989,489.7174,996.2068,5325.9478,969.7295,2651.1438,275.6946,3852.5273,78.6892
2023-11-06,10272.3105,136.2151,2379.9175,491.246,55.8382,3176.5654,608.9087,42.0941,506.9145,982.6149,5330.9438,962.3315,2672.1333,275.7946,3852.5273,78.8391
2023-11-07,10226.3271,136.1352,2337.9277,480.8014,56.2544,3187.0623,607.9094,42.0142,506.7145,989.6107,5227.0234,981.7261,2624.6575,276.8941,3888.0088,78.1493
2023-11-08,10166.3486,135.9353,2324.4312,476.9034,57.0287,3219.5527,606.91,41.9542,511.1138,969.2228,5199.0444,994.5226,2595.1726,277.8937,3902.0017,76.9996
2023-11-09,10432.2529,136.8947,2369.9199,475.1615,56.5157,3244.0457,602.7916,42.244,516.5129,980.816,5257.9995,1002.2204,2613.6636,279.1932,3982.4604,77.5595
2023-11-10,10086.376,135.4956,2360.4224,477.6605,57.9386,2849.1619,598.8937,41.7144,514.9131,983.8143,5255.002,993.7228,2628.1555,277.5939,3946.9788,76.3598
2023-11-13,10244.3193,136.6549,2379.9175,484.5078,57.7934,2887.6504,607.5892,41.9842,530.3106,979.4168,5295.9707,988.9241,2655.1421,281.3924,3945.9792,77.3795
2023-11-14,10182.3418,138.3738,2421.9072,480.7593,58.1999,2897.6475,604.5908,42.219,531.9103,987.8118,5407.8857,982.3259,2619.1599,278.4935,3911.4968,73.0906
2023-11-15,10086.376,139.7929,2439.4031,481.9088,57.2126,2844.6628,616.6845,43.0583,532.5101,988.6113,5427.8701,984.1255,2634.1528,273.3955,3890.5076,72.6708
2023-11-16,10162.3496,138.9534,2423.9067,468.2142,57.2901,2791.6787,608.4888,42.7386,522.5118,1009.399,5393.896,985.1252,2554.4485,275.1948,3833.9026,73.2006
2023-11-17,10256.3154,142.7111,2441.4026,477.5106,58.2773,2808.6736,615.0854,43.3381,521.9119,1015.3954,5441.8599,984.1255,2607.4265,275.8945,3814.4109,75.0301
2023-11-20,10102.3711,142.4512,2458.3984,480.2594,56.8545,2802.6755,615.8849,43.0133,517.3127,1019.8927,5509.8081,989.1241,2639.9131,274.595,3774.4272,74.7402
2023-11-21,10188.3398,141.6318,2488.3911,476.361,59.1678,2797.6768,612.9864,42.5138,514.1133,1036.8826,5527.7944,996.9219,2611.9246,276.3943,3802.9155,74.4903
2023-11-22,10082.3789,139.8928,2479.3933,465.9651,59.2646,2834.166,606.3898,42.264,515.913,1032.885,5504.812,1129.6849,2555.448,279.6931,3820.4082,74.9002
2023-11-23,10170.3467,140.1527,2468.396,473.3122,59.5211,2824.1689,611.3873,42.3089,520.3123,1003.9023,5497.8174,1130.1847,2584.936,279.893,3785.4229,70.8512
2023-11-24,10176.3447,141.5518,2459.8979,476.311,59.7776,2823.1694,609.1884,42.4388,516.9128,1008.8992,5481.8291,1103.6921,2593.9321,283.6915,3798.4177,71.721
2023-11-27,9972.417,140.1127,2436.4038,474.8616,59.9808,2807.6741,607.0895,42.0142,514.9131,1013.8963,5457.8477,1118.688,2569.4424,284.4912,3799.9167,71.0212
2023-11-28,9896.4443,140.0328,2425.9062,474.8116,59.6904,2773.6841,606.8896,42.4138,518.3127,1023.3906,5427.8701,1131.1844,2579.4385,283.6915,3784.4233,70.8412
2023-11-29,10028.3984,140.2126,2393.9141,471.7628,60.5132,2739.1941,594.4959,43.413,522.9119,1024.8898,5395.895,1129.6849,2552.4495,284.2913,3751.937,70.7913
2023-11-30,10122.3643,140.9522,2403.4119,478.91,60.7358,2762.687,601.7921,43.433,518.5125,1026.8885,5394.8955,1130.1847,2558.947,285.6908,3767.9299,71.3111
2023-12-01,10194.3379,142.2714,2473.8945,478.2102,62.4199,2815.1716,603.7911,44.4521,533.71,1032.3853,5594.7432,1148.6797,2566.9434,279.4931,3778.9258,71.651
2023-12-04,10262.3135,142.891,2433.4045,471.7628,60.939,2803.1753,603.7911,45.0916,527.3111,1035.3834,5443.8579,1129.6849,2535.4563,281.0926,3815.4104,71.2811
2023-12-05,10140.3574,139.3732,2416.4087,471.7128,61.0649,2811.6729,603.0916,44.9717,536.1096,1034.3842,5415.8794,1133.1838,2524.9609,283.9914,3800.4167,71.5411
2023-12-06,10126.3623,140.1527,2460.3979,465.7652,60.9294,2773.6841,614.3857,45.766,541.3088,1050.8743,5487.8247,1145.1807,2488.9756,286.5905,3801.416,72.1709
2023-12-07,10094.374,140.0527,2484.3921,460.0674,61.936,2761.1877,612.0869,45.6761,548.9074,1065.3657,5563.7671,1154.678,2479.9792,288.3897,3806.4143,69.7815
2023-12-08,10118.3652,143.1908,2492.3901,468.0643,62.8652,2828.168,618.8835,46.2955,559.3058,1059.3693,5578.7554,1174.1725,2519.4629,287.79,3784.9229,69.2317
2023-12-11,10092.374,142.4113,2464.397,467.0647,63.2426,2808.6736,616.0848,46.0757,568.3042,1062.8672,5479.8311,1187.6687,2515.4646,290.389,3777.926,68.5319
2023-12-12,10168.3467,141.5918,2474.3945,460.7672,63.5233,2809.1736,618.4836,45.8609,563.105,1067.3645,5512.8062,1194.1667,2497.9717,289.1894,3784.9229,67.0922
2023-12-13,10386.2695,140.9922,2485.3918,459.6676,64.9849,2809.1736,616.8845,46.1457,567.9042,1072.8612,5491.8218,1188.6683,2492.9739,288.8896,3796.918,65.1227
2023-12-14,10464.2422,149.9066,2558.3738,465.7152,66.1457,2868.156,615.9849,47.4995,563.105,1078.8577,5648.7026,1172.173,2518.9629,287.9899,3761.4329,66.4324
2023-12-15,10182.3418,146.5487,2583.3677,457.6684,65.8112,2832.6667,608.6887,46.975,550.1072,1065.3657,5693.6685,1168.674,2501.9705,282.5919,3753.936,64.7029
2023-12-18,10352.2812,146.4088,2610.3611,465.0155,65.6833,2846.6626,612.4867,46.96,554.9064,1047.8761,5760.6177,1173.6726,2535.9561,283.3917,3762.9324,67.2122
2023-12-19,10342.2852,147.5681,2641.3535,463.4661,67.1589,2837.6653,612.7865,46.6852,558.7057,1053.8726,5781.6011,1171.6732,2541.4536,285.9907,3760.9333,66.8323
2023-12-20,10480.2354,151.5456,2636.3547,466.8148,65.9883,2856.1597,619.0834,47.4246,562.1052,1065.3657,5778.6035,1173.6726,2579.9382,288.4897,3787.4221,67.4621
2023-12-21,10476.2373,151.3257,2664.3479,466.0651,67.1786,2848.1621,622.1818,47.1498,566.5045,1060.8684,5807.5815,1179.671,2555.948,287.1902,3777.426,68.9817
2023-12-22,10432.2529,151.6855,2658.8494,467.0147,67.1589,2840.6641,627.479,48.0041,566.5045,1060.3685,5834.561,1179.171,2565.4441,286.5905,3785.4229,69.1417
2023-12-26,10478.2363,152.6249,2666.0975,467.0147,67.7393,2846.6624,629.3281,48.0465,568.0042,1060.3685,5827.5662,1180.6706,2560.196,287.84,3785.6729,68.8418
2023-12-27,10524.2197,153.5643,2673.3457,467.0147,67.9065,2852.6606,631.1771,48.089,569.504,1060.3685,5820.5713,1182.1702,2554.948,289.0895,3785.9229,68.5418
2023-12-28,10570.2031,153.4044,2697.3398,465.0155,67.7983,2847.6621,631.2771,47.9291,570.5038,1056.8707,5855.5454,1181.1704,2547.9514,288.8896,3810.9121,68.2919
2023-12-29,10596.1934,153.6842,2688.842,465.9651,68.0344,2855.1599,635.1751,47.6694,567.3044,1057.3704,5837.5586,1172.173,2570.4421,290.389,3798.4177,68.5418
