Date,ALFA.ST,ASSA-B.ST,ATCO-A.ST,AXFO.ST,CAST.ST,ERIC-B.ST,HM-B.ST,KINV-B.ST,LIAB.ST,NWG.ST,SAAB-B.ST,SAND.ST,SWED-A.ST,TEL2-B.ST,VOLV-B.ST
2023-01-02,294.6283,217.9311,120.9873,264.2974,110.4659,56.1254,107.0125,149.2,123.7277,137.0742,102.2372,183.7684,145.5885,75.5621,174.6026
2023-01-03,294.4346,219.2805,122.4031,267.2483,110.4659,56.296,107.381,151.0,127.8962,136.7052,102.2617,183.9113,145.9121,76.6603,175.8401
2023-01-04,297.1465,223.6179,125.3124,266.5106,110.8859,57.2479,111.6548,152.45,128.5593,141.5019,99.241,183.7684,147.2871,77.4969,175.1667
2023-01-05,301.1175,219.3769,127.0386,265.8651,109.5418,57.2658,117.2367,151.35,131.0225,142.9778,101.5004,188.9604,148.1768,78.7694,175.6217
2023-01-09,312.5462,226.5095,129.9284,269.2772,112.398,57.7507,118.8578,155.7,136.4226,145.7451,103.0476,195.4861,152.6658,79.9024,179.6073
2023-01-10,313.7084,227.8589,127.601,270.8449,112.944,56.9246,117.5683,155.6,136.2331,147.4055,102.9248,193.3902,153.7577,79.2749,177.5144
2023-01-11,318.2605,231.7144,129.7151,262.8219,116.0102,56.8887,119.9631,163.5,139.5489,147.0365,100.8619,194.8192,154.89,80.1638,180.9723
2023-01-12,315.2581,236.7265,129.7733,253.8767,117.6063,60.2742,121.1605,166.6,140.591,151.6487,101.3039,198.7252,153.7172,82.3427,182.9469
2023-01-13,311.8682,236.6301,129.5793,252.2168,120.1264,57.5981,119.6131,168.35,141.0647,153.4936,100.7636,199.5826,151.2503,82.0638,181.773
2023-01-16,317.0014,237.594,127.8338,253.9689,124.5366,57.7418,120.7368,170.0,144.3806,154.416,102.2617,201.3926,152.0187,82.4821,182.9469
2023-01-17,316.1297,236.341,128.1053,254.5222,125.7547,56.5744,118.0656,166.65,145.8964,154.785,104.2019,200.5352,150.7246,82.7959,182.9924
2023-01-18,316.614,237.3049,130.4327,257.381,122.5205,56.8438,118.6736,166.75,145.8016,156.8144,104.4229,203.8695,152.9084,81.1748,185.5857
2023-01-19,308.5752,232.6783,125.293,258.3032,120.7984,55.5955,115.4498,156.7,138.6015,153.1246,105.1842,195.2003,151.776,80.8088,180.5537
2023-01-20,317.8731,234.3168,128.4738,259.6865,123.4026,52.9823,115.8735,153.9,140.4963,151.4642,105.6017,204.6317,152.9488,81.7152,183.8568
2023-01-23,322.0378,239.5217,130.6073,259.6865,126.3427,54.482,116.8867,161.85,142.77,154.047,104.472,206.8228,153.2724,81.8023,185.9042
2023-01-24,315.9361,235.6663,128.6484,254.1534,127.3088,53.584,118.5078,162.5,142.0121,151.8332,104.5948,206.8228,156.6694,81.3666,187.5876
2023-01-25,313.4178,234.7988,128.4156,253.6923,127.4348,53.1081,117.5867,161.75,139.17,148.8814,104.6193,206.1559,156.3055,80.6519,187.6786
2023-01-26,312.8367,236.8229,120.7157,246.0382,126.5107,54.0599,120.8474,167.35,141.7279,151.0952,105.6999,205.2032,155.254,80.5822,184.0843
2023-01-27,313.7084,238.1723,120.1339,245.9459,129.3669,54.2755,115.8735,167.0,143.9069,150.3573,104.9877,208.1565,158.8937,82.5693,187.0417
2023-01-30,314.6769,237.7868,119.9205,248.7125,122.9826,54.2934,118.821,163.75,140.0226,150.3573,105.2087,205.9654,159.3386,81.8372,187.5422
2023-01-31,316.7109,236.5337,119.6102,247.9747,119.9584,54.2216,118.0104,160.55,140.0226,150.7263,104.8895,205.2032,162.0886,78.6125,188.2246
2023-02-01,319.907,239.6181,120.0369,233.5887,122.4785,54.5449,120.0552,163.55,143.3384,153.6781,105.8718,207.4896,167.5077,78.4382,189.2711
2023-02-02,347.8977,248.3894,126.0688,228.1478,137.0113,56.2152,126.3002,191.75,151.9596,161.611,104.8895,213.1103,168.2356,82.0986,194.5488
2023-02-03,343.1519,259.2811,126.4567,228.7011,132.349,56.1882,126.6502,183.9,152.0543,155.5229,105.6999,214.3488,167.1033,80.4427,191.7279
2023-02-06,332.498,254.3653,123.722,231.8365,124.3686,55.3261,124.0712,174.15,148.1701,157.9213,105.7736,209.6808,164.0297,79.3272,188.2246
2023-02-07,330.8515,253.0159,123.9353,228.7011,126.0067,54.6167,123.3712,173.85,146.2753,158.6592,105.6017,210.6334,162.8974,80.3556,188.9071
2023-02-08,331.5294,250.0279,123.7414,228.4245,127.6868,54.7784,125.1765,172.9,144.0016,155.3384,107.0015,211.5861,164.0297,81.0528,187.1782
2023-02-09,331.142,249.3532,123.5086,235.3408,122.7305,54.0599,123.6291,167.4,143.0542,151.6487,105.5771,210.4429,163.7871,80.1813,188.4066
2023-02-10,324.6529,245.4014,121.2976,235.0642,123.2766,53.5571,119.2999,161.0,141.0647,154.785,118.0774,205.2032,163.3018,80.617,185.1763
2023-02-13,335.5973,246.8472,123.3535,234.6031,116.2202,53.7007,118.0104,166.5,146.2753,156.2609,126.7711,206.537,166.2945,79.8501,187.2692
2023-02-14,334.5319,245.4977,122.2867,233.9576,121.9325,53.8444,117.6604,163.15,148.0753,156.4454,125.5432,205.2985,164.6768,81.4886,186.8597
2023-02-15,342.8613,248.1002,123.8771,236.1708,120.5044,54.5089,117.1998,163.85,145.8016,154.9695,127.2623,208.7281,165.1621,81.2097,189.5441
2023-02-16,343.8298,246.9435,122.2673,234.6953,116.1362,54.6975,119.0236,165.7,145.0437,155.5229,131.1426,208.9186,169.0445,81.0528,189.817
2023-02-17,340.44,246.4616,121.4915,235.9864,115.2541,54.1587,120.2026,160.75,142.2963,158.8437,129.8655,208.0612,168.7209,81.6106,190.4995
2023-02-20,337.5344,242.9917,121.8213,233.0354,114.5821,53.7187,118.6183,159.1,139.0752,159.3972,130.504,208.8234,169.8533,82.2381,188.7706
2023-02-21,330.2704,240.7748,120.3472,233.1276,111.6839,53.117,117.2919,153.75,138.0331,157.7368,136.5946,203.7743,171.8754,82.3252,186.9507
2023-02-22,329.0113,246.0761,121.0066,232.851,111.726,52.4435,116.4261,155.55,136.5173,155.3384,136.9384,204.3459,168.8827,83.9986,187.8151
2023-02-23,330.1735,245.7869,120.6381,232.021,112.272,52.5154,115.7998,156.6,138.3173,153.3091,140.0327,205.489,171.8754,82.3252,188.9526
2023-02-24,328.527,244.7266,119.6102,231.8365,109.6258,52.0305,115.5787,153.7,135.2857,149.2504,144.5024,202.5358,172.2798,82.2381,186.7232
2023-02-27,331.3358,246.6544,120.0951,234.4187,111.5159,52.5064,120.4421,154.95,138.2226,154.2315,146.2215,203.9648,177.0518,83.1794,188.0426
2023-02-28,334.1445,245.8833,120.9097,231.191,112.44,52.1741,121.6211,156.15,137.7489,155.8919,148.4318,205.5843,172.9268,83.9637,190.909
2023-03-01,337.5344,244.5339,120.1145,226.7646,107.7777,51.6892,120.571,152.7,136.991,156.4454,148.8738,207.4896,169.6106,82.395,191.6824
2023-03-02,336.7596,245.4977,118.175,229.07,108.4078,51.9047,121.5842,153.35,138.5068,157.5523,148.5791,207.2991,170.8239,82.4996,193.7753
2023-03-03,343.055,250.7027,121.5109,228.8856,110.1719,54.1497,122.6895,159.25,139.5489,162.5335,150.9367,211.9671,172.5224,83.7371,198.1886
2023-03-06,345.5732,249.6424,122.4419,227.5945,111.4319,53.7277,124.9002,160.8,140.4963,160.6886,152.9505,213.1103,173.0886,84.9399,199.2806
2023-03-07,343.3456,249.4496,120.6575,230.2688,109.0378,53.5571,123.0948,159.0,139.2647,159.2127,154.3258,209.2044,171.7945,84.0857,197.5972
2023-03-08,344.6046,250.8954,120.8321,229.07,107.8197,53.6738,124.0712,159.45,139.3595,154.6005,152.9014,209.395,173.4121,85.5499,196.6872
2023-03-09,342.2802,252.3412,120.7545,229.07,103.5775,54.2934,125.0291,157.5,140.7805,154.047,153.6873,205.6796,170.8239,85.8985,196.0047
2023-03-10,335.2099,246.0761,119.3775,225.6579,100.8054,52.9195,121.8421,144.75,142.1068,153.6781,150.5929,198.1536,160.9967,85.0444,191.1365
2023-03-13,331.9169,242.4133,118.2719,222.6147,104.2076,52.8925,122.3948,146.45,139.7384,150.1728,148.5791,194.3429,156.0628,85.0619,183.9933
2023-03-14,344.9921,246.2688,121.6467,221.9692,105.6776,52.0125,123.7212,147.3,143.8121,152.9401,154.1785,200.821,157.9636,85.1316,187.9971
2023-03-15,329.0113,237.4976,115.9057,225.2891,101.7294,50.5128,113.2391,140.3,141.0647,149.4349,147.1547,189.6272,149.8753,85.2885,178.0422
2023-03-16,336.2753,245.305,118.9508,222.4303,102.2334,50.5487,115.4866,142.1,146.2753,153.1246,147.6459,193.9619,147.2062,85.149,180.7539
2023-03-17,324.2654,239.8109,116.8755,216.1594,100.3433,50.0548,113.0365,138.2,140.2121,149.9883,142.9798,191.0086,141.5849,87.0141,178.57
2023-03-20,335.3068,242.5097,119.8235,222.5225,99.7553,50.2524,112.7786,141.6,140.7805,149.9883,144.8953,194.6287,143.9709,87.415,180.0077
2023-03-21,337.4375,243.4736,120.0757,232.3898,97.0252,50.423,114.6945,145.7,143.6227,149.9883,148.2844,196.7246,147.4488,85.9683,185.2218
2023-03-22,338.9872,238.5579,120.5994,231.2832,95.3451,50.6296,115.0076,145.75,140.1173,147.7745,148.7265,197.2009,146.7613,85.5674,185.5402
2023-03-23,341.4085,235.0879,123.4505,229.361,95.7231,50.414,114.1602,147.0,142.9595,150.3573,150.7403,196.8198,142.0701,86.9967,183.5838
2023-03-24,329.5923,226.4131,116.313,231.1426,93.245,50.5667,111.6364,142.15,136.6121,146.6675,151.9682,190.8181,140.4121,85.7242,179.3889
2023-03-27,336.1784,229.883,119.5132,225.2351,93.833,51.4647,112.3917,145.6,139.5489,147.4055,153.6382,193.295,138.3091,87.1361,182.1734
2023-03-28,340.44,232.0036,120.4248,224.86,91.9009,51.1324,112.2812,144.6,139.7384,145.5606,154.5714,196.534,138.5922,86.5958,184.4938
2023-03-29,345.3795,234.9916,121.5303,229.8298,94.9671,51.8149,113.1655,148.85,141.0647,147.959,154.5714,203.2979,140.776,88.6352,186.2682
2023-03-30,347.704,238.1723,123.6638,235.5498,100.7634,55.1712,131.6241,152.0,145.8016,150.1728,155.1117,206.7275,144.6988,87.7636,191.5915
2023-03-31,358.0673,239.329,127.5622,237.4252,101.1414,55.7229,136.1559,154.5,150.2543,150.1728,154.9643,209.395,145.5543,89.9861,194.5943
2023-04-03,356.2271,234.4132,126.6022,236.9563,100.7214,55.4286,135.0874,152.7,146.749,145.3761,154.3749,209.1092,144.7844,89.1145,194.0938
2023-04-04,354.7743,232.1963,126.6022,240.5196,102.1914,55.4195,137.8876,156.2,146.4648,143.9002,158.6481,208.7281,145.041,88.6787,196.1868
2023-04-05,350.5127,221.6901,124.3232,244.0828,99.2933,55.9988,136.3954,155.15,141.9174,139.4725,157.3711,202.9169,144.9982,89.9861,178.9193
2023-04-06,348.382,220.6299,122.3352,243.3327,100.2593,57.1941,139.085,159.5,139.2647,139.8415,156.2072,202.7263,148.7622,91.5112,180.2924
2023-04-11,356.9051,226.6059,124.6142,250.5529,102.4855,56.716,139.9324,162.55,142.0121,140.026,158.3369,205.7748,152.3551,91.8163,182.7941
2023-04-12,358.261,226.2203,124.0323,251.1155,104.4176,56.0999,138.4771,163.75,143.5279,140.9484,160.3179,210.1571,151.4569,91.6855,196.2338
2023-04-13,360.9729,225.3528,123.6444,246.8959,103.2835,56.3482,140.2272,165.9,146.6543,141.6864,159.7236,209.776,154.3654,92.1649,197.4094
2023-04-14,361.6509,226.895,125.6324,249.0526,108.4078,57.2677,142.5667,166.3,149.2122,142.4243,154.0775,210.824,157.6588,92.0342,198.0207
2023-04-17,362.91,226.9914,125.8264,248.9588,108.7438,57.4056,144.1879,161.0,150.5385,144.2692,156.6034,213.9677,154.1087,91.642,199.6195
2023-04-18,366.203,229.6903,126.7961,250.1779,107.7357,52.477,143.101,165.2,151.3912,145.7451,154.1271,214.4441,156.0335,91.5548,199.2433
2023-04-19,357.3893,230.4613,125.293,253.1785,107.1477,51.769,142.8062,161.25,151.2017,142.6088,153.0375,213.9677,158.3432,92.8185,196.657
2023-04-20,358.7453,231.4252,126.1658,251.0218,105.0056,50.5184,142.622,160.2,149.6859,145.3761,151.7498,213.7772,157.6161,92.3392,198.632
2023-04-21,356.8082,233.0638,126.0203,251.8657,105.5096,50.9138,143.0457,159.2,149.8754,141.8709,148.7287,205.0127,158.2149,90.7704,198.538
2023-04-24,358.3578,234.606,127.0386,250.0841,103.8295,50.7207,142.7325,164.35,151.9596,141.6864,150.2144,207.4896,159.0276,89.0709,201.8297
2023-04-25,370.2708,232.3891,126.5052,249.709,102.6535,50.3989,140.8719,165.4,146.9385,131.3551,147.7877,204.3459,156.9745,91.119,198.9612
2023-04-26,370.566,230.5577,124.7596,239.113,97.1512,50.3805,139.4166,165.8,148.4543,129.1412,148.2829,204.06,158.0866,94.518,198.632
2023-04-27,363.4814,235.8154,142.7972,234.7996,104.6276,50.6288,138.1639,164.3,154.0438,131.9085,146.3019,201.4879,156.8889,94.2566,196.5159
2023-04-28,369.4837,237.4706,144.7519,238.3629,104.4176,51.8333,138.0534,167.85,155.2754,135.5942,142.5378,203.4393,152.2695,94.9538,198.2558
2023-05-02,369.6805,233.3813,142.6994,235.3622,99.6713,51.0333,134.59,165.9,154.0438,132.8785,144.2217,203.5369,147.9068,91.642,195.7165
2023-05-03,370.8612,237.1785,143.0904,233.8619,100.9314,51.0058,135.5296,167.6,169.5809,134.4303,148.7287,202.8539,147.0085,92.0777,190.6849
2023-05-04,374.01,235.3286,144.2144,234.6121,101.3934,50.6471,134.8664,165.8,169.7703,136.3702,146.3019,199.3413,144.6561,91.4241,189.7914
2023-05-05,377.8475,236.6917,145.0452,236.4875,105.1316,50.9046,136.3265,168.9,169.5809,137.728,147.2428,201.1951,147.0941,92.4263,193.1301
2023-05-08,375.6827,235.5233,144.2144,238.4566,104.5016,51.0609,136.5337,167.95,170.1493,137.5341,145.8561,202.2684,146.4097,92.252,195.0111
2023-05-09,373.6164,236.1075,144.361,235.9249,100.1333,50.2518,134.9888,164.45,167.3072,134.6243,146.6485,200.2194,142.6458,92.0342,193.6474
2023-05-10,373.026,235.6207,143.8723,234.1432,102.1,49.9483,132.8976,164.95,167.9703,134.8183,145.3609,198.268,140.3788,91.5984,192.2367
2023-05-11,375.5844,239.1258,146.609,236.5812,105.3,49.1851,135.0454,167.7,168.823,137.5341,143.7265,194.4138,141.5764,91.8163,192.9891
2023-05-12,377.6507,238.6389,146.8045,235.0809,101.05,49.6449,134.7063,164.15,168.7268,138.698,147.5896,196.0238,141.9614,91.1626,194.3058
2023-05-15,380.209,240.1968,146.9022,231.7052,101.0,50.4356,134.5555,165.75,172.1879,139.8618,148.8277,198.5607,144.3567,92.5571,194.682
2023-05-16,377.2571,238.0548,145.9737,229.8298,102.2,49.9851,135.6482,165.45,170.1689,138.504,150.264,195.4384,144.1,91.6567,192.7539
2023-05-17,383.4561,237.7627,148.2217,226.5479,101.2,49.8104,138.0409,158.5,169.9766,134.8183,153.5328,196.4141,144.6988,91.2966,192.4248
2023-05-19,391.82,245.1623,153.6462,228.142,100.45,51.1161,135.7801,164.5,171.611,139.8618,148.1839,201.683,143.8862,91.1165,195.9046
2023-05-22,388.6712,244.0913,151.8869,226.3603,102.25,51.3828,136.6656,165.2,169.7843,140.4438,149.0258,200.2194,144.7844,90.2612,196.657
2023-05-23,384.8337,240.0994,148.857,227.8606,108.9,51.4563,135.4599,164.5,170.6496,139.6679,144.6675,196.9995,146.8374,91.1165,195.4814
2023-05-24,378.0443,236.8864,147.342,226.3603,104.35,50.7483,131.6541,159.25,165.1696,137.3401,142.835,192.7063,144.7416,92.0169,189.6033
2023-05-25,381.8818,235.1339,151.2516,221.6718,102.9,51.3368,129.5629,154.4,166.131,137.728,142.6864,190.5109,144.2711,89.838,189.086
2023-05-26,388.0808,239.5152,157.3603,221.5781,102.3,52.2195,130.5238,153.0,169.9766,139.0859,145.8066,193.5357,145.6826,91.8818,191.9075
2023-05-29,385.9161,238.6389,154.9168,225.9852,99.8,52.4218,129.3745,152.95,169.3036,138.504,148.1839,193.0966,145.0838,91.4766,192.0956
2023-05-30,386.5065,238.2495,156.0897,227.8606,101.4,52.3483,129.5064,154.75,166.6117,139.2799,145.559,191.1939,143.2446,90.5313,190.2146
2023-05-31,383.5545,234.4523,154.477,219.4214,101.6,51.6034,127.5847,155.75,165.2657,137.728,146.3019,186.0226,142.047,88.7756,188.3336
2023-06-01,384.5385,237.2758,153.6462,220.9217,102.35,51.9069,130.9948,156.25,162.4777,138.8919,147.7381,189.4376,145.4687,88.4694,190.7789
2023-06-02,390.6392,241.9493,156.1874,221.6718,108.35,51.9713,134.0845,160.9,166.2271,143.3535,147.7381,198.3655,149.0188,85.4622,195.4814
2023-06-05,391.1312,242.144,156.1386,224.7662,110.05,52.0908,132.5208,158.85,169.2075,142.3836,145.559,198.951,149.0188,86.0925,197.0332
2023-06-07,393.9847,248.6674,154.7702,223.1721,113.0,52.008,135.7236,157.95,172.957,143.5475,141.1511,202.8539,153.0822,85.4442,199.6666
2023-06-08,394.3783,249.8358,155.8453,223.3597,110.85,51.8977,135.0077,159.75,162.9584,143.5475,143.9741,205.8786,151.6707,84.5619,200.9832
2023-06-09,388.9664,249.1542,155.4544,225.6102,112.3,52.054,134.9135,158.7,161.324,145.4874,144.717,201.9757,153.3816,84.922,200.3249
2023-06-12,391.4264,251.6857,155.6988,225.4226,109.35,51.9529,136.5714,155.95,160.5548,147.4272,145.7075,202.0733,151.4141,84.6159,201.5475
2023-06-13,384.7353,254.8014,158.7775,222.6095,108.8,52.5689,137.0612,156.3,167.3808,146.8452,145.3609,206.4641,151.7135,83.5715,205.0274
2023-06-14,384.9321,253.2435,159.1685,225.3288,108.45,52.3574,137.1555,153.0,162.3815,145.2934,142.6864,208.5131,150.0026,83.2113,206.0149
2023-06-15,383.2593,246.5254,156.334,229.2672,107.7,52.5597,142.1857,150.75,158.4398,138.116,144.0732,207.7325,152.9967,83.2473,207.0494
2023-06-16,383.1609,244.7729,153.0598,225.6102,105.75,53.5896,144.4842,150.25,150.4601,135.7882,147.8867,209.3913,159.1987,83.7155,205.3095
2023-06-19,377.4539,242.0467,152.1801,219.8902,102.55,52.9827,143.2973,146.9,148.0565,135.2063,148.1344,205.6835,156.8889,83.0673,203.3815
2023-06-20,381.2914,240.6836,151.2027,219.5151,100.65,53.0103,145.2378,146.6,145.653,135.5942,152.047,199.634,158.0438,83.2293,200.6071
2023-06-21,377.0603,240.6836,151.2516,214.0765,99.96,51.677,143.9567,141.85,144.9801,134.8183,150.5612,200.5121,159.9686,80.7083,202.0178
2023-06-22,373.3212,239.5152,150.372,214.7329,99.14,49.8196,146.3682,140.35,141.8074,133.0724,146.599,198.7558,152.5262,79.4658,200.1368
2023-06-26,371.6484,240.002,150.0299,209.6693,99.12,50.0127,147.5363,140.5,141.519,132.8785,140.012,200.2194,154.1943,79.916,201.1713
2023-06-27,372.1404,244.8702,151.1539,211.6385,100.0,50.0587,147.8378,141.45,144.2109,127.8349,140.3587,200.2194,153.2105,80.5103,202.0648
2023-06-28,374.502,248.8622,151.1539,213.3263,102.7,51.2264,148.3088,144.6,146.4222,128.9988,142.7855,201.2927,152.2695,80.5823,204.6982
2023-06-29,375.0923,247.6938,150.2253,212.7637,102.05,53.4517,175.2688,147.4,146.5183,131.1326,143.0331,200.8049,154.622,80.3662,206.7203
2023-06-30,386.7033,252.1725,151.8869,213.9827,102.95,53.7091,174.4399,149.4,147.4797,133.6544,144.4198,205.0981,155.563,80.2402,209.7298
2023-07-03,380.209,251.7831,148.9059,216.2332,104.7,54.5091,173.837,149.0,144.9801,130.7446,147.0448,206.1714,157.445,80.4022,210.8584
2023-07-04,372.6324,253.0488,148.0262,218.1086,110.65,54.4172,174.5529,150.55,146.7106,132.1025,140.3091,203.8296,158.5571,80.7984,207.0494
2023-07-05,364.8589,249.7384,147.9773,220.7341,111.75,53.7551,174.5529,144.8,142.2881,130.3567,142.5874,199.7316,159.7119,81.1045,205.9208
2023-07-06,360.2343,244.3834,144.8497,219.6089,105.65,53.3321,170.4458,140.6,138.7309,129.3867,141.894,195.7311,156.5468,81.5907,203.3345
2023-07-07,367.0237,243.5071,146.0226,222.3282,105.9,53.3965,168.769,141.7,141.1344,129.9687,142.2407,197.7801,157.06,80.9424,204.9333
2023-07-10,366.4333,244.1887,146.2669,221.7656,104.35,53.3781,167.5821,139.55,139.6923,130.7446,143.5779,198.6583,155.3064,80.0601,205.5917
2023-07-11,366.0397,247.0122,145.5338,222.1407,108.35,53.4701,169.0328,136.8,140.7499,132.6845,143.6274,200.8049,157.9583,79.988,208.2721
2023-07-12,370.3692,250.7121,147.2932,224.4849,110.05,54.0586,171.9907,138.2,143.8264,135.0123,145.5094,203.5369,159.4553,80.4922,210.1531
2023-07-13,367.8109,249.2516,147.6353,222.5158,108.1,53.8471,169.7299,139.15,141.7113,129.7747,144.8161,200.9024,161.0379,80.0781,208.4602
2023-07-14,365.5478,250.5173,147.7819,240.5196,106.85,48.1185,169.1835,138.7,139.2116,130.9386,140.4082,198.4631,160.7812,79.916,206.297
2023-07-17,366.9253,249.0569,148.0262,245.6769,108.75,46.307,168.1473,135.75,136.5197,129.3867,140.5072,199.1461,162.4066,79.6639,207.5667
2023-07-18,372.2388,253.633,150.372,244.833,111.4,46.5093,170.7284,137.8,137.5772,129.7747,142.5874,204.0248,165.4006,71.2005,210.2941
2023-07-19,362.9894,247.7912,142.5039,250.8342,118.35,47.576,168.3357,140.5,137.8656,130.7446,142.9836,200.4146,162.1927,72.371,209.965
2023-07-20,381.3898,243.0203,142.5039,254.8663,118.7,48.4679,167.7517,140.4,136.2313,135.2063,148.8277,200.317,162.706,72.9472,213.6799
2023-07-21,377.6507,243.8966,144.2144,255.429,119.15,48.4771,166.6401,140.95,151.5176,134.0424,143.1817,200.2194,164.1175,72.8752,211.8459
2023-07-24,378.1427,245.9413,144.8008,256.3666,118.95,49.1299,166.3952,141.5,154.5941,135.9822,140.6558,202.2684,164.8874,73.5775,214.9025
2023-07-25,379.5202,246.6228,146.1203,252.8972,118.85,49.0932,164.888,143.55,157.4783,138.8919,133.7716,205.8786,167.7959,73.0013,214.7615
2023-07-26,380.701,241.8519,143.8234,254.6788,119.8,49.2035,165.3778,145.3,156.3247,141.2197,133.3259,202.9515,165.8284,73.1633,215.0436
2023-07-27,383.3578,247.5964,145.6316,253.4598,120.65,49.6541,167.1111,143.9,157.5745,142.3836,135.406,205.6835,166.9832,72.5331,218.0532
2023-07-28,382.8658,246.3307,145.8759,253.1785,120.35,49.2403,166.6401,145.2,156.7092,144.7114,135.6536,205.0981,163.7753,72.2089,219.4639
2023-07-31,387.5888,246.3307,146.3158,251.4906,119.95,48.6334,166.5459,143.65,156.9015,141.4137,137.3871,208.6107,165.0585,71.3266,218.2413
2023-08-01,384.3417,246.6228,146.218,251.0218,118.2,49.0564,163.1924,141.75,157.3822,142.5776,138.0309,208.9034,164.5024,70.6783,216.8306
2023-08-02,382.0786,245.5518,144.5076,248.49,116.1,49.0196,157.823,136.5,155.9401,140.0558,138.2785,206.0738,162.1927,70.0301,216.5014
2023-08-03,374.01,240.5862,142.3085,244.4579,116.75,48.4679,155.0723,133.3,153.6327,141.9957,137.5356,201.0,162.6204,68.8416,214.0091
2023-08-04,375.1907,241.073,143.237,245.3956,117.6,48.8817,155.9389,135.25,155.0748,144.9054,138.9224,201.2927,164.3313,68.8596,215.3728
2023-08-07,376.7651,240.0994,143.4813,245.5831,114.45,48.9093,156.9375,131.45,152.479,144.3235,140.3587,202.2684,165.0585,68.4994,216.5484
2023-08-08,374.994,238.0548,141.4288,245.5831,114.05,48.707,156.2781,128.95,152.3829,140.0558,139.071,198.5607,163.262,68.3554,213.6329
2023-08-09,380.3074,239.5152,143.1881,248.3024,116.5,48.9828,156.881,129.15,153.825,139.6679,140.1605,201.1951,165.2296,68.6435,213.1626
2023-08-10,381.7834,241.073,143.0904,247.5523,120.65,49.6725,159.6505,131.05,156.2285,140.2498,137.9814,201.4879,168.4802,69.4538,213.868
2023-08-11,377.6507,239.3205,141.6243,246.052,118.1,49.0656,157.4838,126.65,154.7864,141.2197,137.9814,200.7073,168.2664,69.5619,212.8805
2023-08-14,376.8635,239.8073,141.3311,246.6146,117.55,49.3782,157.9925,126.0,152.0945,140.0558,137.7337,201.5854,166.6838,69.5979,212.9745
2023-08-15,374.2068,237.7627,139.5717,244.6454,116.7,49.2679,157.4273,124.8,152.5752,139.0859,137.8328,198.8534,164.6307,69.0937,211.2346
2023-08-16,375.8795,237.9574,140.1582,245.4894,117.15,48.4403,159.6693,124.35,152.2868,138.698,137.3871,199.5364,165.9567,69.2197,212.9275
2023-08-17,364.6622,232.9918,137.4215,245.6769,113.95,49.0564,157.9172,122.5,146.6145,143.1596,136.1489,196.4141,165.1012,69.3638,211.2816
2023-08-18,361.8087,232.7971,137.1283,242.6763,111.35,49.4702,155.2984,125.95,147.1913,142.1897,135.8022,197.4874,164.203,69.1297,210.1531
2023-08-21,358.3647,231.9208,138.1545,242.7701,108.65,49.1575,153.6593,123.3,144.4994,142.9656,138.1795,195.9262,163.4759,68.3554,209.4477
2023-08-22,360.4311,236.3022,140.4514,242.8638,111.2,49.8104,154.281,124.55,145.4608,144.5174,137.2385,198.6583,162.8343,68.3194,210.3882
2023-08-23,360.6279,236.3996,140.6958,241.8323,113.25,49.7644,151.5304,126.8,147.2874,143.9355,140.4082,198.6583,162.4066,68.8776,209.3066
2023-08-24,359.9391,235.2312,142.2107,242.7701,114.3,49.5713,148.0638,125.6,145.1723,143.7415,139.9129,196.9019,162.7915,67.9592,204.6982
2023-08-25,363.7766,233.6734,142.4551,243.9891,113.7,49.7828,150.6261,123.65,144.4994,145.4874,140.3587,196.5116,163.2193,68.1933,204.8393
2023-08-28,368.0077,237.4706,144.0189,246.5208,116.0,50.2701,151.9072,123.95,146.5183,145.4874,143.1322,200.1219,165.4862,68.8776,208.7423
2023-08-29,371.55,238.931,146.1203,247.5523,113.95,51.1621,152.6043,125.3,148.0565,145.8753,142.2407,204.4151,166.2989,69.832,208.225
2023-08-30,376.1747,239.1258,145.7294,248.1149,112.6,51.1437,152.8869,126.45,155.5555,143.3535,143.5284,203.6345,166.4272,69.994,207.8488
2023-08-31,379.0283,240.3915,141.6732,248.2087,117.0,51.7965,157.7664,128.95,154.7864,149.561,143.2807,202.366,166.085,69.6339,208.0369
2023-09-01,381.685,241.6572,141.8198,249.8965,115.2,52.2011,158.294,126.2,155.171,148.2031,144.0732,203.3417,166.0422,69.868,206.9084
2023-09-04,383.1609,243.0203,143.0415,247.9274,115.8,52.2103,157.7664,126.85,156.1324,144.9054,144.5684,203.9272,165.7428,69.5439,206.297
2023-09-05,383.8497,242.7282,144.3121,246.8022,115.05,53.0839,157.2013,126.5,156.2285,142.3836,145.5094,205.5859,166.9832,69.5078,207.3316
2023-09-06,384.0465,239.9047,145.6316,246.052,115.35,53.6356,155.4491,127.0,154.9787,141.6077,145.757,205.8786,165.6573,69.6879,209.1655
2023-09-07,380.7994,239.2231,143.7257,247.5523,114.4,53.2586,157.0317,122.9,150.8446,139.4739,146.5495,201.5854,164.2886,69.5979,206.25
2023-09-08,378.733,237.4706,143.4324,249.0526,112.9,52.2287,157.0694,121.05,151.9022,137.922,146.8466,199.5364,163.8181,69.7239,206.8143
2023-09-11,370.6645,237.7627,146.1203,248.7713,115.55,52.5597,159.5374,121.4,155.7478,140.6378,149.1744,201.8781,164.8446,70.1921,209.965
2023-09-12,365.7446,231.8235,145.9737,250.3654,112.85,52.1735,162.4953,119.4,152.6713,139.6679,150.7593,198.1704,164.8874,70.8764,210.3412
2023-09-13,364.7606,227.9289,143.8723,247.6461,112.4,51.5943,160.6867,118.0,151.6138,136.3702,150.363,196.8044,165.1868,70.9844,208.4602
2023-09-14,365.4493,229.1946,145.9737,252.3346,117.75,51.8885,162.175,119.6,152.0945,158.8722,153.0375,198.4631,170.7044,71.4706,211.7049
2023-09-15,367.4173,231.2393,145.3873,251.5844,115.55,51.8425,150.1928,119.15,152.6713,157.5143,153.7804,201.7806,171.0038,72.5871,214.6674
2023-09-18,365.9413,233.3813,145.3384,253.7411,112.6,52.008,149.5522,115.8,152.0945,158.0963,152.9384,202.5612,168.7797,72.5511,216.6425
2023-09-19,364.5638,234.2576,143.8723,253.1785,111.6,52.2379,149.9478,114.2,150.2678,157.7083,150.7593,200.5121,171.0466,73.3434,216.9716
2023-09-20,369.4837,239.5152,143.97,246.8959,113.9,52.8172,150.6637,116.05,153.6327,159.2602,144.3703,204.2199,174.169,75.0361,218.4764
2023-09-21,361.6118,233.6734,141.9175,247.5624,112.35,52.6517,149.4768,115.45,154.8826,158.4842,143.0826,199.3413,174.6822,77.6291,218.5234
2023-09-22,360.1359,233.1866,140.7935,245.7533,111.5,52.3758,148.403,115.05,156.9977,157.9023,141.7454,196.2189,174.7678,77.0169,215.3258
2023-09-25,359.4471,232.505,142.2107,242.3255,112.85,51.1897,148.2899,113.3,154.0173,158.2903,137.7833,195.9262,173.8268,74.982,215.0436
2023-09-26,359.6439,230.2657,139.3763,244.7059,109.15,50.1138,146.0103,111.35,147.5759,157.3203,137.4861,193.0966,173.1424,75.4502,211.7989
2023-09-27,357.9711,229.7788,139.5717,244.2299,107.15,49.2771,150.9652,108.05,150.2678,156.9324,138.4271,193.1942,171.7737,74.3338,212.034
2023-09-28,361.5134,230.9472,141.3799,237.2791,107.9,49.5129,143.5988,107.45,152.9597,158.4842,139.1205,195.8286,172.0303,73.8116,214.3382
2023-09-29,369.7788,231.9208,143.9212,238.4217,111.35,50.3052,146.4436,109.2,153.825,157.7083,137.8823,196.7068,172.2014,75.3422,212.1751
2023-10-02,362.7926,231.9208,143.9212,236.8982,111.0,49.5317,147.103,109.7,154.6903,157.9023,138.5262,195.7311,171.346,75.1801,212.3632
2023-10-03,360.1359,231.2393,142.6505,233.1848,108.05,50.6543,143.2031,107.65,150.7485,156.9324,138.229,194.3163,167.1971,74.1177,211.1876
2023-10-04,355.3144,230.9472,141.3799,238.0408,107.2,49.777,141.6771,106.7,149.6909,157.1264,131.8896,191.7306,168.0098,74.856,209.5417
2023-10-05,358.0695,232.3103,143.3836,241.5638,108.3,49.0507,140.0191,107.3,152.1906,156.7384,133.9202,192.9502,168.0525,75.7744,209.5888
2023-10-06,366.1382,236.2048,144.4587,241.2782,108.8,49.211,142.9582,108.7,153.825,157.1264,129.958,194.8529,171.6882,76.2245,211.7989
2023-10-09,356.5935,234.5497,141.5266,238.993,108.35,50.2864,139.4916,107.6,149.4025,157.1264,141.7454,189.2913,170.1484,77.2939,208.7423
2023-10-10,366.7285,240.4889,147.1954,238.136,112.2,50.6543,143.4104,111.75,154.0173,157.1264,142.0426,196.9019,175.9654,79.9579,213.6799
2023-10-11,368.2045,241.1704,147.2443,238.8977,113.9,50.2958,142.506,111.8,152.0945,157.3203,143.1322,196.8044,177.5908,79.1887,214.2442
2023-10-12,375.9779,241.3651,150.1765,236.0413,113.2,51.0504,143.7871,111.55,152.1906,158.6782,146.1533,198.5607,179.2161,78.8885,215.8901
2023-10-13,368.8933,237.5679,148.3683,233.0896,111.35,50.5599,142.8828,108.45,145.9415,157.3203,144.0236,193.7796,177.9329,80.1455,213.821
2023-10-16,367.5157,237.4706,146.9999,229.1857,110.45,50.8712,148.2899,107.8,143.8264,157.3203,142.6864,193.6333,179.045,79.5077,213.5859
2023-10-17,367.3189,236.3996,145.9248,230.2331,107.75,47.8621,147.1218,105.6,142.3843,156.7384,142.7855,192.316,177.4197,77.444,212.6924
2023-10-18,361.0215,229.8762,142.0152,228.3287,104.25,47.0792,145.5958,99.2,140.6537,157.1264,141.894,187.0959,179.045,80.9522,215.796
2023-10-19,354.9208,228.4157,140.6852,228.6144,102.25,46.7019,144.0509,97.46,142.192,157.1264,139.5662,185.3396,176.8208,79.8266,209.5888
2023-10-20,344.9826,221.795,137.1385,225.377,103.05,46.5604,141.564,93.26,138.4425,157.5143,137.8823,180.9,174.5967,78.0256,206.0619
2023-10-23,339.8659,222.9633,136.6952,227.8526,102.65,46.6642,142.1481,93.62,138.1541,157.3203,138.1795,178.1192,169.6351,76.2996,204.1809
2023-10-24,335.2412,222.9633,137.04,225.6627,104.05,46.2727,143.3538,95.82,136.5197,157.1264,140.6558,180.9976,167.4109,75.4741,203.8047
2023-10-25,345.8682,227.0526,141.1778,224.3296,100.8,46.7349,140.3583,93.0,133.8277,157.5143,141.993,183.0954,163.9036,73.4104,205.4036
2023-10-26,355.0192,225.8843,140.7838,236.3269,101.1,46.8057,138.7003,94.74,149.018,157.1264,144.9151,184.0223,152.5262,73.8795,205.8268
2023-10-27,353.6416,225.4948,142.163,234.0417,102.4,46.5934,136.7221,93.16,153.152,156.7384,140.1605,182.6563,152.3123,73.5793,205.8268
2023-10-30,348.9185,227.0526,140.7838,235.1843,102.3,46.0935,138.0409,93.24,161.5163,156.5444,140.7549,183.9248,152.6545,73.3917,206.156
2023-10-31,354.8224,231.2393,142.0645,234.8034,106.55,47.1735,140.6409,94.98,165.0734,156.5444,141.6463,184.9981,156.3329,74.2359,207.7548
2023-11-01,349.3121,233.3813,142.3601,238.0408,106.9,47.1924,144.1639,94.46,166.3233,156.1564,144.8656,183.193,154.5365,74.1046,204.4161
2023-11-02,356.2,238.6389,145.7097,238.5169,115.05,47.6075,148.9305,97.26,169.5921,156.5444,142.0921,189.3888,155.8196,75.6054,208.6483
2023-11-03,359.2503,239.0284,146.9904,240.2308,117.0,47.9659,150.8145,99.02,171.0558,156.1564,142.4883,190.0231,157.1456,76.7498,212.3632
2023-11-06,360.1359,239.4179,146.7934,239.6595,114.9,48.0508,147.8943,98.34,172.1291,156.7384,140.111,190.4133,156.4185,76.9562,209.7298
2023-11-07,358.3647,238.1521,147.1875,238.5169,116.9,48.1263,151.8318,97.52,172.0315,157.7083,140.8044,188.6083,154.1087,76.6936,206.297
2023-11-08,358.6599,239.8073,147.0397,236.4221,114.5,48.0319,153.1695,96.88,171.4461,157.1264,139.4672,188.5595,153.9804,75.4929,206.9084
2023-11-09,364.7606,242.7282,151.5223,234.9939,117.05,47.9753,152.314,98.32,177.2032,157.9023,138.9719,192.7063,154.1087,75.6617,208.8834
2023-11-10,361.6118,241.1553,149.749,234.1369,115.55,47.4754,149.142,95.2,173.3001,157.9023,139.071,190.7549,154.0232,74.9488,208.4131
2023-11-13,364.2686,240.6637,149.7982,238.8025,114.55,47.4188,148.3346,96.68,174.9589,157.9023,139.5662,190.0719,155.8196,75.8493,209.1655
2023-11-14,368.5981,249.61,153.0986,242.516,128.4,48.4658,152.1217,101.8,186.0829,158.6782,138.5757,195.8286,156.8462,76.1683,213.5388
2023-11-15,372.6324,255.4102,156.2513,242.3255,125.05,49.0318,157.4469,101.3,182.3749,159.8421,137.9318,200.5121,156.7606,75.793,219.1348
2023-11-16,371.058,255.7052,155.4631,240.6116,124.1,48.6073,153.8712,99.04,180.9112,159.8421,136.8423,195.8286,156.6323,75.5492,217.2067
2023-11-17,375.3875,259.0478,156.7439,244.8964,126.35,49.2488,161.3302,100.75,183.9362,158.0963,137.6347,197.3898,157.7016,76.3559,218.8526
2023-11-20,375.7811,257.868,158.4679,243.9442,127.05,49.8242,161.3302,101.9,184.5216,158.4842,141.2501,198.7558,157.8299,76.2245,220.1693
2023-11-21,376.7651,260.1292,157.9261,245.8485,123.7,49.3808,161.9838,99.3,185.6926,158.2903,139.9129,198.1704,157.9155,76.0182,219.9342
2023-11-22,383.2593,261.5055,159.2561,246.8959,125.9,49.3525,164.7906,99.86,189.1078,158.4842,140.9034,199.634,159.9258,75.9056,222.8497
2023-11-23,381.0946,263.3734,158.5172,246.8959,127.4,49.3054,166.5592,98.6,187.8393,158.2903,140.9034,200.2194,164.203,76.2621,223.7432
2023-11-24,380.0122,263.6684,157.4827,247.8481,126.8,49.5317,166.8668,99.6,186.278,158.0963,140.6063,199.0485,165.9567,76.187,224.4485
2023-11-27,383.1609,263.9633,158.0246,246.039,128.45,49.2959,167.7511,99.52,185.2047,158.0963,133.524,200.8049,165.3579,76.7686,224.6837
2023-11-28,381.8818,261.4072,157.8768,248.6098,126.25,48.8148,167.4435,96.28,182.9604,158.6782,134.3659,198.8534,164.0747,77.2939,224.3075
2023-11-29,383.5545,265.0447,159.3546,248.8954,127.65,49.5978,168.2509,96.88,185.8877,157.9023,135.6041,199.4388,165.3151,76.8249,227.7873
2023-11-30,385.1289,264.1599,159.5024,249.0859,128.15,49.0129,161.3879,97.94,185.6926,159.6481,133.524,201.9757,164.5452,77.1626,228.7748
2023-12-01,385.2273,265.3396,160.4383,249.7524,129.25,48.9658,165.3288,97.94,188.0345,158.0963,136.1984,204.6102,166.2989,78.307,230.4677
2023-12-04,381.4882,263.6684,159.0098,254.1324,128.55,51.2202,168.8661,98.06,186.4732,158.0963,137.3375,204.2199,167.4965,79.2075,229.9974
2023-12-05,376.2731,265.4379,159.6994,258.8932,131.6,54.333,165.9632,99.84,187.6441,158.2903,137.1394,204.1223,168.0525,79.3388,235.2172
2023-12-06,379.225,268.8788,162.9013,257.084,133.6,55.0217,162.945,102.75,189.1078,158.4842,134.564,208.2204,166.7693,80.2581,237.0041
2023-12-07,375.8795,268.2889,161.0294,259.274,136.15,54.5972,162.6759,103.25,187.5466,158.0963,132.2363,208.5131,169.0791,80.3519,235.2172
2023-12-08,379.0283,270.1568,162.7042,259.8453,132.7,55.9366,165.8479,104.55,188.9127,158.4842,134.7126,205.9762,169.849,80.577,237.6625
2023-12-11,382.177,273.9909,164.9702,264.3205,134.7,56.1725,169.8081,105.95,191.7425,158.2903,133.8707,209.5864,171.6882,80.3519,239.7315
2023-12-12,382.8658,273.5977,164.9209,262.5114,132.8,56.5969,167.8857,104.1,191.157,158.0963,137.9814,208.8058,170.8327,80.108,239.9667
2023-12-13,379.5202,268.1906,163.6894,259.9406,134.0,55.8989,167.8472,103.75,189.4006,158.0963,140.111,206.6592,172.3725,79.0762,237.9446
2023-12-14,385.5225,277.2352,165.4135,263.5587,145.9,58.2477,169.8658,111.4,200.0367,158.0963,140.2101,213.5869,172.8003,80.3519,242.7881
2023-12-15,389.7536,281.2659,169.4528,254.7989,144.65,58.125,170.6732,111.75,200.8173,159.6481,141.7949,215.7335,174.2545,79.8266,245.4686
2023-12-18,387.0969,276.6453,166.8913,250.895,142.7,57.6345,174.2105,108.6,199.256,159.6481,144.0236,213.6845,173.7413,80.2768,244.1048
2023-12-19,394.6735,278.4149,168.8124,253.7515,143.1,58.1062,174.941,109.65,201.2076,159.0662,144.717,214.5626,171.4315,79.4514,244.2459
2023-12-20,396.3463,284.5101,169.3543,254.8941,141.9,59.0495,174.5181,109.25,198.8657,159.0662,147.8372,213.6845,169.1218,80.5207,245.8918
2023-12-21,394.9687,283.4287,168.6154,252.9898,141.85,58.4458,173.5761,107.05,195.9384,159.6481,148.7287,212.6112,168.7369,79.7515,244.1989
2023-12-22,394.3783,283.822,168.9109,253.2754,143.75,59.1438,169.6159,108.1,193.694,159.0662,146.7476,212.8063,170.5333,80.6708,244.2929
2023-12-27,398.9046,285.5915,169.8469,254.9893,144.2,59.6154,170.5579,108.6,194.1819,159.8421,148.7782,213.099,172.7147,81.0085,246.315
2023-12-28,398.2158,284.3135,169.9454,256.4175,144.55,59.6909,169.4621,107.6,193.7916,159.0662,150.0164,212.5136,172.5436,80.9147,245.9858
2023-12-29,396.9366,285.3949,170.9798,259.9406,143.3,59.5305,169.7696,108.1,194.2795,159.4541,150.4621,212.8063,173.9123,81.1774,246.1269
