Date,4503.T,4523.T,4578.T,4661.T,6758.T,6762.T,6954.T,7203.T,7974.T,8035.T,8053.T,8306.T,8308.T,8316.T,9432.T,9984.T
2023-01-04,1747.7085,7659.6504,3981.4836,3717.2351,2014.1005,831.5264,3803.6519,1669.9803,5182.6914,12406.2139,1962.6035,853.9429,699.8665,1697.9973,139.2266,5554.1499
2023-01-05,1731.8696,7603.4741,3953.5195,3733.1123,2057.6914,832.5152,3795.9893,1677.8705,5223.3062,12903.624,1940.8721,840.8507,676.6379,1667.3544,139.2636,5657.5513
2023-01-06,1741.3729,7627.8174,3956.4126,3750.9739,2107.2266,849.3237,3792.1577,1694.1156,5178.9136,13297.6787,1942.2302,831.9997,675.6035,1672.093,138.4494,5727.4702
2023-01-10,1721.0085,7996.709,3897.5916,3792.6514,2125.0591,856.2448,3814.1885,1695.9722,5166.6343,13707.8818,1944.494,823.6096,665.7289,1669.5658,136.784,5862.3853
2023-01-11,1732.7747,7798.2192,3940.9841,3787.6899,2199.3621,864.1547,3989.4763,1705.7191,5239.3643,13885.5273,1968.4889,837.1628,675.1332,1688.5201,137.9313,5878.1416
2023-01-12,1739.1102,7595.0474,3940.0198,3752.9585,2208.2783,873.0533,4067.0627,1724.2847,5144.9097,14134.2334,1990.2202,879.2053,690.6503,1762.7582,138.5604,5932.3047
2023-01-13,1707.8849,7586.6211,3912.0559,3759.9048,2172.613,859.2111,4025.8748,1685.2969,5097.6826,14563.8154,1987.5035,900.872,707.8602,1806.9851,138.4124,5833.8262
2023-01-16,1722.8187,7742.979,3903.3772,3774.7898,2150.8176,838.4476,3986.603,1687.1534,5112.7949,14218.2109,1975.7327,874.9642,673.7227,1756.7559,137.8573,5757.0137
2023-01-17,1713.7681,7633.4346,3932.3057,3780.7434,2203.3247,860.1998,4071.8521,1729.3904,5185.5249,14502.4473,1989.7671,876.4394,661.4971,1743.4878,138.5234,5864.355
2023-01-18,1773.9559,7812.2637,4024.8757,3841.2754,2248.8975,889.8618,4180.0898,1772.5553,5296.981,14751.1514,2039.5681,869.5245,660.5566,1739.6969,139.1896,6006.1626
2023-01-19,1755.8541,7645.6069,3982.448,3906.7686,2254.8416,864.1547,4117.8291,1730.7827,5228.0293,14382.9385,2012.4042,853.7585,657.077,1708.7382,138.8935,5785.5728
2023-01-20,1772.598,7859.0767,4009.4475,3980.2004,2264.7488,876.0195,4130.2808,1747.9559,5204.4155,14357.0996,2044.5483,864.4536,667.1396,1727.0607,140.6699,5792.4663
2023-01-23,1767.1678,7749.5332,4016.1973,4052.6396,2268.7114,893.8168,4205.9521,1753.5255,5228.0293,14718.8535,2064.9209,863.716,674.0988,1743.4878,141.7432,5892.9131
2023-01-24,1781.1963,7685.8662,4069.2319,4167.749,2312.3022,902.7154,4273.9604,1774.412,5247.8643,15019.2373,2114.2693,885.3826,688.1111,1784.8717,144.1488,6092.8232
2023-01-25,1789.7947,7786.0474,4075.0181,4190.5718,2311.3118,911.614,4266.2974,1768.3782,5264.8662,14980.4785,2108.8362,887.1345,686.4184,1788.0305,144.2968,6088.8843
2023-01-26,1787.532,7753.2778,4055.7324,4216.3726,2281.5903,917.5464,4266.2974,1757.2386,5322.4834,14709.1631,2110.6475,877.7302,689.1456,1783.6079,144.5928,6103.6558
2023-01-27,1754.4966,7629.6895,4032.5896,4175.6875,2304.3765,906.6703,4284.4961,1764.2009,5317.7607,14689.7842,2136.9062,901.7018,701.183,1832.2577,143.5196,6096.7622
2023-01-30,1731.8696,7592.2388,4021.0188,4139.9644,2298.4326,911.614,4437.7539,1765.5933,5287.5356,14789.9121,2109.7419,903.5457,697.9857,1832.2577,143.8897,6070.1738
2023-01-31,1730.9645,7501.4204,4009.4475,4282.8589,2294.4697,910.6253,4387.9453,1760.4879,5313.0381,14589.6553,2103.4036,878.3755,675.4153,1785.5033,144.0377,6050.478
2023-02-01,1721.4613,7507.9746,4004.6257,4278.8892,2272.6743,924.4676,4367.8301,1766.5216,5270.5337,14899.7305,2107.9309,874.5032,667.7039,1794.033,143.8157,6158.8037
2023-02-02,1719.6509,7429.3271,3967.9836,4241.1807,2276.637,926.4451,4388.9028,1745.6353,5272.4229,15335.7734,2045.0011,862.6096,658.8638,1767.8126,142.2613,6221.8296
2023-02-03,1710.1478,7367.5332,3940.9841,4293.7729,2417.3169,949.186,4405.186,1755.8464,5310.2041,15342.2324,2053.6028,856.0635,663.7539,1776.658,141.7432,6231.6772
2023-02-06,1721.0085,7144.7007,3972.8049,4283.8511,2380.6609,944.2423,4427.2168,1776.2684,5309.2603,15041.8467,2081.2195,838.0848,651.3404,1743.1719,142.4464,6235.6157
2023-02-07,1732.3221,7112.8667,3941.9482,4281.8657,2388.5867,938.3099,4421.4697,1760.9519,5312.0938,15087.0674,2104.762,864.9146,669.4907,1779.817,142.7424,6172.5903
2023-02-08,1749.0662,7213.9849,3984.376,4344.3818,2368.7722,933.3662,4426.2593,1761.4161,4912.5527,15267.9443,2116.0803,869.7089,683.6912,1793.0852,143.2976,5857.4614
2023-02-09,1740.9204,7086.6509,3984.376,4324.5356,2366.7908,926.4451,4385.0713,1764.665,4986.2271,14941.7188,2130.5676,871.1841,682.3745,1793.0852,142.1873,5858.4463
2023-02-10,1733.2271,7012.6855,3989.1975,4264.9961,2365.8005,911.614,4380.2822,1744.2428,5012.6748,15590.9375,2135.0952,883.0776,691.2145,1812.9873,142.1873,5788.5273
2023-02-13,1733.6798,6979.916,3953.5195,4245.1499,2320.2278,901.7267,4343.8833,1741.922,4934.2773,14906.1895,2130.5676,890.9145,699.6783,1824.9917,142.8535,5723.5312
2023-02-14,1746.8033,7024.8574,4037.4111,4308.6582,2334.0979,902.7154,4402.313,1747.4918,5032.5093,15112.9072,2150.9407,896.723,703.6282,1843.946,143.4456,5760.9531
2023-02-15,1748.161,7000.5146,4048.0186,4299.728,2319.2375,902.7154,4388.9028,1739.6014,5040.0659,15041.8467,2144.6025,904.5599,708.2363,1867.3232,143.7417,5702.8511
2023-02-16,1749.5186,7085.7153,4056.6965,4289.8042,2330.1348,913.5915,4408.0601,1775.8044,5193.0815,15177.5049,2133.2842,898.8436,700.6188,1868.9027,143.9267,5803.2988
2023-02-17,1744.0881,7139.0825,4025.8403,4284.8433,2274.6555,908.6478,4360.1675,1770.6989,5153.4106,14919.1094,2137.8115,904.4678,690.7443,1871.4299,143.8897,5676.2622
2023-02-20,1706.98,7313.2295,4015.2329,4262.019,2266.73,899.7492,4348.6729,1766.0574,5160.9668,14689.7842,2138.2642,920.418,708.9886,1895.439,146.9984,5641.7954
2023-02-21,1723.7239,7227.0923,4020.054,4194.5415,2248.8975,898.7604,4300.7803,1754.454,5111.8506,14651.0244,2159.9954,906.4962,708.8946,1873.0095,146.7393,5613.2363
2023-02-22,1711.0527,7101.6318,3982.448,4134.0093,2203.3247,876.0195,4227.9829,1731.2471,5017.3975,14402.3193,2150.9407,899.1202,705.8851,1876.8004,146.1842,5491.1235
2023-02-24,1725.0815,7053.8818,3996.9119,4135.9946,2249.8877,902.7154,4306.5273,1724.7489,5003.229,15429.4404,2142.3391,887.8719,698.1738,1847.7369,147.2945,5509.835
2023-02-27,1740.468,6963.063,3997.876,4172.7104,2258.8042,896.783,4432.9644,1723.8207,4909.7192,15138.7451,2134.1897,890.4536,703.3461,1869.5344,146.7764,5385.7529
2023-02-28,1736.8477,6883.48,3986.3049,4317.5894,2264.7488,901.7267,4438.7119,1728.9261,4839.8232,15087.0674,2103.4036,889.8081,705.227,1886.5935,146.0732,5433.022
2023-03-01,1729.6069,6856.3276,3974.7336,4306.6743,2265.739,920.5126,4531.6235,1729.8544,4837.9346,15364.8428,2137.3586,880.8649,694.412,1871.114,145.296,5435.9761
2023-03-02,1722.8187,6995.833,3970.8762,4307.666,2254.8416,910.6253,4529.708,1729.8544,4851.1577,15125.8262,2137.3586,871.9216,687.4528,1867.3232,145.0,5498.0171
2023-03-03,1730.512,7080.0972,3802.1287,4326.52,2287.5349,930.4,4600.5894,1749.3483,4871.9375,15222.7236,2192.5923,885.106,694.9763,1884.3821,147.5535,5471.4282
2023-03-06,1727.3441,6951.8276,3818.5215,4261.0273,2345.9861,955.1183,4659.9766,1768.8423,4890.8281,15697.5273,2205.7217,896.6308,705.6971,1913.1296,147.2575,5621.1152
2023-03-07,1735.4899,6946.21,3893.7346,4336.4434,2375.7073,942.2648,4653.272,1777.1969,4889.8838,15539.2588,2222.4727,906.4039,716.2299,1941.5613,147.7756,5639.8257
2023-03-08,1746.8033,7001.4507,3929.4126,4350.3359,2389.5771,959.0733,4638.9043,1770.6989,4871.9375,15516.6504,2241.4875,904.3755,717.5466,1941.5613,148.6268,5602.4038
2023-03-09,1751.7815,6970.5532,3932.3057,4444.6064,2382.6421,964.017,4688.7124,1781.8383,4937.1108,15710.4453,2241.4875,916.0847,745.7593,1972.8359,148.9969,5613.2363
2023-03-10,1724.1764,6898.4604,3898.5559,4390.0288,2318.2466,943.2535,4622.6201,1760.0237,4862.4927,15513.4189,2189.4231,859.9358,690.0861,1868.5868,147.5165,5261.6709
2023-03-13,1706.98,6827.3037,3865.7708,4350.3359,2299.4231,930.4,4523.0029,1730.3186,4844.5459,15397.1406,2151.8459,830.0635,658.6758,1790.8738,146.7023,5174.0254
2023-03-14,1701.0969,6972.4258,3807.9146,4346.3662,2236.0181,900.7379,4428.1748,1679.2632,4784.0952,15080.6064,2087.5581,758.7941,598.1121,1655.3499,145.4071,4963.2822
2023-03-15,1694.3087,6990.2148,3831.0569,4290.7964,2242.9529,896.783,4455.9531,1682.0479,4800.1533,15099.9854,2106.1201,794.2905,622.8454,1705.895,146.0732,4893.3638
2023-03-16,1672.1344,6905.0146,3797.3071,4289.8042,2226.1108,893.8168,4382.1978,1661.6256,4793.5405,15238.875,2015.1204,772.255,592.8459,1660.7203,148.2937,4822.4595
2023-03-17,1674.8495,7033.2842,3848.4138,4381.0981,2304.3765,896.783,4422.4277,1657.9125,4858.7144,15684.6064,2030.061,775.2976,599.4288,1661.0363,148.2567,4816.5508
2023-03-20,1658.5582,6767.3818,3778.0217,4310.6431,2290.5068,882.9407,4363.041,1640.2753,4753.8706,15277.6338,2015.5731,761.0068,577.5168,1633.2365,147.7386,4777.1597
2023-03-22,1688.8783,6848.8379,3816.5928,4378.1211,2324.1909,923.4788,4452.1216,1671.8368,4798.2632,15623.2373,2047.2649,784.4252,583.2534,1666.4066,149.663,4911.0894
2023-03-23,1668.0615,6730.8677,3825.271,4378.1211,2294.4697,929.4113,4422.4277,1658.8408,4794.4854,15859.0244,2056.3191,773.7302,573.0968,1648.0841,147.5906,4884.501
2023-03-24,1669.8717,6710.2695,3825.271,4374.1514,2297.4417,922.4901,4388.9028,1656.0559,4777.4839,16149.7168,2053.6028,765.2479,558.144,1639.2386,146.8874,4896.3179
2023-03-27,1689.3308,6837.6025,3874.4492,4343.3896,2268.7114,922.4901,4404.228,1661.6256,4812.4316,15745.9756,2082.125,761.1912,564.2568,1622.4957,147.8126,4881.5459
2023-03-28,1712.4104,6836.6665,3992.0903,4345.3745,2244.9343,927.4338,4418.5967,1676.014,4801.0977,15694.2959,2104.762,774.0989,587.2972,1665.7749,147.9606,4813.5967
2023-03-29,1726.4391,6978.98,4075.9822,4359.2666,2277.6279,930.4,4492.3516,1719.1792,4891.7734,15607.0889,2126.0405,778.1558,594.3505,1677.1475,149.7741,5110.9995
2023-03-30,1726.8988,7013.0513,4046.0896,4467.936,2325.1814,943.0,4545.0,1742.8333,4914.0259,15597.3506,2128.8247,777.6859,614.1462,1692.0297,149.3608,5027.9258
2023-03-31,1731.4966,7102.0156,4052.8401,4497.7354,2374.7166,945.0,4612.8354,1778.7874,4964.3369,15607.0811,2172.9146,796.8578,611.5641,1714.0292,148.8349,5124.8452
2023-04-03,1727.3586,7031.98,4064.4111,4481.8418,2383.6331,935.0,4644.8154,1794.8723,5004.9727,15285.9873,2200.2964,809.1691,629.1604,1735.3817,148.9476,5160.4478
2023-04-04,1767.3586,7092.5513,4134.8032,4519.5884,2380.6609,937.0,4590.5469,1796.7645,5236.2095,15378.4229,2204.9373,811.6127,637.8628,1755.1167,149.8116,5186.1606
2023-04-05,1741.6116,6964.7837,4073.0896,4501.7085,2340.0422,922.0,4439.3701,1752.7679,5074.6338,15354.0986,2120.4712,790.3732,623.9006,1728.2642,148.3842,5155.5029
2023-04-06,1770.577,7106.748,4125.1597,4483.8286,2289.5161,897.0,4315.3276,1728.1677,5079.4712,14658.3965,2112.1172,783.5126,616.4413,1711.7645,147.9709,5170.3374
2023-04-07,1746.6689,7125.6768,4090.4463,4583.1602,2300.4138,903.0,4365.7197,1721.5446,5029.1611,14984.3555,2122.7917,794.6022,623.9006,1729.8818,147.5953,5111.9878
2023-04-10,1764.1404,7184.3555,4132.8745,4705.3379,2313.293,902.0,4315.3276,1729.1139,5230.4043,14911.3779,2140.8916,800.3351,627.7259,1739.5875,147.5577,5043.749
2023-04-11,1770.1173,7157.855,4135.7671,4741.0977,2347.9675,919.0,4356.998,1727.6946,5237.1772,15461.1289,2209.1143,801.7448,618.0671,1748.3228,148.2715,5045.7271
2023-04-12,1770.1173,7183.4092,4178.1948,4823.543,2376.698,918.0,4381.2246,1725.3292,5288.4556,15514.6445,2268.5188,803.4364,626.6739,1761.5872,149.5487,5120.8892
2023-04-13,1784.8301,7207.0698,4254.3726,4811.623,2357.8748,917.0,4425.8027,1714.9214,5204.2817,15271.3926,2248.5627,799.4893,616.537,1753.499,149.5111,5071.4404
2023-04-14,1791.2668,7282.7837,4230.2656,4768.9106,2399.4844,908.0,4431.6172,1710.6637,5289.4229,14998.9502,2270.3755,796.9518,614.2419,1759.3224,149.8492,5063.5288
2023-04-17,1838.6233,7217.48,4242.8013,4757.9834,2404.438,927.0,4522.7114,1735.2639,5279.748,15067.0605,2260.165,817.4395,621.7967,1803.3218,149.1355,5115.9438
2023-04-18,1852.4164,7379.3203,4291.9795,4827.5161,2415.3352,939.0,4534.3398,1734.7909,5379.4028,14721.6416,2281.0498,825.2397,634.707,1828.5565,152.1407,5128.8008
2023-04-19,1848.7382,7297.9268,4298.7295,4897.0483,2439.1123,922.0,4502.3599,1724.8562,5361.9873,14721.6416,2289.8674,836.1415,647.1391,1850.5562,152.1407,5121.8779
2023-04-20,1839.083,7212.7485,4273.6577,4852.3486,2442.0845,929.0,4519.8037,1715.8677,5336.8315,14979.4893,2273.1602,833.0402,649.8168,1853.1445,151.164,5037.8154
2023-04-21,1835.8645,7299.8203,4287.1577,4752.0239,2435.1497,907.0,4498.4839,1704.9867,5340.7017,15169.2266,2279.1934,814.5261,640.3492,1820.145,150.7132,4940.896
2023-04-24,1850.1174,7335.7847,4323.8003,4759.9707,2434.1589,912.0,4488.793,1701.2021,5409.396,14877.3242,2266.1982,805.41,633.5594,1801.3806,151.765,4998.2563
2023-04-25,1854.2554,7223.1587,4364.2993,4750.0371,2439.1123,907.0,4450.0293,1703.0945,5465.5117,14906.5137,2266.6626,807.3835,636.9066,1823.0568,153.3804,4974.5215
2023-04-26,1829.4279,7216.5337,4378.7637,4720.2383,2405.4282,903.0,4354.0908,1706.4059,5435.5186,14848.1328,2239.7451,792.4407,621.988,1783.5868,153.418,4984.4106
2023-04-27,1821.6117,7337.6772,4377.7998,4758.9775,2490.6289,912.0,4424.8335,1726.7485,5445.1938,14789.752,2253.2036,808.3234,638.1497,1810.1157,153.9814,4893.4258
2023-04-28,1883.2211,7413.3916,4436.6201,4766.9238,2542.1458,929.0,4447.1226,1757.0258,5535.1729,15076.791,2252.7395,801.5568,645.2265,1795.2336,155.8597,5037.8154
2023-05-01,1924.6002,7501.4097,4496.4058,4857.3159,2495.5825,965.0,4522.7114,1773.1106,5506.147,15081.6553,2298.6853,816.9695,648.0954,1828.5565,157.0242,5106.0542
2023-05-02,1912.6464,7538.3203,4522.4404,4882.1484,2493.6011,977.0,4513.9897,1764.1219,5508.0825,15305.4482,2285.2266,810.6729,641.4012,1817.2333,157.2121,5112.9771
2023-05-08,1902.5314,7719.0889,4534.9761,4861.2891,2446.0474,969.0,4441.3076,1756.0796,5552.5879,15266.5273,2301.9341,797.2337,629.6385,1799.7631,156.9491,5063.5288
2023-05-09,1939.313,7826.9819,4594.7612,4892.0815,2503.5081,974.0,4482.9785,1813.3225,5543.8809,15538.9707,2455.0869,811.1428,640.8273,1829.8507,158.4142,5066.4956
2023-05-10,1926.8993,7661.3564,4554.2617,4827.5161,2480.7219,975.0,4502.3599,1827.5149,5539.0425,15208.1465,2415.1743,811.0488,642.9313,1836.9681,157.3999,5124.8452
2023-05-11,1932.8763,7504.249,4528.2261,4921.8813,2487.657,973.0,4455.8438,1812.8495,5448.0962,15456.2646,2387.3284,817.8154,642.74,1843.1151,157.3623,5081.3301
2023-05-12,1957.7037,7543.0522,4561.9761,5062.9316,2532.2383,970.0,4419.019,1837.4496,5570.9717,15952.499,2385.9363,816.2178,637.3846,1843.1151,154.3195,4894.4146
2023-05-15,2000.9222,7755.0532,4702.7598,5090.7446,2551.062,975.0,4446.1533,1828.9341,5611.6069,15738.4375,2405.8926,831.6304,621.7967,1876.7616,157.738,4895.4038
2023-05-16,2040.4625,7882.8213,4731.6875,5182.1299,2540.1641,981.0,4433.5552,1819.9457,5657.0801,16404.9492,2419.8154,854.7496,621.1273,1855.4091,156.3105,4943.8628
2023-05-17,2058.8535,7935.8213,4722.0449,5274.5088,2555.0247,998.0,4363.7812,1824.2032,5732.5464,16949.8359,2426.3127,873.3577,633.5594,1853.1445,156.5359,5182.2056
2023-05-18,2062.9915,7813.7314,4723.0093,5306.2944,2718.4907,1028.0,4439.3701,1850.2228,5846.7139,17874.1953,2461.5847,888.7704,635.8546,1855.4091,156.0851,5142.6465
2023-05-19,2085.52,7886.6069,4745.1875,5340.0674,2692.7327,1032.0,4536.2783,1854.0074,5782.8574,18029.875,2457.4075,871.1022,626.6739,1824.6743,154.9206,5121.8779
2023-05-22,2123.2212,7992.6064,4906.2212,5440.3926,2696.6953,1052.0,4628.3413,1845.0189,5863.1616,18156.3672,2482.0046,867.9068,619.8841,1827.9095,157.9258,5160.4478
2023-05-23,2141.1523,8114.6968,5003.6128,5404.6328,2638.2441,1048.0,4577.9492,1757.0258,5793.5,17689.3223,2463.905,865.7453,622.3705,1824.6743,156.5735,5122.8672
2023-05-24,2137.0146,8148.7671,5016.1484,5165.2432,2612.4854,1044.0,4650.6299,1851.1691,5737.3843,17757.4336,2460.6562,874.1094,626.1958,1825.3213,155.1835,5002.2129
2023-05-25,2152.6467,8399.5732,5047.9697,5199.0166,2629.3276,1044.0,4618.6504,1834.1382,5685.1382,18292.5879,2457.8716,857.663,613.4767,1798.7925,154.7327,5009.1357
2023-05-26,2132.8765,8496.1074,4995.8979,5355.9604,2648.1509,1062.0,4574.0728,1832.7188,5749.9619,19105.0527,2460.6562,851.9302,600.7578,1783.2633,153.1926,5065.5068
2023-05-29,2111.2673,8446.8945,5041.2192,5339.0737,2630.3184,1072.0,4612.8354,1824.6764,5717.0664,19187.7598,2558.5813,872.1359,607.1651,1827.5859,152.8545,5480.8745
2023-05-30,2081.8418,8445.002,5013.2554,5245.7026,2646.1694,1090.0,4688.4243,1835.5573,5795.4355,19178.0273,2560.9019,877.6808,603.1485,1824.6743,150.8259,5449.2271
2023-05-31,2029.8877,8392.9473,4988.1841,5192.063,2607.532,1068.0,4649.6606,1805.7532,5743.1895,18793.6895,2447.1975,876.3651,605.8263,1836.9681,148.572,5414.6133
2023-06-01,2056.0947,8565.1982,5057.6123,5178.1562,2657.0671,1060.0,4595.3921,1838.3958,5760.6045,19202.3535,2481.0764,905.8748,614.7199,1847.968,149.9243,5661.856
2023-06-02,2049.6582,8991.0918,5076.8975,5286.4282,2684.8071,1080.0,4660.3208,1901.3156,5853.4863,18754.7695,2509.3865,910.9497,622.7531,1840.8505,151.765,5905.1426
2023-06-05,2103.4512,9275.0205,5141.5039,5351.9873,2746.2307,1105.8,4871.5806,1919.2928,5885.4146,18895.8555,2555.7969,916.4946,631.838,1869.3207,152.6666,5955.5801
2023-06-06,2119.5435,9275.0205,5182.9678,5397.6797,2749.2026,1105.8,4959.7676,1939.6354,5921.2124,19105.0527,2627.2678,910.9497,625.0482,1855.4091,155.146,6013.9297
2023-06-07,2078.1638,9083.8418,5151.1465,5343.0474,2695.7046,1096.4,4907.437,1913.1427,5856.3887,18307.1836,2579.4658,899.86,616.1545,1838.2623,154.2819,5933.8228
2023-06-08,2054.2556,9752.9688,5144.397,5327.1538,2651.123,1090.4,4813.436,1915.0349,5788.6626,18292.5879,2582.7144,901.8336,618.7365,1847.321,152.4412,5846.7935
2023-06-09,2077.7039,10022.7012,5207.0747,5405.6255,2707.5933,1096.6,4894.8389,1941.0544,5899.9277,18399.6191,2663.0037,909.634,618.2584,1863.1736,155.2587,5835.9146
2023-06-12,2093.7959,10216.7188,5252.3945,5330.1343,2735.3328,1106.4,4971.3965,1957.6124,5927.0181,18443.4043,2684.8162,903.1494,617.4933,1859.9385,154.6952,5928.8779
2023-06-13,2106.2095,9989.5752,5357.501,5315.2339,2758.1189,1110.6,4972.3652,2056.4863,5980.2314,19362.9004,2753.5029,905.217,618.9278,1854.762,154.3946,6240.4038
2023-06-14,2102.0718,9582.6104,5394.1436,5433.439,2780.9053,1125.6,5049.8926,2185.6377,5957.0112,19362.9004,2818.9412,928.712,633.9419,1901.9965,153.9814,6537.0947
2023-06-15,2076.7844,9016.6445,5341.1089,5410.5923,2764.063,1138.6,5046.0161,2195.5725,6022.8022,19752.1016,2830.0796,930.3096,634.0376,1897.4672,153.3053,6420.3965
2023-06-16,2107.5891,9114.1279,5361.3579,5327.1538,2727.407,1143.0,5082.8408,2191.3147,6062.4707,19849.4043,2854.2124,926.4565,635.7589,1890.3496,153.3804,6565.7754
2023-06-19,2091.0374,9063.9658,5307.3589,5268.5483,2708.5837,1115.6,5083.8101,2131.7063,6029.5747,19362.9004,2839.3613,931.2495,644.5571,1926.908,153.6433,6434.2417
2023-06-20,2052.4167,9114.1279,5326.6445,5256.6279,2721.4629,1124.8,5044.0776,2123.1909,6039.2505,19460.2012,2880.2021,923.825,639.2973,1894.879,152.5915,6617.2012
2023-06-21,2027.1293,9047.8779,5357.501,5277.4888,2668.9558,1116.0,5081.8721,2099.0637,6010.2246,20005.0859,2875.5613,935.8544,644.5571,1919.1433,154.5825,6860.4888
2023-06-22,2028.0487,8938.0908,5352.6792,5269.542,2635.2717,1088.8,5002.4072,2119.8794,6112.7812,19090.457,2930.325,971.285,658.9018,1953.1133,155.4089,6712.1426
2023-06-23,2018.3934,9158.6104,5266.8589,5244.709,2583.7554,1076.4,4881.2715,2081.0869,6027.6396,19241.2715,2840.2898,955.7783,648.191,1929.8196,154.7703,6551.9292
2023-06-26,2012.8766,9038.4131,5188.7529,5307.2876,2573.8479,1077.0,4860.9209,2101.4292,6084.7231,19080.7266,2823.582,945.9104,640.2536,1916.5551,155.2211,6548.9619
2023-06-27,1988.5084,8857.6445,5095.2188,5507.9375,2542.1458,1073.6,4790.1782,2116.5681,6184.3779,19182.8926,2805.9463,957.188,640.0624,1935.6429,157.2496,6446.1089
2023-06-28,2016.0948,9079.1094,5162.7183,5653.9556,2607.532,1099.0,4890.9629,2176.176,6308.2202,19693.7227,2874.6333,971.7549,648.9561,1965.4072,165.4765,6576.6538
2023-06-29,1982.5315,9208.7705,5145.1973,5606.2754,2585.7366,1105.6,4873.519,2171.9185,6368.2065,20214.2852,2844.9307,1002.2984,659.5712,1989.9949,160.7808,6662.6938
2023-06-30,1976.0946,9203.0918,5130.5972,5563.5635,2568.8945,1113.4,4876.4263,2184.2185,6329.5054,20005.0859,2822.6538,1000.8888,660.145,1992.5833,160.1234,6698.2964
2023-07-03,1971.9568,9328.0215,5149.0908,5655.9414,2641.2158,1150.0,4985.9321,2200.3035,6373.0439,20793.2246,2858.8538,1020.1547,661.0057,2008.1123,160.7808,6758.6245
2023-07-04,1915.8646,9250.4131,5079.9819,5638.062,2614.467,1150.0,4847.3535,2212.1301,6307.2529,20812.6836,2831.0076,1044.1195,686.6349,2080.2581,159.3721,6776.4258
2023-07-05,1916.3243,9371.5566,5131.5703,5611.2427,2637.2532,1142.2,4805.6831,2214.9688,6300.4795,20739.709,2830.0796,1030.0226,683.0966,2073.4641,158.433,6862.4663
2023-07-06,1886.8992,9314.7705,5185.1055,5574.4897,2604.5601,1096.0,4685.5171,2201.7227,6108.9111,19927.2461,2795.7361,1010.7567,679.1757,2032.0531,156.8364,6731.9219
2023-07-07,1895.175,8879.4111,5077.062,5531.7769,2576.8203,1082.0,4606.0522,2175.7031,6144.7095,19659.668,2759.5364,993.8401,685.0092,2005.8478,156.0851,6649.8374
2023-07-10,1874.0255,8751.6445,5042.9937,5491.0513,2542.1458,1064.2,4600.2378,2138.3298,6100.2036,19362.9004,2741.9006,994.3101,695.2418,1982.5538,156.7425,6692.3633
2023-07-11,1884.6002,8375.9111,5036.1807,5530.7842,2511.4336,1057.8,4620.5884,2091.9678,6053.7622,19572.0977,2752.1108,988.6713,678.5062,1967.3483,153.0798,6676.5396
2023-07-12,1859.3129,8029.5181,4998.2197,5441.3853,2466.8523,1046.8,4563.4121,2079.6672,6095.3662,18920.1816,2687.6011,1005.1177,692.6597,2011.6713,153.0798,6818.9517
2023-07-13,1846.899,8223.5352,4987.5127,5546.6772,2577.8108,1074.2,4614.7739,2092.4409,6215.3379,19304.5195,2723.3367,998.0693,676.7849,2032.0531,153.1738,7019.7119
2023-07-14,1843.6807,8279.376,4961.2314,5547.6699,2550.0713,1077.6,4576.0107,2098.5908,6181.4751,19645.0723,2716.8391,994.3101,672.6728,2030.1121,152.6103,6878.2896
2023-07-18,1852.8762,8510.3047,5049.8076,5394.6997,2615.4578,1092.6,4581.8252,2119.4062,6153.417,19839.6758,2727.5134,1017.8052,687.3044,2072.4934,151.6711,6820.9297
2023-07-19,1892.4164,8688.2334,5114.0493,5419.5327,2626.3552,1094.0,4664.1968,2167.6609,6224.0459,20165.6348,2767.426,1019.6848,685.6786,2086.4053,152.6103,6977.1865
2023-07-20,1903.9108,8598.3223,5051.7549,5370.8599,2590.6902,1074.6,4574.0728,2163.876,6217.2734,19898.0566,2758.1438,1006.5275,678.7932,2084.4641,153.6433,6920.8154
2023-07-21,1910.3474,8548.1621,5110.1562,5347.02,2598.6157,1067.0,4576.0107,2164.3494,6209.5332,18779.0938,2755.3594,1009.8168,675.0635,2058.582,155.052,6869.3887
2023-07-24,1933.7958,8616.3047,5135.4639,5389.7329,2628.3367,1070.4,4600.2378,2198.884,6299.5127,19231.5449,2778.1003,989.6111,662.8226,2034.6412,157.2121,6950.4844
2023-07-25,1912.6464,8512.1982,5105.2896,5389.7329,2606.5415,1083.6,4620.5884,2218.2805,6233.7212,19134.2422,2798.5208,1006.5275,673.2465,2052.4351,153.0798,6889.168
2023-07-26,1925.5199,8454.4648,5192.8921,5363.9067,2607.532,1074.2,4630.2793,2196.9917,6095.3662,19323.9785,2772.0671,1004.178,668.6562,2045.6411,151.0137,6951.4731
2023-07-27,1938.3936,8464.876,5208.4658,5469.1982,2617.439,1073.0,4633.1865,2195.5725,6168.897,19849.4043,2781.813,1014.0459,671.3339,2056.3174,151.0137,7026.6353
2023-07-28,1912.6464,8490.4287,5243.5073,5425.4927,2583.7554,1067.0,4544.0308,2185.6377,6147.6123,20345.6406,2780.885,1067.6146,726.5134,2144.6394,150.8259,7019.7119
2023-07-31,1913.106,8495.1621,5085.8223,5413.5728,2638.2441,1087.4,4213.5737,2257.5461,6240.4937,20671.5977,2828.2231,1077.0126,740.5712,2165.6682,152.9859,7162.124
2023-08-01,1959.083,8665.5186,5201.6528,5368.8735,2670.937,1110.0,4089.5308,2313.843,6249.2012,21255.4062,2839.3613,1064.7953,714.1769,2114.5518,152.4225,7170.0356
2023-08-02,1891.4968,8685.3945,5162.7183,5198.0229,2622.3928,1089.2,4039.1382,2367.7742,6148.5796,20574.2969,2784.1335,1060.0962,694.0942,2093.1992,150.5442,6905.9805
2023-08-03,1849.198,8621.0371,5119.8896,5169.2168,2562.9504,977.8,4005.2205,2277.8889,6150.5146,20345.6406,2744.2209,1056.8069,687.1132,2090.2874,149.5111,6852.5767
2023-08-04,1830.8071,8509.3574,5055.6479,5187.0967,2560.969,996.4,3981.9626,2306.2734,5971.5234,20525.6465,2742.8289,1075.6029,710.4472,2129.1104,148.8537,6902.0249
2023-08-07,2014.7153,8652.2686,5097.502,5194.0503,2558.9875,986.8,3980.0244,2312.4238,6029.5747,20311.5859,2712.6624,1065.2651,706.4307,2107.1106,150.2624,6840.7085
2023-08-08,1986.2095,8827.3584,5301.9082,5215.9028,2570.876,997.2,4031.3857,2293.0273,5958.9463,20136.4434,2742.3645,1061.506,699.9277,2094.8164,151.9529,6944.5508
2023-08-09,2002.7611,8951.3418,5378.8047,5265.5684,2572.8574,1004.2,4006.1897,2266.5349,5945.4004,20199.6875,2746.5415,1029.0828,679.4625,2059.5525,152.9859,6726.9771
2023-08-10,2066.6694,8996.7705,5438.1797,5287.4214,2489.6384,1016.6,4061.4275,2298.2314,6047.9575,19898.0566,2763.7134,1053.9875,686.6349,2083.4934,153.6433,6751.7017
2023-08-14,2045.0603,9040.3057,5390.4849,5254.6421,2412.3635,1010.4,3975.179,2278.3618,6045.0552,19722.9121,2737.7239,1043.1797,686.9219,2062.1409,154.2068,6557.8628
2023-08-15,2035.4052,9024.2158,5468.354,5323.1812,2421.2795,1035.4,3967.4265,2288.7698,6089.561,20053.7363,2757.2158,1053.9875,689.7908,2070.8762,154.019,6601.3774
2023-08-16,2052.4167,8852.9131,5416.7656,5214.9092,2379.6702,1010.0,3910.2505,2242.8804,6087.626,19825.0801,2714.0549,1022.9741,674.2985,2038.5234,152.9859,6394.6836
2023-08-17,2067.1294,8753.5371,5345.71,5133.457,2403.447,1012.0,3945.1375,2249.0308,5979.2642,19912.6504,2666.7166,1032.8419,688.3563,2057.9348,153.2677,6407.5396
2023-08-18,2051.4971,8746.9121,5257.1343,4994.3931,2380.6609,1007.4,3925.7559,2222.5381,5915.4077,20048.8711,2670.8933,1028.6128,681.7578,2046.9352,152.4225,6421.3853
2023-08-21,2075.8645,8844.3945,5258.1079,5079.8184,2377.6887,1006.2,3908.312,2229.6345,5928.9531,20228.8789,2656.5063,1027.6731,683.766,2036.5823,151.859,6495.5576
2023-08-22,2058.8535,8693.9121,5293.1484,4996.3804,2390.5679,1005.8,3929.6321,2286.4043,5958.9463,20618.084,2702.4521,1060.5662,707.6739,2100.9639,153.4555,6586.5435
2023-08-23,2054.7156,8707.1621,5348.6299,5034.1255,2387.5957,1021.8,3980.0244,2280.7273,6009.2573,20496.457,2692.7061,1061.036,711.4991,2111.3162,154.3007,6530.1719
2023-08-24,2033.566,8719.4658,5325.2695,5020.2197,2380.6609,1031.4,4006.1897,2270.7925,5945.4004,21162.9668,2695.9548,1072.3136,720.106,2117.1399,155.5216,6705.2197
2023-08-25,2004.6006,8612.5195,5253.2407,5048.0327,2349.9492,1021.0,3956.7664,2266.0618,5885.4146,19907.7852,2682.9597,1068.0846,720.0104,2110.0222,155.052,6500.5024
2023-08-28,2026.6694,8590.752,5343.7632,5079.8184,2377.6887,1040.6,4010.0659,2305.3274,5974.4258,20389.4238,2732.6187,1085.9408,728.426,2128.7866,156.3668,6499.5137
2023-08-29,2019.7727,8618.1973,5385.6177,5089.7515,2367.7817,1044.2,4012.0039,2300.5967,5971.5234,20535.377,2721.4802,1085.9408,726.8002,2128.7866,156.3668,6531.1606
2023-08-30,2028.5087,8604.9482,5359.3374,5033.1323,2384.6235,1056.6,4062.3962,2324.251,6016.9971,20734.8438,2742.3645,1097.2185,742.2926,2157.2568,157.3999,6500.5024
2023-08-31,2036.3246,8762.0557,5398.2715,5213.916,2406.4192,1062.8,4024.6025,2379.6013,6063.438,20992.6914,2783.6697,1093.4592,738.5629,2161.4626,158.0573,6472.812
2023-09-01,2022.9913,8632.3945,5381.7251,5219.876,2483.6938,1048.4,4028.4788,2383.8591,6064.4053,20856.4688,2825.4385,1111.7853,747.9348,2196.7266,158.339,6428.3081
2023-09-04,2040.4625,8583.1797,5433.313,5243.7153,2479.7314,1068.4,4035.262,2457.6599,6063.438,20905.1211,2882.0586,1141.3892,781.884,2240.0791,158.9964,6344.2456
2023-09-05,2037.244,8619.1436,5387.5645,5232.7891,2472.7961,1080.8,4066.2729,2449.6174,6070.2104,21109.4531,2882.0586,1144.2085,778.6326,2240.0791,157.7756,6351.1685
2023-09-06,2044.1406,8596.4297,5411.8984,5251.6621,2514.406,1095.2,4037.2004,2508.2798,6117.6191,21518.1172,2899.6943,1155.9561,788.2913,2265.3137,158.8086,6329.4106
2023-09-07,2029.8877,8514.0898,5411.8984,5245.7026,2502.5173,1062.2,3996.4988,2495.0332,6161.1572,21367.2988,2887.6279,1154.0764,785.9006,2260.4609,161.1565,6280.9517
2023-09-08,2036.3246,8404.3047,5268.8145,5177.1631,2451.9915,1058.0,3948.0447,2462.8638,6151.4824,20549.9727,2844.0027,1139.0394,780.8321,2240.4023,160.8747,6294.7969
2023-09-11,2008.7383,8509.3574,5206.519,5157.2969,2469.824,1054.0,3927.6938,2455.2944,6163.0918,19936.9746,2873.7048,1187.9093,831.8994,2360.1064,160.6869,6538.0835
2023-09-12,2013.3359,8413.7676,5300.9351,5201.9966,2499.5452,1066.0,3963.55,2513.9565,6162.125,20175.3633,2845.8589,1200.1267,833.2382,2384.0469,162.3773,6666.6499
2023-09-13,2011.4971,8442.1621,5267.8413,5131.4707,2465.8613,1075.8,3954.8281,2561.7375,6104.0737,20053.7363,2861.6382,1237.7189,834.2902,2400.2231,163.6921,6557.8628
2023-09-14,2025.2902,8480.0186,5302.8823,5145.3774,2505.4897,1113.6,3922.8484,2600.0574,6147.6123,20661.8691,2888.5559,1240.0682,844.2358,2413.1641,163.9739,6508.4146
2023-09-15,2045.98,8501.7871,5398.2715,5191.0698,2561.9595,1142.6,3936.4155,2669.6003,6132.1318,21304.0547,2932.1814,1213.7538,825.3964,2392.1353,168.2,6643.9038
2023-09-19,2021.1522,8455.4111,5421.6328,5066.9053,2537.1921,1135.6,3923.8176,2724.9509,6241.4614,20189.957,2985.0889,1244.7672,839.0718,2458.781,169.9844,6425.3413
2023-09-20,2001.3823,8373.0723,5361.2837,5067.8989,2496.5732,1136.2,3971.3027,2648.3118,6062.4707,20165.6348,2968.3813,1222.6819,823.7707,2465.575,169.6087,6390.7275
2023-09-21,1966.8994,8036.1426,5305.8022,4980.4868,2441.094,1118.0,3883.116,2635.5386,5953.1411,19946.7051,2970.2378,1238.6586,824.8226,2495.3391,169.0452,6187.9888
2023-09-22,1927.359,8024.7856,5192.8921,5019.2261,2417.3169,1101.8,3843.3838,2638.377,5951.2056,19859.1348,2932.1814,1250.876,832.2819,2523.8093,170.1722,6129.6387
2023-09-25,1982.9912,8181.8936,5230.853,4987.4395,2454.9636,1112.2,3831.7549,2612.8308,6021.8345,20374.8301,2941.4634,1219.3926,815.642,2441.3105,170.454,6353.1465
2023-09-26,1965.9799,7756.0,5219.1729,4995.3867,2431.1865,1082.4,3775.5479,2570.2534,6056.665,19620.7461,2932.1814,1231.1401,821.4755,2481.4277,170.2661,6299.7417
2023-09-27,1991.7268,8008.6968,5276.6011,4987.4395,2457.9358,1092.0,3768.7644,2600.0574,6022.8022,19752.1016,2924.7556,1233.9596,816.5984,2464.928,172.0505,6348.2017
2023-09-28,1952.9391,7950.4131,5193.8652,4877.0723,2430.1062,1083.6,3786.6448,2588.5781,6029.6631,19529.6094,2916.7065,1238.733,820.9579,2425.1345,170.5271,6249.9565
2023-09-29,1938.4521,7934.1699,5171.478,4881.0493,2433.0881,1108.4,3812.1045,2561.3149,6106.1118,20034.3887,2825.7961,1211.0466,802.4539,2376.9294,168.1467,6286.6738
2023-10-02,1938.4521,7921.749,5100.4229,4912.8672,2426.1306,1118.2,3870.8577,2570.4026,6008.1006,19779.5488,2807.8037,1229.6632,813.8856,2394.0764,166.6233,6202.3228
2023-10-03,1897.3278,7777.4741,5018.6597,4779.6299,2437.0637,1092.2,3855.1902,2491.9609,6037.5039,19578.6172,2758.5603,1217.2522,802.1632,2375.6355,166.6233,6155.6812
2023-10-04,1885.6447,7757.4097,4949.5508,4814.4302,2407.2466,1052.0,3829.7305,2369.9937,5986.5381,18975.8203,2614.1455,1151.8547,774.6494,2287.6367,163.1004,6027.6655
2023-10-05,1894.5239,7796.5835,4988.4854,4882.0435,2448.9907,1071.2,3865.9617,2477.6116,6096.311,19362.9824,2661.4946,1198.1581,793.8316,2367.5471,165.6712,6035.6045
2023-10-06,1897.3278,7844.3564,4971.9385,4872.1006,2437.0637,1064.4,3838.5435,2460.3928,6120.814,19054.2324,2694.6392,1182.8827,796.8348,2356.5474,164.8143,6032.6274
2023-10-10,1924.8997,7874.9312,5076.0889,4878.0659,2505.6433,1091.6,3867.9199,2510.6147,6185.501,19701.1367,2807.3301,1202.9315,820.861,2414.7817,168.0515,6242.0176
2023-10-11,1906.207,7875.8867,5089.7153,4822.3853,2525.5215,1107.8,3867.9199,2535.9648,6183.541,20152.0078,2812.5386,1196.7258,813.4982,2387.9292,167.8611,6406.7515
2023-10-12,1907.6089,8051.6924,5141.3037,4854.2026,2605.0342,1156.4,3971.7175,2621.1028,6223.7261,20745.002,2872.1985,1205.7957,810.8824,2395.6936,167.4802,6477.2095
2023-10-13,1845.9224,7866.3325,5050.7808,4772.6699,2554.3447,1137.2,3972.6965,2570.8809,6072.7881,20789.1094,2845.6829,1181.4506,790.0533,2359.1357,167.4802,6458.3545
2023-10-16,1780.9645,7925.5708,4957.3379,4606.6206,2506.6372,1123.0,3885.5461,2544.5742,6076.7085,19990.2812,2838.1069,1180.4958,780.2684,2348.136,163.9574,6326.3691
2023-10-17,1799.6575,7852.9561,4997.2466,4694.1196,2545.3997,1158.2,3883.5876,2564.6631,6001.2397,20465.6562,2841.8948,1183.8374,784.8218,2363.9885,165.0999,6494.0801
2023-10-18,1799.1901,8015.3843,4964.1514,4638.4385,2538.4421,1163.4,3875.7539,2553.1836,5988.498,20754.8027,2839.0542,1199.5901,806.2322,2393.1057,164.0526,6400.7974
2023-10-19,1765.0756,7790.8506,4891.1499,4509.1782,2512.6006,1127.0,3778.811,2530.2249,5970.856,19779.5488,2782.7085,1182.4054,791.0221,2351.0474,165.0047,6336.2925
2023-10-20,1759.0005,7724.9238,4847.3481,4551.9336,2495.7043,1121.2,3743.5593,2503.4402,5979.6772,19686.4336,2794.5457,1179.0638,782.206,2326.1362,165.2903,6207.2852
2023-10-23,1807.1345,7755.4985,4879.4697,4553.9224,2472.8442,1120.0,3698.5149,2496.7437,5946.3535,19666.8301,2747.6702,1168.0846,772.9056,2313.8423,165.0047,6083.2383
2023-10-24,1828.6315,7820.4697,4829.8276,4628.4951,2496.698,1135.6,3711.2446,2484.7864,5960.0747,19622.7227,2757.6133,1160.447,759.2456,2295.7249,165.1951,6185.4521
2023-10-25,1826.7621,7809.0044,4832.748,4655.3418,2504.6494,1131.2,3674.0344,2525.4421,6057.1064,19960.877,2795.0193,1182.4054,765.8334,2330.9893,166.4329,6258.8877
2023-10-26,1798.2555,7777.4741,4821.0674,4633.4668,2434.0818,1089.0,3569.2578,2481.9165,5994.3789,18956.2168,2779.8674,1170.9489,756.8235,2302.5188,165.1951,5997.894
2023-10-27,1802.4614,7682.8828,4860.002,4694.1196,2409.2341,1115.8,3604.5098,2524.0073,6097.291,19220.8594,2830.0576,1197.6805,780.8497,2364.959,167.0042,6093.1616
2023-10-30,1769.7489,7422.042,4770.4531,4700.0854,2429.1123,1124.2,3577.0918,2462.3062,5995.3589,19407.0898,2792.1782,1174.2903,762.1519,2304.1365,165.3855,6069.3452
2023-10-31,1775.824,7606.4463,4915.4834,4829.3452,2469.8628,1111.6,3577.0918,2477.6116,6097.291,19362.9824,2782.7085,1200.0673,778.4277,2335.842,168.3372,6077.2842
2023-11-01,1816.9485,7723.0127,5188.0254,5033.1782,2543.4119,1157.8,3726.9124,2594.3176,6184.521,19985.3828,2850.4177,1233.9596,806.426,2409.9287,169.7654,6139.8032
2023-11-02,1730.0264,7762.1865,5268.8145,5204.1987,2554.3447,1140.0,3733.7668,2640.2351,6230.5864,20642.0859,2897.7671,1235.3916,800.8069,2421.8992,169.0989,6232.0942
2023-11-06,1667.8726,7808.0493,5201.6528,5261.8687,2601.0586,1210.0,3932.5488,2722.5032,6304.0947,21083.1562,3029.3975,1212.0013,769.321,2374.6648,168.4324,6360.1099
2023-11-07,1666.4706,7403.8877,5173.4248,5070.9614,2614.9734,1189.6,3858.1277,2709.1106,6258.0298,20794.0098,3036.9734,1202.9315,768.3522,2357.8413,166.5281,6377.9727
2023-11-08,1673.9479,7684.7939,5296.0688,4969.5425,2652.7417,1186.4,3765.1018,2637.365,6639.2944,20838.1172,2969.7378,1152.8093,720.5906,2240.4023,160.244,6190.4141
2023-11-09,1689.3694,7654.2192,5276.6011,5062.0127,2631.8696,1207.8,3778.811,2695.2395,7008.7974,21411.5098,3036.9734,1167.13,727.3721,2240.4023,161.577,6256.9038
2023-11-10,1673.0132,7439.2397,5286.335,5059.0298,2578.1987,1229.8,3800.3538,2681.3691,6724.564,21749.6621,3093.7922,1188.1335,739.579,2274.696,164.5286,5745.832
2023-11-13,1645.4413,7573.96,5380.751,5060.0244,2515.5825,1266.0,3749.4343,2694.7615,6874.5215,22127.0234,3052.125,1196.2485,757.0173,2286.6665,165.7664,5718.0454
2023-11-14,1640.7678,7480.3252,5375.8843,5021.2466,2502.6616,1259.4,3719.0786,2720.1116,6868.6411,22769.0254,3080.5347,1225.8445,783.2717,2315.1365,166.4329,5682.3203
2023-11-15,1655.2549,7556.7617,5405.0854,5040.1382,2627.894,1320.2,3916.8811,2735.8955,6854.9189,23636.4609,3080.5347,1201.9768,754.5953,2313.8423,163.9574,5977.0547
2023-11-16,1637.0294,7382.8677,5332.083,5066.9844,2624.9124,1316.8,3930.5901,2754.0713,6912.7461,23611.959,3052.125,1206.7504,745.9731,2374.9883,163.7669,6065.3755
2023-11-17,1664.134,7444.0171,5398.2715,5190.2783,2601.0586,1315.6,3958.9875,2766.9851,6807.874,23636.4609,3072.9587,1206.7504,757.1143,2407.9878,167.0042,6026.6729
2023-11-20,1690.3041,7377.1348,5329.1626,5127.6372,2570.2473,1301.0,3959.9668,2659.3669,6664.7773,23430.6289,3029.3975,1218.2069,758.858,2415.429,165.1951,6113.0093
2023-11-21,1689.3694,7412.4873,5346.6836,5132.6084,2563.29,1294.8,3967.8005,2616.3196,6709.8623,23690.3711,2984.8894,1198.1581,760.6988,2387.2822,165.576,6167.5898
2023-11-22,1690.3041,7357.0703,5430.3926,5200.2212,2587.1438,1311.4,3985.4265,2610.1021,6782.3911,23469.8359,2986.7834,1207.2277,761.8613,2393.1057,164.8143,6150.7192
2023-11-24,1698.2485,7429.6855,5518.9683,5087.8647,2554.3447,1347.2,4024.5952,2681.3691,6717.7031,23528.6445,3001.9351,1208.1824,765.4459,2374.6648,164.1478,6180.4907
2023-11-27,1705.2584,7349.4263,5481.9805,5030.1953,2546.3936,1340.0,4064.7434,2649.801,6722.604,23469.8359,2981.1013,1235.8689,764.6708,2424.4875,165.0047,6076.2915
2023-11-28,1684.6963,7323.6284,5484.9014,5047.0981,2549.3752,1331.8,4009.907,2635.4517,6688.2998,23415.9277,3009.5107,1231.5728,764.574,2413.4878,165.0047,6093.1616
2023-11-29,1671.1439,7257.7017,5471.2739,4959.5991,2531.4849,1344.2,4021.6575,2680.8906,6690.2598,23479.6367,2962.1619,1196.7258,743.6479,2350.0769,163.7669,6002.856
2023-11-30,1680.0231,7330.3169,5537.4624,4996.3892,2548.3813,1374.0,4028.5122,2673.2378,6774.5503,23548.248,2935.6462,1198.1581,744.5199,2348.136,164.8143,5974.0771
2023-12-01,1688.4349,7366.6245,5571.5308,5045.1099,2528.5032,1352.4,4016.7615,2710.0671,6771.6094,23376.7207,2996.2532,1215.3428,758.083,2373.3706,164.9095,5874.8403
2023-12-04,1676.2845,7185.0864,5526.7559,5016.2749,2494.7104,1364.8,3991.3018,2647.4094,6678.4985,23239.5,2966.8967,1187.6562,745.1981,2330.0186,163.2908,5807.3589
2023-12-05,1673.4806,7095.2734,5533.5688,5028.207,2510.6128,1324.0,4046.1382,2634.0168,6677.5186,22318.1523,2942.2751,1180.4958,742.9698,2313.1951,162.6244,5710.1064
2023-12-06,1691.2388,7187.9531,5603.6514,5148.5171,2610.0039,1338.4,4039.2837,2704.3274,6738.2856,22808.2305,2992.4651,1187.6562,754.7891,2329.0481,165.0047,5744.8398
2023-12-07,1670.2092,7129.6694,5576.397,5170.3921,2567.2656,1326.4,3986.4055,2673.2378,6725.5444,21989.8008,2943.2222,1197.2032,755.7578,2338.4302,164.3382,5648.5796
2023-12-08,1630.9542,7090.4951,5434.2861,5181.3301,2538.4421,1304.4,3876.7329,2564.1846,6662.8164,21798.6699,2888.2969,1200.0673,769.7086,2341.9888,162.3387,5608.8843
2023-12-11,1616.4672,7231.9043,5543.3027,5269.8228,2587.1438,1322.0,3933.5278,2588.0999,6752.9873,22548.4883,2951.7451,1222.5031,787.7281,2382.1057,163.7669,5720.0303
2023-12-12,1590.2971,7227.1274,5549.1431,5241.9824,2592.1135,1350.4,3936.4656,2565.1414,6806.8936,22881.7422,2924.2825,1202.9315,758.1799,2353.6357,163.6717,5740.8701
2023-12-13,1577.6794,7069.4751,5412.8721,5225.0786,2604.0403,1332.4,3905.1304,2557.4885,6788.2715,23959.9141,2917.6536,1214.3881,756.436,2385.0176,163.6717,5836.1377
2023-12-14,1551.0421,7047.4995,5275.6279,5167.4092,2576.2109,1297.6,3913.9436,2459.9146,6722.604,23558.0508,2846.6299,1171.4261,720.7843,2259.8137,162.1483,5886.7485
2023-12-15,1508.5157,6886.0269,5090.689,5239.9937,2656.7175,1315.0,4025.5747,2487.656,6643.2148,23886.4023,2851.3647,1149.9453,698.502,2187.0208,161.6722,6041.5581
2023-12-18,1525.8066,6786.6582,5045.9141,5252.9199,2599.0708,1322.2,3986.4055,2505.8315,6677.5186,23901.1055,2849.4707,1144.2169,695.7894,2146.5806,160.8153,6000.8711
2023-12-19,1560.3885,6789.5244,5067.3286,5236.0166,2610.0039,1331.0,4019.6992,2525.9207,6798.0723,24778.3438,2883.5623,1131.3285,690.2673,2160.4919,160.9105,6052.4746
2023-12-20,1562.7251,6755.1284,5132.5439,5278.772,2614.9734,1361.0,4099.9951,2529.2686,6826.4956,24753.8398,2898.7139,1133.7152,686.2952,2168.5801,161.1962,6026.6729
2023-12-21,1545.4342,6635.6948,5114.0493,5240.9878,2599.0708,1342.0,4075.5149,2427.3899,6807.874,24209.8535,2875.0393,1127.9869,678.3511,2153.051,162.3387,5973.085
2023-12-22,1560.8558,6672.0029,5175.3716,5232.0391,2581.1804,1341.4,4068.6602,2406.8228,6807.874,24410.7871,2893.032,1160.9243,694.9175,2212.9028,163.6717,5978.0469
2023-12-25,1562.2578,6676.7798,5282.4414,5278.772,2608.0159,1331.6,4064.7434,2426.9114,6796.1123,24528.4043,2882.6152,1152.3319,692.5924,2198.0208,163.1004,6052.4746
2023-12-26,1558.5193,6702.5776,5270.7612,5213.1479,2613.9792,1341.6,4071.5977,2430.738,6848.0586,24797.9473,2890.1909,1148.9905,692.3986,2191.5503,162.6244,6052.4746
2023-12-27,1567.8657,6698.7554,5291.2017,5256.8965,2651.748,1355.8,4102.9331,2470.9155,6984.2944,25111.5977,2928.0703,1154.7188,695.4019,2215.1675,163.3861,6308.5063
2023-12-28,1574.4081,6734.1079,5210.4951,5230.0508,2658.7053,1341.4,4112.7251,2445.0872,6991.1548,24959.6719,2922.3884,1148.9905,692.6893,2209.0208,163.6717,6275.7583
2023-12-29,1575.8102,6737.9297,5205.5742,5221.1021,2665.6626,1343.4,4060.8267,2478.0898,7212.6606,24753.8398,2912.9187,1156.6282,694.1425,2225.8438,164.0526,6244.9946
