Date,AAPL,AMGN,AXP,BA,CAT,CSCO,CVX,DIS,GS,HD,IBM,INTC,JNJ,JPM,KO,MCD,MRK,MSFT,NKE,PFE,PG,TRV,UNH,V,VZ,WBA,WMT
2023-01-03,123.6325,243.5008,142.4515,195.39,229.5511,44.4462,158.7372,87.8843,326.0305,298.1171,129.2864,25.7751,166.3037,126.7099,58.7824,250.9138,104.3409,235.24,114.6771,45.4589,143.3528,178.9253,500.9303,203.8522,33.8856,32.0709,46.4615
2023-01-04,124.9077,246.0507,145.763,203.64,231.9342,44.4369,157.0493,90.8576,327.4242,301.7219,130.2454,26.6912,168.1143,127.8914,58.7544,250.9707,105.2234,224.9499,117.0527,44.4568,143.9769,179.0305,487.2731,208.9832,34.7387,32.3296,46.5133
2023-01-05,123.5831,248.3494,142.2748,204.99,230.8964,43.8108,159.8776,90.7983,323.7139,297.7018,128.8845,26.5755,166.873,127.8631,58.082,248.8539,106.688,218.2829,116.483,44.04,142.1894,179.3365,473.2296,207.5088,35.2201,30.3462,46.3548
2023-01-06,128.1302,256.1109,145.9087,213.0,239.1413,45.1565,161.0818,92.7739,327.7819,299.6458,131.2501,27.7037,168.2263,130.3098,59.2026,255.7929,107.8145,220.8554,120.2589,45.1574,145.5753,185.3797,473.2682,214.0355,35.6339,31.5707,47.4904
2023-01-09,128.6541,251.3833,146.1322,208.57,236.9888,45.3995,159.8228,93.6135,332.4151,299.91,131.1131,28.263,163.8678,129.7713,58.4649,253.6856,103.6274,223.0057,120.5679,42.9137,143.7972,180.8378,473.3262,214.871,35.4907,31.3465,46.8983
2023-01-10,129.2275,254.8825,147.6868,206.69,240.7269,45.6144,160.6074,94.3939,336.5208,302.5712,132.2548,28.3883,163.4758,130.9333,58.0167,255.2613,104.0311,224.7044,121.5239,42.2308,143.6554,182.8458,469.4048,217.3186,35.9882,31.6483,46.8692
2023-01-11,131.9558,253.9798,149.5523,208.03,240.9382,45.9882,159.841,95.1545,343.2256,310.4698,132.6749,28.7837,163.2145,131.9063,57.9046,255.1664,104.2752,231.4991,123.5519,42.0801,142.4921,183.2378,476.5521,218.3113,35.3277,32.0105,47.2801
2023-01-12,131.8767,252.1278,150.5239,214.32,245.1088,45.792,161.5563,98.592,348.3672,311.2907,132.9398,29.208,162.3932,131.7741,57.1576,253.154,104.9324,234.1894,123.5036,42.3107,141.6881,183.582,478.7446,219.8054,35.8681,31.6138,46.853
2023-01-13,133.2112,252.8816,151.3401,214.13,248.3664,45.6798,161.9942,98.187,352.1905,312.5553,133.2504,29.0344,161.8612,135.0994,57.363,255.2424,105.383,234.8964,124.4307,42.4348,142.7002,185.4275,472.853,219.255,35.911,31.7173,47.0083
2023-01-17,134.3776,250.7319,149.3871,211.41,246.2523,44.9322,164.6673,98.6908,329.5147,309.0826,132.611,28.5426,160.8626,133.0116,57.5964,260.1974,103.6931,235.9961,123.7451,40.8651,142.284,176.8981,468.5162,219.196,35.0446,31.3293,46.7236
2023-01-18,133.656,246.0507,146.1516,209.41,242.9467,43.8295,161.6931,97.8314,328.7331,305.4588,128.2451,27.7808,158.436,129.0156,55.8503,252.537,102.1347,231.5383,122.0937,39.9073,138.4725,175.5882,459.9781,215.7164,34.2896,30.7084,45.5685
2023-01-19,133.7153,243.8544,142.6829,207.09,237.279,43.4183,163.308,97.8709,330.2963,293.3704,128.437,27.4048,158.2214,127.2963,55.7662,250.2018,103.1768,227.7286,120.2589,39.8719,135.5441,175.9802,467.8208,216.6502,34.3668,30.5359,44.9182
2023-01-20,136.2854,244.9805,147.2981,206.76,241.1025,43.7173,165.0414,102.2172,321.9059,297.2583,128.9667,28.1762,157.4841,127.608,56.1024,254.948,103.2143,235.8684,122.2772,40.0049,136.0675,177.2137,470.1003,220.4836,34.3154,30.9412,45.4715
2023-01-23,139.4882,242.868,149.63,209.97,243.9894,44.3902,164.8224,104.4003,328.7802,297.7112,129.5695,29.1887,157.0827,129.6769,56.2424,255.6221,103.158,238.1857,123.8899,39.8896,134.2402,178.1986,469.2213,220.3558,33.998,31.6225,46.1509
2023-01-24,140.8919,241.6861,150.9223,211.98,248.7302,44.6799,164.9775,104.7065,328.0174,299.7968,129.2316,28.8512,157.0827,130.7916,56.5413,255.8783,101.8812,237.6554,122.48,39.6502,134.973,184.7868,474.8136,220.0708,34.6757,30.9585,46.2739
2023-01-25,140.2296,238.7453,152.3214,212.68,249.5316,44.8388,163.3809,106.8006,329.2416,299.391,128.5648,28.639,158.2027,131.4245,56.8961,259.1437,101.9469,236.2514,122.4703,39.9694,134.8778,182.3868,475.6829,221.0636,34.5985,31.2861,46.0539
2023-01-26,142.3054,237.2004,151.4567,212.73,253.0847,45.1752,171.3274,108.3613,334.2702,296.1353,122.8015,29.0151,157.6241,132.237,56.7841,260.7765,100.3321,243.5075,123.156,39.6025,134.3353,183.6968,475.6636,220.8768,34.547,31.4759,46.0118
2023-01-27,144.2528,236.0557,167.4205,211.17,255.4213,45.334,163.7185,108.2033,333.0743,298.8531,122.7467,27.1541,157.0081,132.5582,56.4852,258.6311,98.9333,243.6646,123.156,39.1908,133.7833,180.4935,469.4531,227.492,34.8644,32.0536,46.3645
2023-01-30,141.3564,234.1386,167.7605,209.67,252.4861,45.063,158.9287,106.2771,336.615,296.5411,123.5778,26.9516,151.1937,131.434,56.6253,257.1408,99.5998,238.3133,122.0358,38.976,134.2021,179.6807,469.202,225.1919,35.2161,31.5017,45.9924
2023-01-31,142.6316,234.8924,169.9661,213.0,243.5936,45.4836,158.7645,107.1661,344.4781,305.9118,123.0572,27.2505,152.5189,132.2181,57.2603,253.828,100.8391,243.3209,122.9628,39.5219,135.506,182.7501,482.1444,226.283,35.6622,31.7863,46.5489
2023-02-01,143.7585,229.3179,168.6836,214.75,240.9383,45.3901,156.3377,108.0551,344.3839,309.611,123.386,28.0316,153.9189,131.8685,57.2696,252.7553,100.4354,248.1714,125.0584,39.3519,136.2769,177.1181,480.0292,226.9612,35.7652,32.0623,46.8077
2023-02-02,149.0866,229.4296,168.2172,209.34,236.4583,46.091,154.1937,111.8285,347.9246,320.6521,124.5734,29.1115,154.4975,131.2545,56.2891,249.8506,97.1307,259.8068,124.6335,39.683,135.3061,173.7905,454.7528,225.6441,35.8853,32.5193,46.468
2023-02-03,152.7243,228.1639,173.7846,206.01,239.2197,45.4462,154.5951,109.359,348.3767,312.829,125.0757,29.2369,153.6296,133.2856,55.8689,250.8189,96.6426,253.67,123.2332,39.4324,135.7249,174.7563,455.9022,226.2043,35.6108,31.9847,45.85
2023-02-06,149.9861,226.9355,171.4721,206.81,242.7535,44.4556,154.7685,108.5293,349.1771,310.7245,124.3816,28.0022,152.4629,134.0697,56.1864,254.3216,97.6659,252.1186,121.4177,39.164,134.5733,177.8448,459.0122,225.5261,35.4135,31.2861,45.5168
2023-02-07,152.8726,227.0751,173.6292,214.76,241.0542,44.7079,158.8284,110.2678,352.5672,306.8838,124.0711,28.3536,152.5003,135.7039,56.093,253.771,99.2149,262.7132,121.0314,39.0118,133.2599,180.7325,460.5962,227.3741,34.7872,31.6828,45.6138
2023-02-08,150.1739,223.5386,173.9206,213.5,240.2914,43.8855,155.0969,110.416,353.2263,302.7222,124.1989,27.563,152.6963,134.7498,55.7662,249.4804,100.1162,261.8982,118.6944,39.3608,131.8799,179.1835,466.7198,226.2731,34.7615,31.5276,45.3679
2023-02-09,149.136,223.3526,174.2802,211.99,237.7907,43.6706,153.6737,109.0133,346.5309,297.7773,123.6627,27.0652,150.6337,132.6526,55.6728,247.4301,100.1913,258.8445,117.9895,38.7881,130.4333,177.2424,469.144,225.8792,34.1524,30.8808,45.7885
2023-02-10,149.5023,225.6791,174.1635,212.89,239.1328,44.1659,156.8942,106.7414,349.6291,298.7115,125.3732,27.1336,151.3336,133.2383,55.6728,249.1007,101.9281,258.334,118.0378,39.2713,131.5849,178.5715,477.3731,223.7617,34.3239,31.519,46.5003
2023-02-13,152.314,226.7587,176.1845,215.65,239.5963,44.7266,156.0184,106.3462,352.2093,305.3078,126.9912,27.8656,151.8936,134.6837,56.588,252.6888,102.8482,266.4051,120.8576,39.3698,133.3075,179.3843,478.4355,225.4163,34.5899,32.0019,47.2089
2023-02-14,151.6704,226.2892,175.8833,218.45,235.9369,44.5771,157.2136,106.3462,350.0999,300.4951,125.7523,27.9534,151.231,135.2789,55.6448,253.078,102.0877,267.2397,121.8716,39.1282,132.5556,176.0663,476.0016,225.9186,34.5985,31.6915,47.073
2023-02-15,153.7792,225.388,175.5432,217.44,240.1273,45.278,155.5568,107.907,352.5107,302.6278,126.1128,28.1584,148.7391,135.8457,55.6448,253.0306,101.0926,265.1036,123.1077,38.7702,132.2511,177.1085,474.4755,225.4557,34.6414,31.9099,47.4225
2023-02-16,152.1754,219.8957,172.8907,212.21,238.0225,47.6517,153.311,104.5386,348.6121,303.1468,124.8184,27.524,147.6845,133.9752,55.2993,252.3376,99.9942,258.0459,120.114,38.439,130.5189,175.0431,470.7088,222.4125,34.1781,31.7351,46.6783
2023-02-17,151.0269,225.8198,172.2689,211.66,239.2487,47.4461,149.8872,103.936,347.0112,300.0421,124.8369,26.9481,150.7677,134.372,56.1397,256.2865,102.82,254.0199,120.5582,38.6717,133.2504,177.6153,482.0382,220.1768,34.5041,32.1196,47.3804
2023-02-21,146.9975,223.6699,168.5573,205.52,232.4127,46.4368,148.1844,100.8442,340.0616,278.8566,121.7765,25.4353,148.5211,131.9063,55.8409,254.9196,102.3975,248.7143,116.9465,38.2153,133.1552,177.1372,474.5335,217.2813,33.6291,31.5953,47.6684
2023-02-22,147.4233,221.7171,169.7426,205.76,229.6899,46.0817,147.5862,100.4392,339.845,279.6115,121.0924,24.8594,148.3143,130.8955,56.009,255.0051,102.482,247.5724,115.7877,37.9289,133.7167,177.9691,472.1962,216.6904,33.6977,31.5254,46.6686
2023-02-23,147.9084,223.0878,170.1701,208.13,229.7478,45.9882,149.0404,100.4886,342.3405,282.452,120.9259,24.9961,148.2673,131.9441,56.1117,253.2395,103.8246,250.7814,115.8456,37.8573,133.2885,177.3476,474.9005,217.7836,33.0543,31.639,45.973
2023-02-24,145.2453,219.37,169.3054,198.15,228.0292,45.306,149.4822,99.076,342.6324,279.9513,120.7225,24.5373,146.6129,133.1344,55.8783,250.2968,103.1674,245.3183,113.9915,37.3651,132.5366,177.2137,467.7918,216.2275,33.2344,31.2808,46.0959
2023-02-27,146.4432,220.1117,168.3824,200.46,231.7079,45.5396,149.8595,99.2242,344.2144,279.3379,120.6486,24.3031,146.2933,134.2964,55.8596,251.341,102.6698,246.2436,114.4647,36.4969,132.4224,177.2137,466.8163,217.0154,33.3545,30.9225,45.7627
2023-02-28,145.9383,217.4923,169.0528,201.55,231.2927,45.2499,147.9727,98.3945,331.1438,279.838,119.5483,24.3324,144.0655,135.4206,55.5701,251.9615,99.7407,245.5152,114.7157,36.309,130.9187,177.0129,459.6883,216.6116,33.2945,31.0449,45.9859
2023-03-01,143.8592,221.7453,170.9183,204.55,240.0983,45.1752,149.1508,97.3375,328.3744,274.4119,118.522,24.7228,143.4168,134.6648,54.9632,250.8254,100.1256,242.4145,114.513,35.96,131.0138,175.9898,458.993,215.0555,32.857,30.7565,45.3453
2023-03-02,144.4532,220.3839,170.3645,210.06,243.4873,45.3527,149.6202,97.7129,331.0964,276.5163,119.2062,25.5719,143.304,133.2667,55.7662,255.4558,100.4636,247.1787,115.4786,36.3537,133.1742,175.1674,461.3882,215.7449,32.9513,30.9138,45.4585
2023-03-03,149.5221,220.4496,174.0081,215.11,246.5094,46.0536,151.8292,99.9058,338.6743,281.6404,119.8627,25.7671,144.7799,135.7134,55.5047,256.8879,100.3415,251.2933,117.125,36.8281,134.145,175.5499,462.2188,220.3836,32.8226,31.5342,45.5135
2023-03-06,152.2941,220.7313,173.9789,211.92,245.2253,46.1845,152.9429,99.4317,338.6364,281.4139,120.3712,25.367,146.2275,134.9199,56.3638,258.3868,104.3034,252.8485,116.3793,36.7923,133.574,175.3204,464.3631,223.3185,32.7283,30.975,45.5071
2023-03-07,150.0864,214.7321,170.345,207.92,237.6555,45.7079,150.9732,97.8512,328.2321,274.327,118.5775,24.918,144.8457,130.9522,56.037,255.0357,104.463,250.1711,115.8176,36.1031,130.9187,172.4709,457.6987,219.7927,32.5224,29.8303,45.0541
2023-03-08,151.3438,214.4598,169.869,207.2,240.1466,45.8948,150.016,98.0882,331.2766,277.0644,118.3926,25.3572,143.7835,130.1776,56.065,253.3172,101.6559,249.7282,116.0791,35.9063,130.9377,169.9848,454.5307,218.8276,32.1964,30.1274,44.682
2023-03-09,149.0865,211.9813,167.2358,201.24,232.6541,45.6144,147.7334,94.9668,324.448,273.7471,116.6451,25.8062,142.1666,123.1302,55.5234,249.7847,101.0175,248.3698,114.1519,35.3156,129.9765,167.178,449.0349,216.6805,31.3557,29.0876,44.3811
2023-03-10,147.0174,213.9341,160.998,203.07,219.185,45.3808,146.9603,92.4282,310.7715,272.1407,115.9887,26.5675,142.5144,126.2571,55.29,250.1667,101.102,244.6982,113.7838,35.2529,130.5665,168.8698,446.1949,212.8691,31.4672,29.0614,44.3164
2023-03-13,148.9677,218.9193,153.157,203.37,216.9546,45.2406,146.0767,91.47,299.2387,272.3403,116.1089,26.3039,143.8774,123.9899,55.8503,251.1691,99.2619,249.9447,113.1737,35.6736,131.4707,165.5439,449.4421,211.2244,31.3471,29.3323,44.4458
2023-03-14,151.0665,216.4783,159.2588,207.28,217.8911,45.8387,147.9635,92.2207,305.5362,271.4374,115.249,27.3385,144.6859,127.1735,56.0557,253.8614,101.1242,256.7072,115.2462,35.7094,133.0981,165.1017,450.3144,215.351,31.6388,29.0876,44.682
2023-03-15,151.4626,220.5341,155.2752,198.21,209.7711,45.848,141.5575,91.9639,296.0899,273.7186,113.9823,27.7289,145.0901,121.1653,56.4292,254.2815,101.7481,261.2843,114.4424,36.0494,134.9825,160.036,451.1383,213.0956,31.7932,29.3061,45.1803
2023-03-16,154.294,220.2243,156.169,203.19,211.1711,46.8386,142.0085,93.1394,298.8404,272.54,115.2952,29.4565,144.7893,123.5175,56.7397,258.32,101.474,271.876,116.8442,36.13,135.9913,165.5343,457.526,214.1593,31.3814,29.1925,44.9236
2023-03-17,153.4525,215.7366,152.0785,201.05,207.5986,46.9041,140.2138,92.0627,287.886,274.1178,114.3614,29.0954,143.2383,118.8508,56.4763,255.1026,98.411,275.0553,116.5924,35.8884,136.0294,158.6326,455.0834,214.1002,31.5616,28.7556,45.2875
2023-03-20,155.8285,220.3651,154.2355,204.77,212.7159,47.605,142.2755,93.0702,293.5671,274.9447,116.4417,28.461,144.6576,120.1072,57.022,258.4823,100.0654,267.9681,117.3768,36.5238,138.1232,162.17,462.3143,214.8487,32.1106,29.0003,45.7748
2023-03-21,157.6897,218.7034,159.8904,204.7,217.167,47.3526,146.629,95.3619,300.9174,275.1064,117.0242,27.7777,144.6576,123.3286,56.7585,257.9763,99.7724,269.4938,121.6477,36.3895,137.1239,165.0921,465.3578,218.5912,32.3765,29.3061,45.6189
2023-03-22,156.2542,215.7742,158.1317,196.16,212.3683,46.2219,143.6469,93.742,297.4936,268.6238,114.6943,27.4557,141.988,120.145,56.5045,255.7422,98.6946,268.0271,115.7304,35.8078,137.0383,160.1706,460.9185,216.7101,32.0077,28.3974,45.3265
2023-03-23,157.3432,218.8442,158.1414,197.9,211.8759,46.4742,142.2202,94.6606,298.6127,269.8596,114.0655,28.3341,142.0632,119.8238,56.3822,257.413,98.534,273.313,117.1541,35.96,136.8479,157.508,455.4807,219.2215,32.0591,28.2488,45.6936
2023-03-24,158.6501,223.4727,155.246,197.53,209.5296,47.2031,143.6376,92.932,296.4503,269.0136,115.8407,28.6562,143.492,118.0006,57.3043,259.0456,99.0728,276.1775,116.9023,36.1479,139.6364,158.5173,461.3741,217.6949,32.3079,28.5721,46.0672
2023-03-27,156.6997,222.2804,158.4912,200.57,210.4855,47.2311,145.1011,94.4532,302.103,267.3502,119.5575,28.4805,144.1031,121.3825,57.7277,261.442,101.0864,272.0531,114.0938,35.9958,138.9036,159.9014,467.1026,218.4533,32.6425,28.7818,46.8371
2023-03-28,156.076,223.8952,154.6922,204.96,212.5711,47.091,146.7946,93.6629,302.0176,266.9225,119.5853,28.5878,142.7119,121.751,57.7936,263.361,99.7629,270.9211,114.1519,35.7899,139.2938,159.4497,458.0688,216.9957,32.5996,29.5507,46.6552
2023-03-29,159.1649,226.2892,158.9479,207.97,215.3132,47.8199,148.0555,95.6879,304.18,269.3367,119.9274,30.7644,144.1124,121.9966,58.2076,264.8789,99.1862,276.1184,116.6892,36.0226,139.7221,163.2754,452.2627,219.9207,33.0114,29.8391,46.8566
2023-03-30,160.739,226.7305,157.8014,211.04,216.8001,48.0629,149.4638,96.9029,304.5783,271.2378,119.4743,31.3207,144.2253,121.6282,58.1982,265.2131,100.1316,279.603,116.3115,36.1389,140.3312,164.1982,455.6262,218.995,33.1658,30.2585,47.3244
2023-03-31,163.2536,226.9652,160.2693,212.43,220.9519,48.8572,150.1725,98.9081,310.2404,280.5148,121.2033,31.8868,145.701,123.1019,58.3676,266.9507,100.5759,283.7865,118.7714,36.5148,141.5113,164.7653,458.0785,222.0481,33.3631,30.2148,47.9027
2023-04-03,164.511,229.4907,159.1325,215.39,221.9464,48.8853,156.422,98.5426,309.6809,282.9956,122.1001,32.1015,147.4401,122.9602,58.7157,269.3661,102.9204,282.7333,117.832,37.0071,142.2917,165.6112,479.0152,225.5345,33.6462,30.9837,48.3056
2023-04-04,163.9763,232.3917,157.9471,213.9,209.9545,48.7911,155.5844,98.355,306.0104,280.3626,121.6748,32.3065,148.9817,121.3164,58.537,269.4998,102.8826,282.684,119.7883,36.6043,142.977,162.0931,478.1041,224.2148,34.0151,31.3245,47.8312
2023-04-05,162.125,237.8746,157.089,210.0,206.1696,48.7911,156.3576,98.6908,304.9482,274.384,122.1741,32.043,155.6745,121.4973,59.0921,269.2516,105.7942,279.8885,117.0863,37.1861,143.9573,163.7079,493.5934,224.717,34.4097,31.5604,48.6239
2023-04-06,163.016,237.8276,154.8947,211.37,201.9599,48.2733,154.3051,98.7501,305.7733,274.3269,120.6578,32.0235,155.2421,121.364,59.1298,270.0822,106.1913,287.0348,116.4277,37.1413,144.8709,164.6307,497.0635,222.57,34.4298,31.2633,48.991
2023-04-10,160.4123,235.5556,157.1475,210.78,208.1007,48.3298,154.8941,99.5798,308.2013,276.7602,121.1478,31.7404,154.4619,121.7639,58.9886,270.9319,106.456,284.8594,118.0644,37.3472,143.6717,165.9572,499.3607,223.0034,34.3164,31.5429,48.8968
2023-04-11,159.1946,236.0532,157.8204,212.32,212.9959,47.6612,155.7501,99.1946,310.487,279.2315,120.5838,31.5745,154.4149,122.3637,58.8851,271.6002,106.3425,278.4021,119.4106,37.4009,143.3862,166.8223,504.9729,224.9928,34.4036,31.7264,48.7539
2023-04-12,158.5016,234.2412,155.3433,212.34,212.8994,47.1811,156.3024,96.7449,313.209,276.0663,118.8456,31.2524,154.0859,122.3447,58.9886,272.3831,107.5337,279.0518,119.7592,37.025,143.7764,167.1011,505.1862,224.3625,34.1856,31.1847,48.5167
2023-04-13,163.907,236.0626,158.2787,213.59,214.029,47.8307,158.3916,99.6095,315.0016,277.6918,118.2539,31.3598,156.1446,122.8112,59.4215,275.9824,109.2637,285.3024,122.4418,37.1145,144.4426,166.4859,510.0714,229.1687,34.2903,31.2633,48.5655
2023-04-14,163.5606,234.7107,159.1759,201.71,215.9697,47.5859,158.7138,98.6809,319.5446,277.7298,118.4758,31.1255,155.8907,132.0847,59.3274,275.8965,109.0084,281.6603,121.977,36.8639,143.7098,161.8431,496.0748,230.4785,34.2031,30.8614,48.2373
2023-04-17,163.5803,232.8987,159.6538,205.03,217.476,47.3411,157.3148,99.076,322.1622,280.7809,118.1799,31.3695,155.7309,133.132,59.7132,276.2115,108.7248,284.2787,122.2094,36.8549,143.7574,164.6403,489.8326,229.9467,34.4123,31.4031,48.5752
2023-04-18,164.808,231.0398,160.3267,208.37,217.4373,47.3694,156.9466,99.6984,316.6898,284.1552,118.1429,31.067,151.3505,134.6268,59.8072,277.7391,108.5547,283.8554,122.2288,36.2911,143.9097,165.3324,488.9893,230.0649,33.9589,31.0886,48.6824
2023-04-19,165.9564,231.1525,160.8631,208.71,216.9063,45.232,157.0939,97.545,319.5161,282.2162,116.793,30.4033,152.7793,134.4554,59.9202,278.0828,107.8929,283.9342,121.7058,36.0137,143.9382,175.4927,471.2706,229.0505,33.6624,30.4332,48.7344
2023-04-20,164.9861,228.5706,159.2344,207.23,214.6083,43.8574,156.33,96.8733,321.2422,283.794,116.83,30.1202,153.7663,134.065,60.1836,277.825,107.9307,281.6307,120.5243,35.6646,144.4659,172.311,472.4919,231.0498,32.4327,30.9051,49.0463
2023-04-21,163.3724,228.9461,159.722,205.15,213.8317,44.2811,155.6581,98.355,324.0401,285.1913,116.2475,29.5736,152.9297,133.8079,60.2683,278.837,109.0652,281.2863,121.5702,35.9868,149.465,172.5417,468.9637,230.5081,32.5461,30.8177,49.2932
2023-04-24,163.6793,229.5001,156.6111,205.77,216.8994,44.62,157.8302,98.4636,326.2215,286.7121,115.9424,28.949,153.8603,133.9888,60.1742,279.9255,109.604,277.3587,123.081,35.7183,149.7331,172.186,473.9265,229.2376,32.3542,31.0187,49.6278
2023-04-25,162.1349,229.8944,152.2518,202.19,212.2397,44.3376,155.5384,96.814,321.9725,281.6649,116.3955,28.1877,155.2703,131.0754,60.0801,278.3119,110.1618,271.1081,120.7277,35.1992,149.7714,170.4462,476.8149,226.1156,32.5286,30.4857,49.2412
2023-04-26,162.125,224.1956,151.8618,203.03,209.871,43.8197,152.768,95.4311,319.2031,273.8137,116.3585,28.3536,152.8639,128.7523,59.7978,276.6412,107.2312,290.7458,119.9335,34.5727,148.038,169.7637,468.1204,224.6974,32.1973,30.4158,49.0268
2023-04-27,166.7286,225.6414,154.5241,206.04,208.0653,43.8386,153.6608,98.7106,323.9832,279.3837,117.394,29.1442,153.2211,130.4851,59.9202,281.3766,108.8666,300.0577,121.7349,34.6712,149.8481,173.2626,475.4095,225.5444,33.8281,30.6692,49.1795
2023-04-28,167.9859,225.0781,157.3425,206.78,212.4047,44.4882,155.1611,101.2492,325.7283,285.6665,116.8763,30.3154,153.8791,131.6181,60.3624,282.36,109.1597,302.4496,122.7227,34.8054,149.7618,174.1181,476.9797,229.208,33.8629,30.8002,49.0463
2023-05-01,167.8968,224.2895,155.3726,203.87,210.9194,44.573,153.9277,100.9627,323.0063,282.9671,116.5804,29.5736,153.7851,134.4364,60.5036,284.1071,109.9821,300.7763,123.8848,35.0918,149.9438,174.7141,480.4789,228.9914,33.7583,30.241,49.2477
2023-05-02,166.8573,221.5387,149.4529,203.25,208.8614,43.6502,147.3008,99.3724,316.1776,279.7163,115.7205,29.0563,155.1293,132.2655,60.2307,284.5749,111.4474,300.6286,123.2457,34.9576,149.8097,173.5317,478.2398,223.5451,32.8513,29.2711,49.1145
2023-05-03,165.7782,215.286,148.4387,200.93,209.337,43.2736,144.3463,99.6292,311.701,278.5757,114.1395,29.9152,153.0989,129.4664,59.8919,281.854,111.7594,299.6345,122.7421,34.4117,149.6182,172.2052,474.411,222.5602,33.1217,27.9255,48.9326
2023-05-04,164.1347,217.7082,145.1229,197.05,204.2308,43.0288,143.7849,96.2608,304.6921,271.6085,113.3259,30.616,152.4033,127.6955,59.9578,281.7967,110.9559,300.6286,119.7689,34.2148,148.9287,172.1956,472.3174,222.1859,32.5723,27.5673,49.0695
2023-05-05,171.8371,222.0645,148.8678,198.34,208.8031,43.5467,147.4573,99.2934,310.1551,275.2869,114.3244,30.371,152.9203,130.19,60.2401,283.1715,111.2489,305.7866,122.5968,34.4475,149.4267,175.2331,479.1025,228.2724,32.9909,28.109,49.4935
2023-05-08,171.7678,220.2712,149.2481,197.26,208.5119,43.6314,146.8774,101.7135,309.6714,273.6805,114.0933,30.1553,152.5725,130.5042,60.146,283.2574,111.9107,303.8179,122.8776,34.6085,148.7276,175.4927,477.4934,228.7156,32.9909,27.6634,49.8033
2023-05-09,170.055,220.0929,149.5797,201.88,207.2499,43.7538,146.4541,100.9331,308.0212,276.1994,113.5591,29.4987,151.3881,129.8758,59.6473,283.2288,111.0126,302.1938,121.1538,34.4385,147.2049,176.6269,475.3222,229.73,32.7641,27.4712,49.8881
2023-05-10,171.8272,219.7924,144.9962,200.84,206.9392,43.9798,144.5856,99.9058,305.9156,274.7261,114.3557,29.3713,151.9521,129.9424,59.7508,283.1429,111.4569,307.4205,119.6139,34.2774,147.5113,176.0598,475.0218,227.7702,32.8164,27.6022,49.7478
2023-05-11,172.0153,218.0838,144.3233,201.84,203.891,43.6597,143.7849,91.1835,304.18,273.4525,113.306,28.2835,151.3317,129.5331,60.0895,281.4435,111.126,305.255,118.3646,33.997,147.8561,175.7234,473.752,227.9576,32.7903,27.2353,49.9337
2023-05-12,171.0834,218.7034,144.2647,200.7,203.4153,43.9798,144.1531,90.8675,303.0229,276.0948,115.1242,28.3717,151.1343,127.6764,60.3248,282.7323,110.7384,304.1329,116.418,33.7889,149.3596,175.0313,476.1461,228.3227,32.7816,27.1479,49.9174
2023-05-15,170.5877,219.2479,146.2834,202.77,205.1142,44.347,144.6869,91.7268,305.4604,274.2604,115.6115,29.2047,149.9781,128.7523,60.1648,282.5032,110.0105,304.6152,116.05,33.617,149.4075,175.7234,471.9103,229.7339,32.0664,27.5236,49.5294
2023-05-16,170.5877,213.9435,144.7329,200.87,201.1437,44.1775,141.2906,89.8698,304.2653,268.3577,115.7052,28.6363,149.7807,127.8859,59.4873,280.8324,109.7364,306.8595,112.8057,33.4813,149.149,174.4738,464.9896,227.4248,31.4386,27.3925,48.8445
2023-05-17,171.2023,213.2516,148.3217,206.87,205.9005,44.846,143.3155,91.6379,313.1521,277.9199,117.8139,28.2933,149.4517,131.8181,59.4215,280.1736,108.4885,309.7599,113.2899,33.2461,148.5169,174.6371,469.9232,229.576,31.5519,27.9954,48.763
2023-05-18,173.542,212.5029,149.6772,207.24,208.444,45.3827,143.1389,92.6159,312.5831,280.5528,118.2263,29.0871,148.9723,132.8177,59.0921,280.7369,107.77,314.2188,115.1203,33.0018,146.0748,176.2328,464.5147,230.5134,31.5083,27.9067,49.3956
2023-05-19,173.6511,211.7353,149.1604,205.49,208.5022,46.2583,144.2728,90.2353,309.33,276.4846,119.2666,29.3321,149.3765,132.5131,59.1203,282.169,109.1786,314.0412,111.14,33.2642,146.6877,176.5981,464.1172,230.2272,31.4386,27.7471,48.8869
2023-05-22,172.6993,212.2755,151.657,205.91,207.9974,45.9665,141.6797,90.6995,308.1635,276.2755,119.4915,29.6751,148.5714,131.4182,57.8783,276.2498,108.2332,316.8429,106.7044,35.0554,142.8474,174.0797,465.8619,228.2241,31.3601,27.6672,48.4564
2023-05-23,170.0821,212.702,148.78,202.6,206.4927,46.0512,145.7785,88.7239,306.8831,280.3437,120.1288,28.9205,148.5146,130.0471,57.7748,273.4046,107.0799,311.0028,105.3486,35.8606,141.3055,172.359,464.7182,221.6126,31.6042,28.0309,48.3651
2023-05-24,170.3596,209.7452,146.9856,199.27,203.5707,45.5804,146.1688,87.9831,303.317,276.6937,117.7858,28.4207,148.3725,128.857,57.2855,272.975,107.3919,309.6118,104.874,34.9469,140.1372,169.1677,466.0654,219.3134,31.2816,27.3124,48.1434
2023-05-25,171.4998,206.087,147.3367,200.87,203.8425,46.1642,143.6501,87.0644,307.177,272.559,118.798,26.8527,146.2416,129.1712,56.8432,272.5931,106.1629,321.5189,104.0896,34.2231,139.237,166.9377,463.0316,220.4285,30.3659,26.585,47.664
2023-05-26,173.9187,205.5847,153.3441,203.63,205.6093,46.9457,143.204,87.2126,314.8878,278.3381,120.7942,28.4207,146.1848,130.3804,56.7021,273.0896,105.0002,328.3948,104.1187,34.0151,139.2465,165.6112,466.7343,222.0369,30.5229,26.6205,47.7488
2023-05-30,175.7726,207.1011,154.095,204.69,203.7648,47.2375,142.3117,86.7483,313.7686,277.9294,121.3471,29.3909,146.2037,130.8755,56.2504,272.0203,103.204,326.7374,103.1599,33.4813,137.1205,166.5724,465.1155,218.7114,30.4357,26.5495,47.6314
2023-05-31,175.7231,209.1102,154.6314,205.7,199.7361,46.7668,139.9882,86.8866,309.5351,271.3619,120.513,30.812,146.8572,129.2093,56.1375,272.2017,104.3762,323.9555,101.9396,34.395,136.4693,162.6794,472.2787,218.1095,31.0723,26.9398,47.8955
2023-06-01,178.5386,203.0639,158.6883,207.96,202.9591,46.8327,141.4195,87.5089,302.3677,276.0912,121.6657,30.5082,146.3647,130.9897,56.4574,274.8367,104.8678,328.0889,100.3611,34.395,137.8675,164.6595,478.4724,223.5072,31.1508,26.8955,48.0716
2023-06-02,179.3912,206.6651,164.3836,213.32,220.0059,47.0963,145.2301,89.6623,309.2961,283.3193,124.1024,30.6846,148.6662,133.7413,57.549,278.2536,106.3709,330.8708,104.7237,34.7026,140.3191,168.3411,484.2397,225.767,30.1566,27.6672,48.5315
2023-06-05,178.033,210.2759,163.2816,208.78,215.9674,47.2752,144.533,89.8895,307.5378,280.6004,124.3086,29.2635,149.9448,132.4274,57.1632,276.8331,106.9287,331.4035,102.2169,34.9649,139.7637,167.6105,482.8924,223.7737,30.0519,27.7204,48.851
2023-06-06,177.6662,209.6504,167.5628,207.29,220.0544,46.8986,144.7933,91.0354,312.3065,283.3767,124.3555,30.3416,149.8122,132.6654,56.7491,273.0995,103.9981,329.1741,103.1788,34.7116,138.3751,168.1681,472.5985,225.2045,30.2612,27.9688,48.8445
2023-06-07,176.2882,209.6788,167.2995,211.93,228.6651,46.8703,148.5481,91.391,320.8595,288.8336,125.9393,30.6552,150.1342,133.9508,56.6645,270.5657,102.6746,319.0132,104.0533,35.1821,138.672,168.9659,467.3255,222.2935,30.7496,28.3236,48.9163
2023-06-08,179.0145,209.2144,166.8997,218.11,227.5973,46.7762,147.9997,91.4009,320.5919,288.2496,125.9675,31.1844,151.7821,133.9888,56.8056,274.2897,104.2911,320.8678,103.1885,35.363,140.2425,169.0916,475.1769,220.1028,30.8979,28.2527,49.6239
2023-06-09,179.4011,207.319,167.4653,217.31,228.1603,46.7574,147.6466,90.8082,321.1176,284.6692,126.8016,30.714,151.5453,134.2554,56.8997,275.259,104.6598,322.3771,102.8582,35.2544,140.3574,169.7586,478.4627,220.6061,30.9327,27.8712,49.9239
2023-06-12,182.2067,205.9922,169.3378,221.56,230.9464,47.5294,146.2245,92.0034,324.4336,288.0294,127.8512,32.4094,151.4412,134.2459,56.655,276.9675,103.8563,327.3688,103.8007,36.0958,139.2561,168.9562,477.4644,223.1816,31.0548,28.0664,50.2533
2023-06-13,181.7309,210.3801,170.8006,220.38,238.266,47.8307,147.3213,92.7048,327.3102,287.2827,128.957,33.2326,152.2367,135.2171,56.8809,276.9482,103.9792,329.7758,103.7521,36.4395,138.9209,170.2613,476.2237,220.4482,30.9415,28.3414,50.6446
2023-06-14,182.3653,210.6549,170.1472,216.9,236.208,47.9814,146.0015,91.3218,323.4111,286.9285,128.5822,34.8693,153.0134,134.7124,57.2667,276.8427,103.4082,332.7847,109.6597,35.6073,140.2234,167.7768,445.7393,220.4877,31.1595,27.9511,51.1566
2023-06-15,184.4076,216.4928,169.5035,219.41,240.4309,48.8947,147.1075,91.8059,324.6726,289.14,129.7068,35.1045,155.0685,136.2358,58.0536,280.845,104.1124,343.3993,109.2224,35.9601,142.1675,170.1163,453.438,223.1816,31.7787,28.4035,51.4371
2023-06-16,183.327,217.649,167.9432,219.99,238.101,49.0265,146.1595,90.2056,323.306,287.5699,128.8446,35.6435,155.5421,136.3976,58.4708,281.8912,104.0363,337.7073,110.369,36.2405,143.2113,170.8703,446.2357,225.8854,31.7961,28.9801,50.7196
2023-06-20,183.4162,216.6349,165.2126,212.37,234.1014,48.5369,142.8322,88.6548,316.0526,288.556,127.4201,34.3008,155.4474,135.7026,58.082,281.2578,104.9023,333.4851,106.4338,35.5892,141.8897,169.7199,456.8445,223.4776,31.2292,28.7317,50.2729
2023-06-21,182.3753,215.166,163.7595,212.08,234.4218,47.8778,143.9475,87.5583,310.6532,287.8763,125.2927,32.2428,155.2106,135.5027,58.2432,282.6783,105.7873,329.0557,106.8613,35.1911,143.1156,169.4589,464.0077,224.2473,31.2467,27.9954,50.3707
2023-06-22,185.3891,217.649,164.091,205.61,230.4028,48.132,141.8656,87.4102,305.4066,288.3358,122.9309,32.0566,156.8586,132.894,58.6414,281.5073,108.2236,335.1226,107.3277,35.0373,143.604,169.1882,466.2462,225.3723,31.2641,28.2882,50.7914
2023-06-23,185.0718,215.2323,163.9058,205.41,227.5875,47.3882,140.6667,87.0249,300.7527,287.9816,121.3003,32.3408,156.726,132.1989,58.0252,278.2536,109.0611,330.4959,106.4144,34.6483,142.177,167.9411,464.2511,226.5169,30.9676,27.8535,50.6968
2023-06-26,183.674,212.9768,162.9695,205.58,230.0242,47.2752,143.1389,87.6176,298.5068,294.7597,123.0903,32.674,154.9738,132.5226,58.0441,277.4666,107.6145,324.1627,108.5714,33.3727,142.3207,166.6554,466.256,223.3099,31.4909,28.022,50.5631
2023-06-27,186.4399,210.9677,164.0228,209.43,233.6549,47.8872,142.6928,87.9732,299.5485,300.3602,124.0275,33.4188,154.6518,132.5322,57.9209,279.5877,107.8429,330.0521,110.3884,32.9476,143.671,166.8487,469.6624,224.3361,31.8746,25.4052,50.3805
2023-06-28,187.6197,209.7357,165.5734,210.72,234.8004,47.8966,143.9847,87.746,299.7492,293.4385,123.4839,32.8994,154.3393,131.9514,57.3804,280.01,107.0055,331.3148,109.8249,32.83,143.6423,162.7691,461.7692,224.9479,32.1101,25.7955,50.6544
2023-06-29,187.9567,209.5935,167.8164,211.83,237.1011,48.2168,145.2115,87.8645,308.761,294.6926,125.6394,32.2526,155.419,136.5595,56.9064,282.6303,108.0523,330.5256,110.1552,32.6762,143.0581,165.302,463.706,231.2239,32.2583,25.1657,50.312
2023-06-30,192.299,210.4085,169.8839,211.16,238.8582,48.7158,146.2432,88.1905,308.2354,297.3923,125.4051,32.772,156.7639,138.4733,57.096,286.4119,109.8129,335.9414,107.2403,33.1828,145.3182,167.8831,467.7938,234.3421,32.4327,25.2722,51.2577
2023-07-03,190.802,213.2422,171.0931,210.92,240.1008,48.7911,146.113,89.3956,312.1248,296.7988,125.2739,32.9484,154.7087,139.5872,57.4373,282.9854,108.8041,333.4259,106.016,33.1556,146.0461,167.3321,465.1075,234.8257,32.5112,25.7423,51.5904
2023-07-05,189.6817,214.0667,171.2199,213.31,237.6739,48.867,145.2766,88.6943,305.8558,297.5455,125.8081,31.8606,154.1972,138.6573,57.864,284.9626,108.2046,333.5837,104.063,32.9837,145.7971,166.8487,458.6255,236.2861,32.6856,25.9552,51.561
2023-07-06,190.1576,211.3183,167.2763,212.62,233.5481,48.4875,142.0887,87.6571,299.1185,289.14,123.8588,31.3314,153.0512,137.2865,57.4184,283.0622,106.3488,336.6616,102.1197,32.2329,145.5576,165.2246,456.8152,235.7237,32.3804,25.8221,51.2349
2023-07-07,189.0374,207.2148,166.1607,212.1,238.0136,48.3737,143.3341,87.5583,301.1923,289.8963,123.7838,31.2138,150.8256,138.3697,56.6599,280.3556,103.7317,332.6662,101.4979,32.1424,142.5026,165.94,449.2432,233.3258,31.8682,25.8133,50.0544
2023-07-10,186.9852,212.9768,168.0298,213.31,241.5375,48.7626,144.2914,87.0249,302.4346,297.0477,124.5523,32.086,151.0718,139.1462,56.2332,282.6494,104.6453,327.3491,102.7804,32.2781,142.5601,163.4459,450.6739,235.0132,31.1936,26.4253,50.5077
2023-07-11,186.4597,212.1523,170.897,218.76,245.4594,49.4457,146.9588,88.398,306.649,300.2836,125.9956,32.6348,150.2383,141.3223,56.4323,282.8893,103.4462,327.9804,104.3448,32.5857,141.8131,166.6264,450.5182,237.3716,31.0604,27.1172,50.4327
2023-07-12,188.1352,213.8771,170.5936,217.11,246.1875,48.1365,148.3715,89.0499,311.9242,303.979,124.4961,33.3012,149.7174,142.0221,56.7357,283.7244,102.2757,332.6466,104.7043,32.5586,142.5506,165.4276,439.6272,239.0096,30.945,26.8955,50.5598
2023-07-13,188.8985,215.7536,170.5056,216.85,248.3815,48.886,146.3918,89.366,314.1031,301.1835,125.5082,33.1934,150.4088,142.7123,57.2192,283.3501,101.1813,338.0328,104.782,32.6219,142.6463,162.6241,435.7828,240.0951,30.7497,26.381,50.2631
2023-07-14,189.0473,215.5356,169.6738,213.12,248.1485,47.795,142.7393,87.5386,311.7235,303.0024,125.0209,32.4878,151.4127,143.5751,57.7407,283.0814,102.152,340.578,104.8889,32.8571,143.6997,160.4296,467.3363,239.9471,30.1905,25.902,50.4359
2023-07-17,192.3188,215.9241,171.6309,211.87,249.9347,48.2029,142.6091,84.5159,312.6887,302.5716,125.8081,33.6834,150.6551,147.0358,57.6554,282.8318,100.4675,341.0614,105.6274,32.441,142.6846,162.9818,471.1418,240.7661,27.9268,25.831,50.4979
2023-07-18,192.0611,220.4068,174.2241,211.57,256.0991,48.6109,142.8973,84.9012,322.3121,303.2514,126.8578,33.8108,150.6456,147.3042,57.4278,282.0064,100.8292,354.6355,106.6087,32.7847,142.9528,165.331,486.6363,237.5887,28.6459,26.2391,50.4066
2023-07-19,193.4193,219.914,173.3238,208.6,256.3333,49.7398,143.7709,85.9779,325.4467,305.8554,126.9702,33.7716,150.3425,147.8698,58.4423,282.3039,100.8292,350.2851,106.7642,32.9656,143.9296,164.8863,490.2374,238.2301,30.1549,26.5495,50.4229
2023-07-20,191.4662,221.0323,173.314,213.61,254.7138,49.6829,145.3602,85.158,335.2993,305.482,129.6881,32.7034,159.4726,149.6912,59.1534,285.1833,103.2178,342.186,104.4808,33.2642,145.0966,167.8542,490.763,236.4539,29.862,26.8245,51.3555
2023-07-21,190.2865,222.5391,166.5717,211.8,251.3578,49.9295,147.4886,86.1162,336.3506,306.8031,130.2129,33.3404,161.1868,148.5409,59.2008,283.7244,105.0546,339.1278,105.9674,33.8341,147.3807,167.0711,492.9917,236.0888,30.0751,27.0197,51.6458
2023-07-24,191.0895,223.1077,164.1938,215.87,253.0358,50.3849,150.3976,85.5432,343.0115,311.2452,130.7752,32.9582,162.0297,151.4647,59.2198,283.4365,103.5319,340.4497,105.6856,33.9336,147.8529,169.0239,495.0843,237.5591,30.1638,27.1793,51.9491
2023-07-25,191.952,223.0035,162.9315,214.12,255.6601,50.8498,151.0854,84.5851,338.9691,311.2644,131.5156,33.4188,163.2704,150.3335,59.0207,280.6051,102.3328,346.2404,105.229,33.5265,148.1998,166.3944,497.2741,235.5361,30.3946,27.2237,51.9067
2023-07-26,192.8244,222.9087,164.1547,232.8,252.0114,50.4893,149.9515,84.8123,341.7022,315.5342,132.2091,33.6736,163.583,151.2346,59.7792,280.0197,101.9616,333.2088,106.2006,33.6622,148.354,168.3665,494.4225,233.9672,30.4834,27.3656,52.0926
2023-07-27,191.5555,223.7048,160.0936,233.75,251.9919,50.2806,148.3901,84.3184,338.7875,315.649,133.9898,33.8598,164.5016,149.5666,59.2008,283.3213,100.182,326.254,104.6169,33.1134,146.5904,169.0529,491.7265,231.3423,29.7821,27.1705,51.9034
2023-07-28,194.143,224.008,161.8844,238.69,254.0699,49.4172,147.6559,85.079,337.5643,317.2383,134.4396,36.0943,165.2498,150.4198,59.2388,282.2079,101.2003,333.8008,105.5399,32.9945,150.7344,167.4964,489.4685,232.635,30.2082,26.4342,52.148
2023-07-31,194.7576,221.9041,165.2605,238.85,258.6942,49.3698,152.1077,87.8053,340.0872,319.603,135.1238,35.0555,158.6675,151.4264,58.7173,281.4113,101.4953,331.3839,107.2597,32.9853,150.6284,166.8681,492.8361,234.5888,30.2526,26.585,52.1317
2023-08-01,193.9249,219.9803,166.0139,238.01,281.6007,49.958,150.8437,87.9436,341.8552,317.9085,134.3271,35.0849,159.9556,150.6786,58.5656,279.367,100.1915,331.7981,106.2978,32.5737,150.5802,166.578,491.2496,236.6118,29.6756,26.2302,51.8871
2023-08-02,190.921,218.3597,163.1761,231.38,280.5471,49.8821,148.4551,85.2469,335.5287,314.4907,135.1144,33.703,160.9216,148.9722,58.7457,277.9752,100.5912,323.0775,104.4614,32.3359,150.9078,165.4083,491.308,234.4211,29.578,27.206,51.923
2023-08-03,189.5231,218.6346,162.8434,231.36,274.5766,50.4229,148.3994,84.4468,337.4974,315.7831,135.3768,34.1734,161.613,149.8829,58.4423,279.3189,100.6198,322.2489,105.5593,32.0157,151.303,163.7648,491.3664,235.6052,29.3471,26.8866,51.936
2023-08-04,180.4222,230.5567,161.8648,231.36,269.6889,49.9295,148.0648,85.2469,337.5547,312.509,135.18,34.562,160.0977,149.5666,57.5606,275.4798,99.9251,323.3537,105.7245,32.034,149.6454,163.0398,489.2934,235.8322,28.9566,26.4874,51.636
2023-08-07,177.3092,239.7114,163.3816,238.25,274.7716,50.29,148.6039,85.7704,339.791,315.1321,136.9981,34.6505,163.9429,150.276,58.0157,279.6837,100.9624,325.6523,107.3472,32.6377,151.2259,164.4609,497.0892,238.3189,28.8767,26.5052,52.3371
2023-08-08,178.2511,247.1604,162.3149,238.04,275.9814,50.3375,148.3808,87.0546,332.8147,313.8301,136.7451,34.4439,164.0186,149.4324,57.7597,277.9369,101.2669,321.6471,106.5796,32.6011,151.3897,162.2954,492.3397,236.1282,28.9122,26.1947,52.3893
2023-08-09,176.655,245.7578,160.3089,237.86,277.5813,50.2711,148.576,86.4224,327.4918,314.213,135.0767,33.7161,163.9145,147.4288,57.8924,276.6412,100.9719,317.8787,106.5796,32.7841,151.1969,161.725,488.6899,236.592,29.0365,25.9552,52.4741
2023-08-10,176.4368,248.3545,160.0349,238.26,276.8887,50.6316,149.4775,90.6403,325.3033,315.3523,135.7971,34.1095,163.0621,147.2084,57.7597,276.0365,100.4675,318.5692,105.9383,32.6743,150.4453,161.3867,490.0233,237.4324,29.3116,25.9286,52.4479
2023-08-11,176.4964,248.781,161.7278,235.72,278.2545,51.03,152.5632,87.9337,325.6187,316.9894,135.6739,34.3161,164.6532,148.0616,57.9967,277.0154,102.2471,316.6751,105.0249,32.967,151.3222,161.3093,494.4322,237.3137,29.6135,26.035,52.7556
2023-08-14,178.1543,247.3215,162.5204,236.71,277.5911,51.1154,152.4516,87.7263,322.7612,315.8789,134.5269,35.0931,164.2649,148.3683,57.7218,277.1978,103.6461,319.6642,104.5877,32.9945,150.1369,160.739,497.2741,240.1413,29.791,25.7867,52.3628
2023-08-15,176.1589,252.0979,158.4398,232.26,270.5962,50.6126,147.9997,85.9976,317.4765,317.9755,134.4889,34.198,163.7914,144.5913,57.333,276.7083,103.4082,317.5137,103.5286,32.3725,149.1731,158.0418,493.1475,237.1061,29.5247,25.3697,52.0945
2023-08-16,175.2853,251.1597,157.3145,229.95,267.8061,50.2426,147.4328,85.2963,314.514,318.8275,133.3229,32.9784,163.2704,143.9778,57.3425,273.9249,103.4748,316.7426,103.5092,32.4548,147.6505,159.8689,490.1012,236.5722,29.5336,25.0061,52.1207
2023-08-17,172.734,252.0768,157.1383,224.54,268.4499,51.9218,149.9007,84.8715,312.9945,313.3227,133.3419,32.0441,164.8047,142.4823,57.4658,270.5272,103.6556,313.2628,102.0712,33.397,146.5904,157.9741,480.7577,234.6741,29.3471,24.0924,50.9523
2023-08-18,173.2204,250.1374,156.7958,226.65,267.1134,52.2159,150.9797,84.911,310.5194,313.4089,134.0529,32.2113,163.3651,142.8082,57.7881,270.4121,103.9221,312.8673,101.8379,33.5342,147.0048,157.0654,485.118,235.465,29.4537,23.966,51.6854
2023-08-21,174.5606,249.0674,157.4319,227.22,266.089,52.5954,150.473,84.832,307.7767,310.24,134.8776,32.5949,158.4971,143.2971,57.2951,268.7805,104.3408,318.2057,99.9433,33.8543,146.2627,156.2243,484.3783,236.7403,29.2939,23.8757,51.5479
2023-08-22,175.9405,246.1248,155.6705,230.07,263.6013,52.6143,149.2344,84.7431,304.6518,310.6422,134.1287,32.349,157.2374,140.3253,56.9443,269.0396,102.0473,318.779,98.5829,33.6988,146.3206,154.6196,479.181,237.8377,29.4714,23.966,51.3843
2023-08-23,179.8022,245.8764,156.0228,228.58,266.3622,53.1076,149.4315,84.7826,308.0347,312.1835,135.9488,33.421,155.8262,141.2744,57.1434,270.5369,105.9206,323.2672,95.9498,33.5342,147.689,155.5766,476.3586,239.5481,29.4625,23.966,51.741
2023-08-24,175.0966,245.1694,154.4081,217.31,262.7233,52.4056,148.2022,81.4636,305.7698,308.8327,136.0815,32.0539,156.3566,141.1402,56.9917,270.9976,104.16,316.3175,94.8615,33.0768,147.0048,156.4563,475.0544,236.7502,29.6312,22.8643,51.345
2023-08-25,177.3104,244.9402,154.9268,223.41,265.9037,52.842,149.3095,82.3428,305.9514,309.0912,137.7879,32.703,158.5984,140.9676,57.2572,273.1379,104.8833,319.2932,96.0372,33.278,147.9685,156.263,476.0471,239.815,29.6046,22.8101,51.6494
2023-08-28,178.879,245.1026,155.7781,227.06,268.0792,53.3164,150.3323,83.133,311.5133,312.0112,138.423,33.067,156.7286,141.4565,57.4184,272.2741,103.6651,320.0049,96.8048,33.1225,148.1998,155.4799,478.1494,241.0607,29.7821,22.7288,51.9439
2023-08-29,182.7803,248.0547,156.8056,227.25,273.1912,53.6579,150.0977,83.3701,317.8015,315.3332,138.8306,33.7456,156.7477,142.6069,57.3615,272.1877,104.6739,324.6611,98.8841,33.0677,148.2865,155.9149,479.6579,242.5535,30.7941,23.063,52.3792
2023-08-30,186.2847,246.3732,156.7371,228.85,275.435,53.8951,150.3041,83.2515,316.6258,318.5512,139.2193,33.962,156.1944,142.0317,57.333,272.8115,104.8833,325.0368,99.2048,32.839,148.4504,155.9536,478.3927,243.4334,30.7497,23.1171,52.7556
2023-08-31,186.5031,244.9019,154.6038,224.03,274.2644,54.4073,151.1674,82.6589,315.7875,318.2332,139.1909,34.562,154.2388,140.2774,56.7262,271.2966,103.7127,324.0186,98.8259,32.3633,148.7395,155.8666,463.8422,242.8897,31.0515,22.8553,53.217
2023-09-01,188.0815,245.2554,156.1989,223.4,279.2594,54.8722,154.1701,80.6438,315.4888,320.9116,140.2431,36.0078,153.094,140.7472,56.2332,271.094,104.5311,324.9083,99.791,32.7292,148.9033,156.901,463.5113,245.2921,30.945,21.1576,52.8766
2023-09-05,188.3198,242.6759,156.5708,222.57,274.7522,54.322,156.1969,80.1992,311.9715,315.8053,140.4232,36.1061,153.2848,139.1942,55.7686,269.3763,102.3138,329.7425,97.8022,32.3633,146.9084,155.0546,467.9592,242.5535,30.4479,20.5255,52.4512
2023-09-06,181.5792,237.899,154.6136,217.95,275.9912,54.2271,156.3565,79.9918,309.4468,314.0903,140.3569,36.3717,150.7377,138.9641,55.7307,265.7867,101.3431,329.0801,97.6657,31.4394,146.6193,155.2672,464.1926,243.3642,30.3414,20.4442,52.8439
2023-09-07,176.2681,243.039,153.4198,216.05,274.557,53.8761,156.3659,79.5868,310.2467,316.4219,139.845,37.5519,152.6647,137.7754,55.3041,268.5754,102.723,326.1441,95.4722,31.3571,148.0167,156.2984,471.8522,244.3331,30.0129,19.9024,53.4985
2023-09-08,176.8836,247.8541,154.0558,211.27,275.3863,53.7622,156.9007,80.5845,313.6771,316.7013,139.9966,37.3847,153.1703,137.8808,55.3041,269.4342,103.7793,330.4543,95.2187,31.3297,147.3807,155.5396,469.7418,244.4814,29.6933,19.8573,53.5966
2023-09-11,178.055,250.0419,154.4473,211.01,275.1619,53.9235,153.6634,81.513,312.8388,316.3737,140.6602,37.9552,155.1737,138.4847,55.8255,269.9554,103.3511,334.0824,94.3608,31.0461,149.1346,156.7459,468.3838,244.4122,30.1283,19.3516,53.7832
2023-09-12,175.0173,248.6948,155.1029,210.65,274.9278,53.4966,156.5254,82.6589,318.8614,314.3601,138.6884,38.2208,156.0513,140.287,55.2756,270.872,103.7508,327.9828,93.8831,31.2382,146.5133,158.3413,468.8918,244.4913,30.2171,19.6134,53.8421
2023-09-13,172.9424,245.7522,155.7292,208.4,269.1816,53.3923,155.953,82.4613,322.793,313.9747,138.9254,38.0732,156.4425,140.3541,55.4083,271.8949,102.5993,332.2238,93.7174,31.1742,147.5348,158.6915,468.8332,245.0152,30.0573,19.776,53.8552
2023-09-14,174.4613,250.596,158.3126,209.05,275.6595,53.4776,156.9194,83.4491,332.0341,317.5877,139.6838,38.0339,156.204,143.0766,55.8671,274.7801,103.7107,334.8337,94.7508,31.2382,149.1539,161.4445,472.5069,238.7572,30.2171,20.2997,54.081
2023-09-15,173.7366,249.0865,160.2404,208.11,272.3327,53.1646,156.2345,84.5357,330.078,309.6584,138.3946,37.2569,154.0193,142.6548,55.3701,268.4789,103.0208,326.4505,93.8441,31.165,147.9011,160.316,475.5359,238.3321,29.9952,20.2456,53.8814
2023-09-18,176.6751,251.4081,156.2087,205.12,274.079,53.231,156.9101,83.9825,330.8296,305.6696,137.5414,37.3651,154.9924,142.952,55.7141,267.9868,103.3083,325.3037,93.1129,30.7717,148.46,162.3103,474.9105,241.8813,29.7644,20.0379,53.4821
2023-09-19,177.7671,252.5163,155.9347,204.48,272.84,52.9748,156.8913,80.9401,329.4516,303.1164,138.897,35.7422,154.7348,142.7699,55.5995,268.3824,102.8675,324.8984,92.2453,31.0918,148.0264,162.641,469.6343,240.7937,29.649,19.8934,53.469
2023-09-20,174.2132,259.3473,153.8601,202.37,271.8059,52.6523,156.4128,81.5525,324.4504,299.5034,142.0348,34.1194,155.4122,142.1659,55.8479,267.485,102.8196,317.1083,91.6798,30.7534,147.9011,164.3434,480.8413,239.1131,29.8265,19.7218,53.6425
2023-09-21,172.6645,257.3888,151.3941,199.95,265.3866,50.6031,155.0052,81.7205,318.2254,295.5532,139.7122,34.08,154.2197,141.0539,54.9879,261.7146,102.2639,315.8825,89.2913,30.049,146.6193,164.0224,489.6446,233.9227,29.5513,19.3696,52.9912
2023-09-22,173.5182,255.7551,149.7991,197.71,266.3914,50.8213,156.028,80.2585,315.961,294.5609,139.2667,33.6177,153.1131,139.7022,55.0452,262.6795,101.8902,313.3913,88.5699,29.9027,146.0797,163.2733,494.4908,232.4101,29.5424,19.0716,53.1319
2023-09-25,174.7988,254.9525,149.9459,198.78,267.5719,50.7359,158.3082,80.0214,316.8764,295.2931,138.8591,33.7259,152.8841,140.3924,54.4718,260.3251,101.4111,313.9153,88.3261,30.168,145.193,163.2733,498.575,230.7096,29.4359,19.2703,53.3675
2023-09-26,170.7088,257.0352,147.8811,195.64,262.9379,50.0054,157.4543,79.0732,312.039,291.4874,135.7876,33.2735,151.7012,138.9353,54.0227,258.3372,100.98,308.5769,87.9069,29.6374,143.9016,163.3901,493.8557,227.0417,29.285,19.0807,53.181
2023-09-27,169.1899,256.9779,146.6872,195.46,266.05,50.4703,160.4946,78.925,310.237,290.7937,135.7213,34.0407,149.8791,139.7502,53.4684,254.4003,99.5906,309.2195,87.1758,29.363,141.9935,163.3511,492.1752,226.8935,28.7613,18.9813,52.9257
2023-09-28,169.4481,258.7359,147.0102,190.43,269.4938,51.1154,160.0723,79.1522,313.3688,292.4027,134.214,34.6013,149.6597,141.4853,53.3346,256.282,99.9356,310.0598,87.3805,29.3538,141.0298,163.0593,498.3991,229.0289,28.8944,18.873,53.1941
2023-09-29,169.9643,256.7678,145.9924,191.68,266.3329,51.0016,158.2238,80.061,311.7981,291.1212,133.0006,34.9652,148.5817,139.0216,53.497,254.2073,98.6421,312.1456,93.2202,30.3418,140.5672,158.8666,492.6246,227.3976,28.7701,20.083,52.3399
2023-10-02,172.4858,254.4271,146.2762,187.83,265.0842,51.5992,156.272,80.6734,306.9126,288.8764,133.4746,34.8767,148.0093,137.8233,53.0192,248.7167,98.2588,318.1266,92.1868,31.0461,139.9215,157.8549,502.7665,228.6433,28.1931,20.2456,52.3956
2023-10-03,171.1456,249.3636,141.9412,188.92,262.4013,51.2648,156.638,78.5694,294.983,281.2746,133.0859,35.1029,148.1906,136.8071,52.4458,245.571,97.5114,309.8126,92.7035,31.0095,140.2106,156.5416,497.7835,226.2113,28.3884,20.3629,52.065
2023-10-04,172.3965,253.5959,143.4873,186.73,258.5575,51.0737,152.9878,78.3521,297.3728,281.7082,133.7305,35.339,148.3623,137.4207,52.5987,246.8447,97.8947,315.319,93.4834,30.4698,140.6732,158.0786,498.9071,228.5939,27.9979,20.1282,52.6901
2023-10-05,173.6374,253.2519,144.5289,186.29,254.4309,50.7106,153.7948,79.8239,299.2036,281.0434,134.1571,35.2996,149.9077,138.0001,50.0567,243.3902,99.2649,315.7144,93.3859,30.6162,138.582,159.4211,504.3884,230.8282,28.2464,20.0288,52.0618
2023-10-06,176.1986,255.5353,146.72,187.38,259.5429,51.0737,152.2277,81.9279,301.1116,282.1225,134.6406,35.5947,150.3847,140.1247,50.783,239.5207,99.5331,323.5243,94.6728,30.3052,138.8614,158.5164,512.7716,232.3705,27.9699,19.6947,51.1879
2023-10-09,177.6877,259.4237,146.2288,188.49,264.6744,51.5228,156.4409,83.6664,301.2368,284.5697,134.8018,35.4668,151.2433,139.806,50.5345,241.1611,100.1272,326.0551,94.4485,30.3692,138.1579,158.8179,514.4327,231.7773,28.5139,20.1101,51.0014
2023-10-10,177.092,259.1467,148.302,193.53,266.5378,51.475,156.272,83.9529,303.3182,288.2887,134.7165,35.8307,151.0716,140.6558,51.6335,242.705,99.2745,324.6414,95.17,30.3418,139.5264,157.8159,512.2147,233.9128,28.7949,20.2094,51.5774
2023-10-11,178.4918,270.9456,148.8719,196.07,266.1671,51.2743,151.1674,83.8146,301.6319,287.1614,135.7782,36.2733,148.9919,141.1387,51.3277,242.1261,99.1307,328.6254,96.1741,30.2869,137.811,157.9911,512.1072,233.0033,28.5229,20.4081,51.7836
2023-10-12,179.3952,272.3213,148.6459,191.3,263.0257,51.4559,151.2894,83.3207,298.5772,282.3152,133.8917,36.234,149.135,140.8103,50.4677,237.5619,99.2553,327.3798,96.7591,30.1131,138.1194,156.3568,513.4848,234.0908,28.0243,21.8439,52.0192
2023-10-13,177.5487,271.4233,148.469,184.91,261.3965,51.3795,153.9449,83.3207,298.0472,281.2554,131.2563,35.3783,149.6311,142.9252,50.5441,239.6075,99.6577,323.989,97.4025,29.3721,139.4397,159.7421,527.027,234.9706,27.8067,20.9951,52.3072
2023-10-16,177.4197,274.0792,150.1296,184.93,264.1769,51.7521,155.2023,84.6641,302.9521,286.4677,131.9673,35.9586,150.2798,142.7803,51.0602,241.1804,99.7823,328.8429,99.479,30.4332,140.7696,163.0885,525.6884,237.3434,28.3325,20.5706,52.7588
2023-10-17,175.8611,271.729,151.7018,185.6,265.9915,51.5419,157.2573,85.1481,298.1051,285.1285,133.0196,35.4668,148.9061,142.4713,51.6718,242.3383,99.811,328.2695,100.4247,29.9576,140.9527,164.752,524.3401,238.4606,28.5683,20.6339,52.8276
2023-10-18,174.5606,270.9265,148.8916,185.69,252.8895,51.3795,158.5052,83.6467,290.9743,279.6367,132.6878,35.0537,145.7007,140.9069,51.6526,247.057,97.7222,326.3417,101.1656,28.7318,144.5859,163.536,523.7635,234.7729,28.1512,19.189,52.8668
2023-10-19,174.1834,268.0795,147.0148,182.79,246.714,50.9495,158.6742,82.2341,288.3051,276.2935,130.8298,35.0832,145.3096,140.3081,51.9393,249.3246,96.2275,327.5379,100.4637,28.5306,143.7722,159.4794,519.4351,231.1545,28.6317,18.9272,52.6148
2023-10-20,171.6221,266.3693,139.105,180.04,244.3704,50.5768,156.5441,81.6414,289.1338,275.9466,130.024,34.3456,145.9583,138.0484,52.1496,249.0641,98.3738,322.941,100.0932,28.0366,143.5782,157.1934,514.9407,230.7294,28.6227,19.1981,51.957
2023-10-23,171.7413,260.8759,142.0724,181.03,242.5268,49.8793,150.7733,82.0859,288.3339,274.6556,129.2846,33.2932,144.4224,136.1653,51.6813,245.8218,99.0253,325.5608,100.2297,28.2104,143.6752,154.8587,509.606,228.9004,28.4595,19.8302,52.6934
2023-10-24,172.1781,263.7994,141.9053,182.36,244.7136,50.6532,146.9918,81.5525,288.2955,272.9599,130.6212,34.021,144.2697,136.3294,53.1721,248.2535,98.7187,326.757,102.5402,27.8354,145.3724,153.6232,512.9572,231.9849,31.0978,19.2974,53.4265
2023-10-25,169.8551,260.0161,141.021,177.73,240.1929,50.0704,146.2599,79.6066,285.9635,270.6668,129.9482,32.2899,144.5941,135.5858,53.6308,248.9869,99.2936,336.7812,100.9414,28.1098,146.0513,160.2479,518.0477,234.16,30.5447,19.5683,53.2661
2023-10-26,165.6757,257.6753,140.8441,179.09,237.7316,49.0862,145.2089,78.8065,286.1851,267.8439,136.2806,31.9851,142.1423,135.9335,53.3059,246.864,101.1333,324.1471,97.5097,28.5031,145.2754,159.9853,516.2402,228.6532,31.2519,19.5954,52.9421
2023-10-27,166.996,249.8986,138.8495,179.69,233.9366,49.2677,135.4501,78.3619,279.3627,266.3601,135.1051,34.9554,138.8988,131.0373,52.7899,246.7964,98.5175,326.0452,95.5209,27.5427,142.7152,156.3081,512.6251,226.6661,30.3181,19.0897,52.7457
2023-10-30,169.051,251.4463,140.7754,182.35,237.4668,49.2773,137.0828,79.6955,289.8854,271.1967,135.2094,35.1029,140.263,132.708,53.6595,251.0326,98.3834,333.4595,99.2451,27.9451,144.7517,161.0067,517.8328,230.4328,31.3879,19.0536,53.3512
2023-10-31,169.5275,244.2905,143.4873,186.82,221.669,49.8124,136.745,80.5944,292.5643,274.2895,137.1148,35.8996,141.5128,134.2918,53.9844,252.9818,98.4025,334.2504,100.1907,27.9543,145.4985,162.8842,523.2751,232.4298,31.8503,19.0355,53.4788
2023-11-01,172.7042,249.2011,143.9,189.38,227.337,49.8697,135.1029,80.0807,295.9851,276.1586,137.8353,36.6766,141.8466,134.1759,53.9366,252.7888,98.5463,342.1196,98.3482,27.9086,145.0911,164.6741,519.4059,235.8703,32.0951,18.6292,53.9566
2023-11-02,176.278,254.6946,148.2234,192.01,234.4857,50.4048,139.5882,82.2736,302.345,283.77,139.3615,37.0798,143.3253,136.5709,54.5578,257.4978,98.5463,344.3439,102.4427,27.8994,146.8659,164.3531,523.832,240.4873,32.5484,19.4148,54.1694
2023-11-03,175.3647,257.8187,150.1001,195.05,236.0841,50.6532,138.5091,84.0319,315.7007,284.8105,140.2052,37.5126,144.3747,138.0967,54.2233,258.482,99.0541,348.7727,104.3731,28.5946,145.5373,163.8278,518.722,240.8333,32.6572,19.9656,53.8879
2023-11-06,177.9259,260.6561,150.3261,192.95,233.662,50.9208,137.9367,82.9947,312.1257,283.8085,141.2195,37.4485,144.7181,139.1396,54.4431,259.4856,99.9739,352.4601,104.5583,28.5214,146.381,164.9368,521.2232,240.7246,32.3127,19.6586,53.9599
2023-11-07,180.4971,259.0129,150.3163,191.41,230.3671,50.7679,135.5064,83.5578,312.1642,284.0012,141.0868,38.2576,143.9549,139.072,54.6438,259.254,99.6481,356.4145,106.6153,28.5855,146.0415,165.3648,525.493,241.99,32.5847,19.5502,54.2119
2023-11-08,181.5593,261.067,150.3458,191.83,230.2691,50.6437,133.6204,83.4689,312.752,285.1092,140.3284,37.4189,143.4302,139.7577,54.5578,258.1153,100.0314,359.054,106.6446,28.1921,145.479,163.9737,524.4182,241.6532,32.4306,18.9633,53.7701
2023-11-09,181.0828,252.2775,149.7169,193.33,229.612,49.6881,133.1887,89.2376,309.1096,277.3533,140.5681,37.3004,140.6351,139.3424,54.1469,257.5557,98.0959,356.5727,104.3146,27.5154,145.8088,164.0029,526.6362,239.4042,32.2946,18.4666,53.6457
2023-11-10,185.2875,255.3824,151.6919,196.65,235.0349,50.2519,134.1365,87.1928,313.6675,280.9374,142.8691,38.3464,140.4729,141.409,54.2042,258.4048,97.1473,365.4502,103.4469,27.33,146.8368,165.3356,528.7955,242.9808,32.3762,18.7466,54.3886
2023-11-13,183.6971,254.7901,151.6526,204.54,236.9863,49.9079,135.1217,88.3486,315.0166,277.546,141.987,37.7248,140.8354,140.7813,54.4049,259.7654,98.1822,362.4943,101.5848,26.8664,147.8551,166.3473,530.1243,242.4061,32.4759,18.6449,54.8763
2023-11-14,186.3214,257.9716,154.1779,207.47,243.0564,50.8061,136.107,89.9587,326.3969,292.5375,144.2017,38.8892,140.864,143.3501,54.5674,261.9751,97.8947,366.0433,103.0959,27.126,147.5253,164.1099,528.0626,244.6551,32.5303,19.4953,54.8664
2023-11-15,186.8879,260.8472,156.654,208.71,246.2237,50.9112,136.5855,92.7838,325.3177,296.931,146.2821,40.0733,141.9516,144.6056,54.6725,260.9137,97.109,366.1919,105.114,27.9882,146.8465,164.9271,526.0596,245.8143,32.6391,19.9205,55.5635
2023-11-16,188.5778,259.0177,156.2806,206.6,243.3996,45.9042,134.4237,93.3567,324.4215,295.2449,146.7423,42.7771,143.1918,146.2569,54.6152,266.4429,97.7222,372.6308,104.9092,27.5988,148.2139,167.0186,527.4374,246.27,32.8023,19.181,51.0669
2023-11-17,188.5579,255.5417,159.7295,208.04,248.1654,45.6367,136.9743,93.0011,326.8498,296.0446,146.5793,43.231,142.896,147.58,54.7203,266.0858,97.4923,366.3702,103.3007,27.7379,146.5071,167.145,523.9883,247.2509,32.8476,19.6155,50.841
2023-11-20,190.3074,255.5032,160.9971,217.71,245.5961,46.124,136.8984,93.8704,327.1004,296.931,147.9791,44.1487,144.1557,148.0338,54.8541,269.2509,98.3834,373.8888,103.6516,27.7935,145.7312,167.4174,522.8256,247.6571,33.3009,19.4398,50.8247
2023-11-21,189.5023,253.0671,159.4642,218.27,244.5763,45.6749,136.576,93.2974,322.7834,294.1851,147.5572,43.0633,145.3193,147.7248,55.4561,270.6404,97.933,369.56,103.8758,28.0901,145.0911,170.2969,527.2126,249.8962,33.7724,19.3936,51.0079
2023-11-22,190.1683,254.7714,160.9381,219.91,241.2422,45.9424,136.851,93.9099,326.3198,297.9041,148.7269,43.0929,145.0308,148.0724,55.8288,272.0493,97.4252,374.295,105.2115,28.1087,146.4586,171.2891,531.2869,251.3724,33.8631,19.1256,50.6185
2023-11-24,188.8362,255.6091,161.5571,220.0,242.566,46.21,137.3914,94.8878,326.8113,299.3493,148.7748,43.379,146.6463,148.2753,55.9722,272.6379,97.6073,373.8788,104.9385,28.2756,146.8077,172.7094,534.5503,251.947,33.9175,19.2735,51.0734
2023-11-27,188.6573,254.4633,161.1837,219.3,242.5954,45.7991,136.8795,94.0087,325.4236,299.5613,149.1487,43.4974,145.4731,147.9373,55.8671,271.9624,97.1857,375.0478,105.2505,27.9418,146.6719,173.7503,531.1208,251.7885,33.8631,18.5894,51.3058
2023-11-28,189.2637,255.6669,162.7755,222.37,242.7033,45.7226,137.9698,91.3712,325.3658,301.8928,149.2254,43.6455,145.8097,148.2753,55.9817,272.2036,95.988,379.0993,106.0206,27.5246,147.6902,172.0285,528.131,250.5996,33.9718,18.4692,51.9178
2023-11-29,188.2398,256.7068,164.5147,224.43,244.6155,45.9138,136.4528,91.3712,330.5733,301.6697,149.954,44.3461,146.2713,149.0285,55.6472,270.5536,96.8982,375.2856,107.6,27.8862,146.5652,172.6121,522.7083,251.8777,34.2348,18.4692,51.0799
2023-11-30,188.8163,259.634,167.7966,231.63,245.8609,46.2291,136.1588,91.5589,331.8168,304.0655,152.0153,44.1093,148.7234,150.7282,56.2926,273.592,98.1917,375.345,107.5025,28.2477,148.883,175.7056,540.2857,254.305,34.7516,18.4323,50.9523
2023-12-01,190.0987,262.3397,170.7345,233.87,251.7839,46.3151,137.3062,91.4503,338.5107,310.0112,153.9232,43.1619,152.3006,151.4621,56.4853,277.5914,99.1307,370.9864,111.0044,26.8015,148.049,177.0286,536.4327,254.0771,34.9782,19.218,50.5105
2023-12-04,188.2995,262.4264,170.2334,234.87,249.8128,45.9138,137.363,90.8872,339.4434,314.2789,154.4505,41.7903,152.7814,152.5727,56.4179,277.7564,100.6638,365.6669,112.6379,27.1445,147.4671,178.2057,537.5308,252.0857,34.4886,19.218,50.4974
2023-12-05,192.2657,260.8183,167.7081,234.16,250.2443,45.7991,135.4572,89.6821,332.0208,313.7745,154.7285,41.366,152.4641,152.5534,56.5045,278.1544,101.7848,369.0151,112.8923,26.9684,142.3272,178.6629,539.472,252.2542,34.8332,18.9592,50.9654
2023-12-06,191.1722,259.3547,164.5933,236.89,251.0092,45.5793,135.1443,90.3834,332.2346,316.306,153.6643,40.7246,150.6082,150.9503,56.4468,278.4651,101.2099,365.3301,113.577,26.6903,142.2206,178.1473,538.7563,251.9371,34.9057,19.7634,50.4123
2023-12-07,193.1106,261.242,165.684,237.33,252.4212,46.1144,135.04,91.2231,334.8092,316.3643,153.6068,41.593,149.435,151.4138,56.5816,278.3971,99.5331,367.4599,112.3054,26.5419,142.0751,177.9321,537.5211,253.453,35.0417,21.1777,50.0806
2023-12-08,194.542,259.1333,165.4973,244.7,254.4707,46.2291,136.832,91.9861,340.8423,316.6552,155.275,42.1357,148.4926,153.0845,56.4564,277.174,99.4086,370.709,113.3814,26.681,140.7659,177.2963,538.9916,253.3737,34.679,21.4088,49.555
2023-12-11,192.0271,262.0412,165.458,248.08,255.8633,47.1942,136.87,91.3717,341.7459,321.3691,156.761,43.9514,149.1081,153.6446,56.8706,280.688,100.0027,367.8066,116.0225,26.5512,141.4156,178.3625,533.0209,254.1465,34.1532,21.2609,49.6798
2023-12-12,193.548,263.8225,168.0618,248.63,256.3633,47.1368,135.1158,90.2519,342.5717,323.183,157.9114,43.458,149.1177,155.0159,57.2366,282.8916,99.9931,370.8576,117.03,26.4956,141.532,179.6439,535.0209,257.1584,33.8177,21.1962,49.7192
2023-12-13,196.7786,271.1694,171.5206,250.91,262.7766,47.4808,137.1165,91.9961,352.4036,333.0763,156.8664,43.981,149.81,155.5374,57.7279,287.2696,102.628,370.8477,118.5266,24.7156,144.0923,181.1697,538.2465,259.9523,33.5367,22.7676,50.6028
2023-12-14,196.9277,266.0661,175.7457,256.24,279.6432,47.242,142.1608,93.0961,372.5531,341.2334,156.1857,44.5829,150.8486,158.367,56.8706,281.5326,102.184,362.4871,118.3799,24.2243,140.2907,178.7733,523.7661,256.3361,34.3345,23.2391,49.9853
2023-12-15,196.3909,265.2284,177.3669,264.27,280.2022,47.6528,141.6109,92.6204,369.6774,343.3576,155.5338,45.55,149.2042,159.5644,56.4468,278.863,101.4409,367.242,118.8983,24.6878,139.6118,178.8124,520.7072,255.6425,33.8812,23.2945,50.1725
2023-12-18,194.7209,265.2573,179.5778,260.41,280.1728,48.0064,141.9238,92.0258,365.6844,340.2635,156.0228,45.0862,149.4734,160.5302,56.8513,281.7365,102.3385,369.1439,118.4973,25.0864,141.7551,179.3993,516.2269,255.9793,34.1532,23.0912,50.905
2023-12-19,195.7647,268.1075,182.5157,263.51,287.2823,47.9491,143.7822,93.0862,371.5622,341.4856,154.8915,46.0433,150.4543,162.674,56.6683,282.2218,102.7728,369.7481,119.9646,26.1062,141.7551,182.1087,513.766,257.5844,34.0625,24.0618,51.089
2023-12-20,193.6672,264.9684,177.5045,260.25,284.0952,47.586,142.4642,90.4501,366.7725,338.1782,153.4438,45.1552,147.3868,160.8392,55.4931,280.5327,101.6822,367.133,118.781,25.6149,139.5633,179.8199,505.815,254.731,33.8177,23.4794,50.4912
2023-12-21,193.5181,268.9644,181.5724,262.02,284.4482,47.4904,142.9004,91.1933,369.7357,338.4788,154.1437,46.4578,148.8965,161.7566,55.8592,282.8625,102.6762,370.0255,119.8569,26.2453,139.9027,181.5121,509.6876,257.1385,33.9356,24.0895,50.8492
2023-12-22,192.4446,273.6151,182.3389,260.44,284.7326,47.8631,143.2228,90.2023,369.8134,338.1103,155.4475,47.3656,149.4927,161.66,56.177,283.1634,103.9405,371.0557,105.6831,26.3287,140.8919,181.737,510.1092,256.0388,33.99,24.2374,51.4569
2023-12-26,191.8979,273.3648,182.7221,262.79,289.9005,48.0446,144.5123,90.1329,370.7461,338.8086,156.4734,49.8326,150.1466,162.6161,56.4082,284.2895,103.873,371.1349,105.6635,26.338,141.532,182.9988,509.8347,256.7621,33.9809,24.5979,51.3781
2023-12-27,191.9973,275.8972,183.8029,262.1,292.3422,48.1975,144.0382,89.5681,373.5344,338.0521,156.713,50.0892,150.3485,163.5914,56.5527,285.93,104.2107,370.5505,104.7929,26.5234,141.6484,184.4954,512.5405,256.5342,33.8268,24.6256,51.8609
2023-12-28,192.4247,277.7556,184.53,260.35,291.1263,48.2357,142.0091,89.5879,375.4094,336.9172,156.9911,49.7241,150.5697,164.4606,56.5912,287.1822,104.9732,371.7491,106.446,26.6903,141.3283,185.1899,514.6092,257.9906,33.99,24.5887,51.7591
2023-12-29,191.381,277.3319,184.078,260.66,289.9397,48.274,141.4307,89.4789,374.7877,336.1315,156.7993,49.5859,150.7236,164.2675,56.7646,287.8327,105.2144,372.502,106.2015,26.6903,142.1139,186.3245,516.1484,257.9411,34.1804,24.1357,51.7854
