Date,ANZ.AX,ASX.AX,BHP.AX,CBA.AX,COH.AX,CSL.AX,FMG.AX,GMG.AX,NAB.AX,QBE.AX,RMD.AX,S32.AX,STO.AX,TLS.AX,WBC.AX,WES.AX,WOW.AX
2023-01-03,20.271953582763672,61.603424072265625,40.9431266784668,91.89934539794922,194.3431396484375,272.2149353027344,16.629810333251953,16.93605613708496,26.452585220336914,11.806629180908203,30.07673454284668,3.8090527057647705,6.333028316497803,3.5329225063323975,20.205883026123047,42.03213882446289,30.820964813232422
2023-01-04,20.818178176879883,62.25468063354492,41.584415435791016,93.80007934570312,197.33660888671875,274.3887939453125,17.094467163085938,17.386119842529297,26.704345703125,12.104503631591797,30.91631317138672,3.934731960296631,6.22568941116333,3.5508105754852295,20.8370418548584,42.92899703979492,30.914106369018555
2023-01-05,20.809368133544922,62.12626647949219,41.593441009521484,93.96377563476562,198.38914489746094,271.0168762207031,17.143381118774414,17.298063278198242,26.920135498046875,11.987159729003906,30.51133918762207,3.934731960296631,6.1720194816589355,3.5508105754852295,20.86370849609375,43.012210845947266,30.960683822631836
2023-01-06,20.853418350219727,61.11726760864258,42.912147521972656,93.83646392822266,198.9588623046875,268.86236572265625,17.771074295043945,17.170869827270508,26.758291244506836,11.978133201599121,30.066852569580078,4.108749866485596,6.279358863830566,3.5508105754852295,20.801481246948242,43.465267181396484,30.942052841186523
2023-01-09,20.8974666595459,60.851261138916016,43.35472869873047,93.96377563476562,200.4169921875,267.62567138671875,17.632492065429688,17.415468215942383,26.974082946777344,11.851762771606445,29.691513061523438,4.263431549072266,6.35986328125,3.5508105754852295,20.774812698364258,43.761138916015625,31.389135360717773
2023-01-10,20.8974666595459,60.79621887207031,43.17407989501953,93.96377563476562,200.89981079101562,266.30206298828125,17.746618270874023,17.454608917236328,26.911144256591797,11.526810646057129,30.195262908935547,4.302102088928223,6.306193828582764,3.5418663024902344,20.81037139892578,43.42828369140625,31.323936462402344
2023-01-11,21.1529598236084,60.72283935546875,43.81536865234375,94.1547622680664,199.88589477539062,268.6594543457031,18.178667068481445,17.95358657836914,27.028030395507812,11.617074012756348,30.610111236572266,4.350440979003906,6.315138816833496,3.5508105754852295,20.712587356567383,43.82585906982422,31.621994018554688
2023-01-12,21.36440086364746,62.364742279052734,44.60117721557617,95.65534210205078,201.24742126464844,271.88641357421875,18.68408203125,18.217756271362305,27.69339370727539,11.671232223510742,30.67925262451172,4.398779392242432,6.377753734588623,3.5865871906280518,20.890378952026367,44.21418762207031,31.882795333862305
2023-01-13,21.575841903686523,62.11708068847656,44.83601760864258,96.8558120727539,200.65838623046875,273.40325927734375,18.586259841918945,18.237321853637695,28.142959594726562,11.761496543884277,30.610111236572266,4.447116851806641,6.529818534851074,3.5955309867858887,21.121503829956055,44.519309997558594,31.5195369720459
2023-01-16,21.928245544433594,62.841732025146484,44.88117218017578,97.62884521484375,202.73448181152344,277.2099914550781,18.203123092651367,18.638463973999023,28.457656860351562,11.74344539642334,31.02496337890625,4.543793201446533,6.5655975341796875,3.5955309867858887,21.272624969482422,45.037078857421875,31.603364944458008
2023-01-17,21.94586753845215,63.492984771728516,44.38440704345703,97.710693359375,203.17868041992188,280.7267761230469,17.958566665649414,19.000473022460938,28.47564125061035,11.797603607177734,31.558345794677734,4.408446788787842,6.601377487182617,3.658139705657959,21.272624969482422,45.406917572021484,32.37644958496094
2023-01-18,21.840145111083984,63.34620666503906,44.3302116394043,97.90167999267578,204.86854553222656,282.919921875,18.097148895263672,18.667818069458008,28.47564125061035,12.032292366027832,32.289268493652344,4.360108375549316,6.583487510681152,3.658139705657959,21.17483901977539,45.76750946044922,32.4137077331543
2023-01-19,21.91943359375,63.55718994140625,44.87214279174805,98.89295959472656,206.88671875,285.258056640625,18.40692138671875,18.775440216064453,28.51160430908203,12.131582260131836,32.97081756591797,4.408446788787842,6.4761481285095215,3.7118043899536133,21.290407180786133,45.60108184814453,32.534793853759766
2023-01-20,21.804906845092773,63.06186294555664,45.11601638793945,98.82022857666016,204.36642456054688,288.9004211425781,18.4232234954834,18.775440216064453,28.412702560424805,12.131582260131836,32.9609375,4.41811466217041,6.574542045593262,3.676028251647949,21.33485221862793,45.61957550048828,32.36713790893555
2023-01-23,21.954675674438477,63.46546936035156,44.61924362182617,98.77474975585938,201.5274658203125,288.2724914550781,18.243881225585938,18.618900299072266,28.33177947998047,12.176714897155762,32.9609375,4.4761199951171875,6.583487510681152,3.649195432662964,21.23706817626953,45.27747344970703,32.43233871459961
2023-01-24,21.69037437438965,63.33705139160156,44.89923858642578,98.26545715332031,196.4192657470703,287.7314453125,18.349857330322266,19.12766456604004,28.178926467895508,12.276007652282715,32.931304931640625,4.669473171234131,6.583487510681152,3.658139705657959,21.023719787597656,45.45314407348633,32.404396057128906
2023-01-25,21.672754287719727,62.896751403808594,44.4747314453125,98.97482299804688,198.93955993652344,286.0986022949219,18.32539939880371,18.990692138671875,28.3048038482666,12.393350601196289,32.55596160888672,4.601799964904785,6.4761481285095215,3.649195432662964,21.0414981842041,45.61957550048828,32.357826232910156
2023-01-27,22.007535934448242,63.24531173706055,44.74569320678711,99.90245056152344,199.43202209472656,284.7266845703125,18.33355140686035,19.48967170715332,28.583538055419922,12.51069450378418,33.23750686645508,4.55346155166626,6.4761481285095215,3.658139705657959,21.272624969482422,45.87845993041992,32.73971176147461
2023-01-30,22.05158805847168,63.54800796508789,44.465694427490234,99.82060241699219,201.59506225585938,283.0841979980469,18.088998794555664,19.704919815063477,28.619503021240234,12.339191436767578,30.9755802154541,4.514791011810303,6.4135332107543945,3.676028251647949,21.11261558532715,45.73977279663086,32.385765075683594
2023-01-31,22.104448318481445,63.26365661621094,44.60117721557617,100.09343719482422,205.14857482910156,287.99224853515625,18.129756927490234,19.538591384887695,28.583538055419922,12.40237808227539,31.706506729125977,4.389111042022705,6.35986328125,3.649195432662964,21.08594512939453,45.90620040893555,33.60593795776367
2023-02-01,22.271839141845703,62.92427444458008,44.75472640991211,100.17528533935547,205.1968536376953,291.3158264160156,18.203123092651367,19.773406982421875,28.52958869934082,12.51069450378418,31.83491325378418,4.4761199951171875,6.297248840332031,3.7118043899536133,20.979272842407227,45.90620040893555,33.633880615234375
2023-02-02,22.16611671447754,63.29118347167969,44.122467041015625,99.7933349609375,209.44561767578125,294.27227783203125,18.129756927490234,19.94951820373535,28.32278823852539,11.914947509765625,31.607730865478516,4.563128471374512,6.198854446411133,3.684972047805786,20.890378952026367,46.276031494140625,33.773597717285156
2023-02-03,22.685911178588867,64.86888122558594,43.2734375,101.08472442626953,214.33172607421875,303.18994140625,17.893352508544922,20.497421264648438,28.68244171142578,11.914947509765625,31.91393280029297,4.524457931518555,6.252523422241211,3.7118043899536133,21.263736724853516,46.85852813720703,34.006446838378906
2023-02-06,22.53614044189453,65.22660064697266,43.535369873046875,100.72095489501953,212.70948791503906,301.3638916015625,17.901504516601562,19.98865509033203,28.664461135864258,11.987159729003906,31.637361526489258,4.456784725189209,6.270414352416992,3.702859878540039,21.201509475708008,46.73833465576172,34.034393310546875
2023-02-07,22.60662078857422,64.73129272460938,43.3637580871582,100.31169891357422,209.4359893798828,297.6441955566406,17.974870681762695,19.52880859375,28.52958869934082,12.014239311218262,31.301532745361328,4.485787868499756,6.306193828582764,3.684972047805786,21.094833374023438,46.12809753417969,33.62456512451172
2023-02-08,22.72115135192871,64.55699920654297,43.44504928588867,100.32988739013672,208.9435272216797,295.83746337890625,18.32539939880371,19.548376083374023,28.826305389404297,12.104503631591797,31.4538516998291,4.582464218139648,6.288304328918457,3.676028251647949,21.245956420898438,45.943180084228516,33.52210998535156
2023-02-09,22.835681915283203,64.64873504638672,43.46311569213867,100.22985076904297,207.17640686035156,294.90997314453125,18.358009338378906,19.303775787353516,28.727399826049805,11.914947509765625,31.335161209106445,4.534125804901123,6.288304328918457,3.676028251647949,21.245956420898438,45.665802001953125,33.26130676269531
2023-02-10,22.650671005249023,64.26346588134766,43.35472869873047,99.99340057373047,204.40504455566406,294.639404296875,17.934112548828125,19.352699279785156,28.484630584716797,11.94202709197998,30.91973114013672,4.427781581878662,6.216744422912598,3.640251874923706,21.19261932373047,45.61032485961914,33.540733337402344
2023-02-13,22.641862869262695,63.7864990234375,43.23731231689453,99.40225982666016,202.55101013183594,294.687744140625,18.048236846923828,19.421186447143555,28.21489143371582,12.095477104187012,30.25702476501465,4.427781581878662,6.324084281921387,3.667083740234375,21.068166732788086,45.12954330444336,33.587303161621094
2023-02-14,22.685911178588867,63.52049255371094,43.101829528808594,99.35678100585938,201.8944091796875,297.3349914550781,18.08084487915039,19.46031951904297,28.42169189453125,11.996186256408691,30.39550018310547,4.485787868499756,6.35986328125,3.702859878540039,21.21040153503418,45.027828216552734,33.79222106933594
2023-02-15,21.831335067749023,64.22677612304688,43.300533294677734,93.67276000976562,217.5376434326172,294.59112548828125,17.934112548828125,19.382049560546875,27.252817153930664,11.978133201599121,30.68234634399414,4.466452598571777,6.315138816833496,3.702859878540039,20.29477882385254,45.62881851196289,33.51279067993164
2023-02-16,21.954675674438477,64.43775939941406,43.46311569213867,92.30860137939453,218.8315887451172,292.7361145019531,18.194971084594727,19.7929744720459,27.432641983032227,12.095477104187012,30.890058517456055,4.505123138427734,6.270414352416992,3.7744128704071045,20.23255157470703,47.45027160644531,33.987823486328125
2023-02-17,21.734424591064453,62.346397399902344,43.35472869873047,91.82659149169922,217.25759887695312,288.3014221191406,18.146060943603516,19.45053482055664,26.839216232299805,12.989099502563477,30.91973114013672,4.379444122314453,6.127294540405273,3.7654693126678467,20.25033187866211,47.23761749267578,34.174110412597656
2023-02-20,21.79609489440918,62.814205169677734,43.77021408081055,92.97248840332031,216.88101196289062,288.3014221191406,18.40692138671875,19.372264862060547,27.243824005126953,13.467500686645508,31.048316955566406,4.3311052322387695,6.055734634399414,3.7654693126678467,20.454790115356445,47.36932373046875,34.27656555175781
2023-02-21,21.69037437438965,63.13525390625,43.625694274902344,92.3267822265625,216.16644287109375,288.340087890625,18.993852615356445,19.186368942260742,27.063997268676758,13.539713859558105,30.97907829284668,4.427781581878662,6.091515064239502,3.72074818611145,20.303668975830078,46.82366180419922,34.202049255371094
2023-02-22,21.963485717773438,62.713314056396484,43.661827087402344,92.12247467041016,217.82733154296875,285.6928405761719,18.659626007080078,19.274425506591797,27.028030395507812,13.584845542907715,30.909841537475586,4.437449932098389,6.279358863830566,3.7118043899536133,20.330337524414062,46.30622482299805,34.88199234008789
2023-02-23,21.813716888427734,62.0345344543457,42.171504974365234,92.77253723144531,217.26727294921875,288.6202697753906,18.610715866088867,19.352699279785156,26.758291244506836,13.657057762145996,31.325267791748047,4.360108375549316,6.198854446411133,3.7296926975250244,20.14365577697754,45.61003112792969,34.40696334838867
2023-02-24,21.840145111083984,62.19963073730469,41.49408721923828,93.99835968017578,218.41635131835938,289.34490966796875,18.29279136657715,19.538591384887695,26.839216232299805,13.810508728027344,31.513202667236328,4.263431549072266,6.270414352416992,3.7386362552642822,20.152545928955078,45.8452262878418,34.49079132080078
2023-02-27,21.875383377075195,62.20881271362305,40.238609313964844,94.1562271118164,218.98606872558594,287.71209716796875,17.550622940063477,19.078744888305664,26.9650936126709,13.648031234741211,31.176902770996094,4.1474199295043945,6.366168975830078,3.72074818611145,20.205883026123047,45.66647720336914,34.434906005859375
2023-02-28,21.7168025970459,62.410606384277344,40.825706481933594,93.50617218017578,214.58282470703125,286.27252197265625,18.048215866088867,19.430967330932617,26.974082946777344,13.61192512512207,31.08788299560547,4.195758819580078,6.467806339263916,3.72074818611145,20.028095245361328,45.384239196777344,34.388336181640625
2023-03-01,21.470123291015625,61.9703254699707,41.74699020385742,91.9831771850586,215.73190307617188,282.93927001953125,18.655445098876953,19.0102596282959,26.4166202545166,13.756348609924316,31.176902770996094,4.321437835693359,6.5232439041137695,3.688791036605835,19.61917495727539,45.393646240234375,34.248626708984375
2023-03-02,20.888656616210938,61.11726760864258,43.39988708496094,90.1444320678711,215.2683868408203,281.9248046875,19.44821548461914,18.961336135864258,25.922094345092773,13.67510986328125,30.95929718017578,4.543793201446533,6.569443225860596,3.688791036605835,19.23692512512207,44.97028732299805,34.19203186035156
2023-03-03,21.012001037597656,61.337406158447266,43.643760681152344,90.77593231201172,215.60635375976562,283.1034851074219,19.195201873779297,18.746089935302734,26.209815979003906,13.584845542907715,31.414287567138672,4.601799964904785,6.652599811553955,3.7344446182250977,19.316930770874023,45.20549011230469,34.408973693847656
2023-03-06,21.32035255432129,61.88776779174805,43.70698547363281,91.56527709960938,218.31016540527344,284.533447265625,18.722915649414062,19.147232055664062,26.506532669067383,13.750627517700195,32.02754211425781,4.563128471374512,6.597161769866943,3.725313663482666,19.636953353881836,46.296817779541016,34.852291107177734
2023-03-07,21.584651947021484,62.410606384277344,43.291507720947266,91.84387969970703,222.867919921875,286.8522033691406,18.992794036865234,19.274425506591797,26.713333129882812,14.063770294189453,32.36383819580078,4.4761199951171875,6.772716999053955,3.74357533454895,19.885862350463867,47.02123260498047,35.229576110839844
2023-03-08,21.43488311767578,61.77769470214844,43.020538330078125,91.38883972167969,225.2723388671875,287.0454406738281,18.722915649414062,19.313560485839844,26.47955894470215,14.137450218200684,32.17591094970703,4.379444122314453,6.763477325439453,3.761836528778076,19.654733657836914,46.98360061645508,35.022071838378906
2023-03-09,21.575841903686523,62.63825988769531,43.321468353271484,91.67672729492188,223.33143615722656,282.208984375,18.647010803222656,19.186368942260742,26.87517738342285,14.091401100158691,31.800046920776367,4.402388095855713,6.837395191192627,3.780097484588623,19.894750595092773,47.32228469848633,35.05979537963867
2023-03-10,21.012001037597656,62.87159729003906,41.85231399536133,88.69574737548828,221.81539916992188,277.885986328125,18.140987396240234,18.86349868774414,26.074949264526367,13.833518981933594,31.592329025268555,4.254986763000488,6.652599811553955,3.761836528778076,19.370267868041992,46.98360061645508,35.088096618652344
2023-03-13,20.606735229492188,61.78889465332031,42.61479187011719,88.33356475830078,218.5805206298828,275.1465148925781,18.351831436157227,18.72652244567871,25.661346435546875,13.465115547180176,30.761472702026367,4.21567964553833,6.689558982849121,3.725313663482666,19.10358238220215,46.56964874267578,34.71080780029297
2023-03-14,20.298385620117188,62.05023956298828,41.87091064453125,88.48214721679688,216.18576049804688,271.16351318359375,18.090383529663086,18.746089935302734,25.26572608947754,12.9677734375,30.454851150512695,4.0879316329956055,6.569443225860596,3.6979222297668457,19.032466888427734,45.98635482788086,34.32407760620117
2023-03-15,20.51863670349121,62.11557388305664,42.36372756958008,88.59358978271484,219.01507568359375,275.99163818359375,18.326528549194336,18.648250579833984,25.454544067382812,13.271703720092773,30.93951416015625,4.127238750457764,6.624881267547607,3.7161834239959717,19.24581527709961,45.98635482788086,34.55988693237305
2023-03-16,20.016460418701172,61.66756057739258,40.34596252441406,88.50071716308594,222.3368377685547,281.0238037109375,17.74460220336914,18.804794311523438,25.013967514038086,12.976983070373535,31.30548858642578,3.930703639984131,6.3014912605285645,3.74357533454895,18.836898803710938,45.93931198120117,34.55988693237305
2023-03-17,20.09575080871582,62.65692901611328,40.34596252441406,89.56866455078125,221.08151245117188,279.06146240234375,18.065082550048828,18.569976806640625,25.42757225036621,13.244073867797852,31.08788299560547,4.0781049728393555,6.403128147125244,3.761836528778076,18.881343841552734,46.18391799926758,34.95604705810547
2023-03-20,19.81382942199707,62.14357376098633,39.946128845214844,89.22508239746094,217.57626342773438,276.7688293457031,17.542190551757812,18.041645050048828,25.04993438720703,12.617789268493652,30.632888793945312,3.95035719871521,6.227572917938232,3.780097484588623,18.774669647216797,45.393646240234375,34.380672454833984
2023-03-21,20.042892456054688,61.55554962158203,40.476139068603516,89.63367462158203,220.30848693847656,276.8562316894531,17.516889572143555,18.149269104003906,25.18480110168457,12.774360656738281,30.969188690185547,4.009317874908447,6.2552924156188965,3.761836528778076,19.041357040405273,46.052207946777344,34.44669723510742
2023-03-22,20.13099479675293,61.462215423583984,40.76439666748047,90.2094497680664,222.34063720703125,279.29461669921875,17.736167907714844,18.110132217407227,25.220767974853516,13.16118335723877,31.67146110534668,4.0879316329956055,6.458565711975098,3.807490110397339,19.05024528503418,46.56964874267578,35.2012825012207
2023-03-23,20.051700592041016,61.44355773925781,40.457542419433594,90.10729217529297,217.20677185058594,279.9552001953125,17.14580535888672,18.07099723815918,24.843130111694336,12.949352264404297,31.30548858642578,3.999490976333618,6.37540864944458,3.825751543045044,18.961349487304688,46.663726806640625,35.248443603515625
2023-03-24,19.840261459350586,61.042205810546875,40.578426361083984,89.00218963623047,219.6375732421875,280.2563781738281,17.13736915588379,18.051427841186523,24.438520431518555,12.912510871887207,31.196687698364258,4.0486249923706055,6.32921028137207,3.807490110397339,18.845787048339844,46.663726806640625,35.33333206176758
2023-03-27,19.769779205322266,61.20087814331055,40.4947395324707,88.2871322631836,223.7991180419922,280.6935119628906,17.13736915588379,18.433002471923828,24.64531898498535,13.032241821289062,31.71102523803711,4.0486249923706055,6.227572917938232,3.844012975692749,18.872453689575195,46.44734191894531,35.41822814941406
2023-03-28,19.945981979370117,60.304840087890625,41.28511047363281,89.20649719238281,223.9352569580078,276.8659362792969,17.339780807495117,18.50149154663086,24.870105743408203,13.16118335723877,31.86928367614746,4.117412090301514,6.42160701751709,3.825751543045044,19.139142990112305,46.64491271972656,35.42766189575195
2023-03-29,19.96360206604004,60.48218536376953,41.843013763427734,89.46652221679688,223.26434326171875,275.4573669433594,17.845806121826172,18.344947814941406,24.312641143798828,13.198023796081543,31.463747024536133,4.156719207763672,6.458565711975098,3.844012975692749,18.99690818786621,47.06827163696289,35.635162353515625
2023-03-30,20.14861297607422,60.687522888183594,42.84724807739258,90.77593231201172,224.65475463867188,277.3516845703125,18.225322723388672,18.25689125061035,24.87909698486328,13.382224082946777,31.829715728759766,4.245160102844238,6.449326038360596,3.8348820209503174,19.281373977661133,46.81425476074219,35.889835357666016
2023-03-31,20.201473236083984,60.687522888183594,43.916568756103516,91.30525970458984,230.13865661621094,280.0717468261719,18.967493057250977,18.384082794189453,24.924053192138672,13.437485694885254,32.03742980957031,4.2942938804626465,6.37540864944458,3.8531429767608643,19.25470542907715,47.275245666503906,35.748355865478516
2023-04-03,20.45696449279785,61.592891693115234,43.674808502197266,92.18746948242188,231.12069702148438,282.6072998046875,18.579540252685547,18.814577102661133,25.09488868713379,13.391435623168945,32.48253631591797,4.264813423156738,6.53248405456543,3.8531429767608643,19.459163665771484,48.15019607543945,36.01245880126953
2023-04-04,20.50101661682129,62.628929138183594,42.71706771850586,91.91817474365234,235.5447540283203,283.15130615234375,18.453035354614258,19.000473022460938,25.238750457763672,13.538795471191406,32.18579864501953,4.2844672203063965,6.652599811553955,3.880535125732422,19.37915802001953,48.45124816894531,36.238834381103516
2023-04-05,20.527446746826172,63.2542839050293,42.06617736816406,91.9924545288086,236.2156524658203,285.22052001953125,18.20845603942871,18.785226821899414,25.211776733398438,13.732207298278809,32.49242401123047,4.19602632522583,6.615641117095947,3.8896660804748535,19.361379623413086,48.338356018066406,36.314292907714844
2023-04-06,20.43053436279297,65.27969360351562,41.88950729370117,91.94602966308594,239.5798797607422,291.61273193359375,18.19158935546875,18.45256996154785,25.067914962768555,13.667737007141113,32.769378662109375,4.117412090301514,6.597161769866943,3.898796796798706,19.35249137878418,48.15019607543945,36.814205169677734
2023-04-11,20.756505966186523,65.22367858886719,42.7542610168457,92.64253234863281,240.9605712890625,293.1379089355469,18.714481353759766,18.72652244567871,25.400596618652344,13.805887222290039,32.88806915283203,4.19602632522583,6.671079635620117,3.917057991027832,19.690290451049805,48.808753967285156,37.1631965637207
2023-04-12,20.80055809020996,65.47570037841797,43.55392837524414,92.15034484863281,241.31060791015625,295.2168273925781,19.018095016479492,18.785226821899414,25.27471923828125,13.824308395385742,33.095787048339844,4.3041205406188965,6.671079635620117,3.898796796798706,19.663623809814453,49.01572799682617,37.26694869995117
2023-04-13,20.941518783569336,65.22367858886719,43.14479446411133,91.21239471435547,243.4594268798828,293.5556335449219,18.672311782836914,19.039608001708984,25.29269790649414,13.805887222290039,32.99687576293945,4.264813423156738,6.698799133300781,3.880535125732422,19.636953353881836,48.68645095825195,36.851932525634766
2023-04-14,21.126529693603516,65.72769927978516,43.19129180908203,92.03889465332031,241.2036590576172,292.79791259765625,18.916893005371094,18.76565933227539,25.589412689208984,13.805887222290039,33.05622482299805,4.363080978393555,6.754237174987793,3.898796796798706,19.779186248779297,48.592369079589844,37.219791412353516
2023-04-17,21.329160690307617,65.60637664794922,43.340065002441406,92.62394714355469,241.7287139892578,293.2447509765625,18.98436164855957,19.000473022460938,25.77823257446289,13.667737007141113,33.24414825439453,4.382734775543213,6.763477325439453,3.898796796798706,19.788076400756836,49.00632095336914,37.059444427490234
2023-04-18,21.32035255432129,63.97297286987305,43.312171936035156,92.30821228027344,240.60081481933594,291.6709899902344,19.043397903442383,18.775440216064453,25.859155654907227,13.640107154846191,32.99687576293945,4.353254318237305,6.634120941162109,3.8896660804748535,19.805856704711914,48.82756805419922,36.3614501953125
2023-04-19,21.267492294311523,63.93563461303711,43.95376205444336,92.28034210205078,241.09669494628906,291.1464538574219,19.077133178710938,18.472139358520508,25.72428321838379,13.713787078857422,32.59133529663086,4.422041416168213,6.5786824226379395,3.898796796798706,19.76140785217285,48.545326232910156,36.29542541503906
2023-04-20,21.54941177368164,64.30899047851562,42.82864761352539,93.71975708007812,241.37867736816406,291.31158447265625,18.908456802368164,18.76565933227539,26.16486167907715,13.897988319396973,32.868289947509766,4.382734775543213,6.550963401794434,3.9079275131225586,20.06365203857422,48.865203857421875,36.55952835083008
2023-04-21,21.43488311767578,64.5423355102539,41.86161422729492,92.67967224121094,242.5162811279297,293.1379089355469,18.12411880493164,18.687387466430664,25.868144989013672,13.861148834228516,33.19469451904297,4.372907638549805,6.615641117095947,3.917057991027832,19.81474494934082,48.949867248535156,36.49350357055664
2023-04-24,21.337970733642578,64.49565887451172,41.07123947143555,92.9675521850586,244.57760620117188,295.6540222167969,17.508455276489258,18.93198585510254,25.88612937927246,13.934828758239746,33.8771858215332,4.0486249923706055,6.5602030754089355,3.9261884689331055,19.779186248779297,49.2885627746582,36.78590393066406
2023-04-26,21.329160690307617,64.4489974975586,40.913169860839844,92.76324462890625,244.0817413330078,296.99462890625,17.424116134643555,19.0102596282959,25.931087493896484,14.036139488220215,33.82773208618164,4.0879316329956055,6.587922096252441,3.953580856323242,19.8325252532959,49.52376174926758,36.965118408203125
2023-04-27,21.24987030029297,64.05696868896484,41.22002410888672,92.02960968017578,242.34127807617188,295.32373046875,17.592792510986328,18.853713989257812,25.83218002319336,13.97166919708252,33.36284255981445,4.0682783126831055,6.550963401794434,3.9718422889709473,19.788076400756836,49.25093078613281,36.936824798583984
2023-04-28,21.452503204345703,63.90763854980469,41.28511047363281,92.27104949951172,239.813232421875,292.00128173828125,17.660261154174805,18.89284896850586,25.931087493896484,14.119029998779297,33.34306335449219,4.166545867919922,6.53248405456543,3.990103244781494,19.974756240844727,48.89342498779297,36.62556076049805
2023-05-01,21.602275848388672,63.80497360229492,41.080543518066406,93.27400207519531,239.52154541015625,293.79852294921875,17.668699264526367,19.12766456604004,26.245784759521484,14.247971534729004,35.53889846801758,4.137065410614014,6.680319786071777,3.999234199523926,20.05476188659668,48.97809982299805,36.691585540771484
2023-05-02,21.514175415039062,63.56229019165039,40.569129943847656,92.95825958251953,238.88954162597656,293.09906005859375,17.575923919677734,18.853713989257812,26.155868530273438,14.192710876464844,34.440982818603516,4.0879316329956055,6.6064019203186035,3.9079275131225586,20.045869827270508,48.31953811645508,36.38975524902344
2023-05-03,21.170581817626953,63.926300048828125,40.2343864440918,91.27739715576172,237.67413330078125,291.0395202636719,16.859058380126953,18.658035278320312,25.67033576965332,14.045350074768066,34.94542694091797,4.009317874908447,6.440086841583252,3.935319662094116,19.699180603027344,48.39480209350586,36.74817657470703
2023-05-04,20.668407440185547,64.66366577148438,40.885276794433594,88.92790985107422,238.80201721191406,291.5350036621094,17.103635787963867,18.990692138671875,24.024917602539062,14.045350074768066,34.876190185546875,4.0486249923706055,6.5602030754089355,3.953580856323242,18.890235900878906,48.5077018737793,36.66328430175781
2023-05-05,20.96794891357422,64.5423355102539,40.95966339111328,89.27151489257812,238.7923126220703,292.4578857421875,17.078332901000977,19.56794548034668,23.899038314819336,14.137450218200684,34.3025016784668,4.0584516525268555,6.615641117095947,3.953580856323242,18.979129791259766,48.46065902709961,36.861366271972656
2023-05-08,20.9943790435791,65.08367919921875,41.58266067504883,90.19087219238281,237.1490936279297,292.671630859375,17.407249450683594,19.52880859375,24.36659049987793,14.238761901855469,34.005775451660156,4.127238750457764,6.744997501373291,3.953580856323242,19.325820922851562,48.45124816894531,36.446346282958984
2023-05-09,21.14415168762207,65.06500244140625,41.350196838378906,90.39517974853516,236.31288146972656,291.26300048828125,17.356647491455078,19.391830444335938,24.600364685058594,14.091401100158691,33.96620559692383,4.107585430145264,6.717278003692627,3.953580856323242,19.35249137878418,48.31013107299805,36.3614501953125
2023-05-10,21.241060256958008,65.20502471923828,41.331600189208984,90.8687973022461,238.1505584716797,294.54656982421875,17.39881706237793,19.36248207092285,24.35000228881836,14.008508682250977,34.019691467285156,4.0781049728393555,6.652599811553955,3.935319662094116,19.290264129638672,48.31013107299805,36.38975524902344
2023-05-11,21.417261123657227,63.57162857055664,40.913169860839844,91.33311462402344,238.89926147460938,293.38079833984375,17.05303382873535,19.538591384887695,24.452003479003906,13.962458610534668,34.31680679321289,3.989664316177368,6.634120941162109,3.9444501399993896,19.409677505493164,48.26308822631836,36.38031768798828
2023-05-12,21.584651947021484,63.97297286987305,40.429649353027344,91.89958953857422,240.73695373535156,297.6163024902344,16.951828002929688,19.7244873046875,24.489091873168945,13.455904960632324,34.84170150756836,3.95035719871521,6.5786824226379395,3.9444501399993896,19.372934341430664,48.630001068115234,36.4652099609375
2023-05-15,21.438873291015625,64.16898345947266,40.7736930847168,91.472412109375,241.74815368652344,299.02496337890625,17.187971115112305,19.94951820373535,24.53545379638672,13.603267669677734,34.67333984375,3.970010757446289,6.624881267547607,3.9718422889709473,19.409677505493164,48.761714935302734,36.62556076049805
2023-05-16,21.44798469543457,63.23561477661133,40.98755645751953,90.62733459472656,241.4564666748047,295.5179748535156,17.120502471923828,19.7929744720459,24.53545379638672,13.492744445800781,34.237571716308594,3.989664316177368,6.634120941162109,3.962711811065674,19.409677505493164,48.498287200927734,36.09735107421875
2023-05-17,21.48442840576172,63.32894515991211,40.65281295776367,90.2094497680664,239.365966796875,295.53741455078125,17.078332901000977,19.60708236694336,24.28509521484375,13.5111665725708,33.940452575683594,3.930703639984131,6.587922096252441,3.9718422889709473,19.21677589416504,47.98085021972656,35.95586395263672
2023-05-18,21.53909683227539,63.42228698730469,41.13633346557617,91.00808715820312,240.16326904296875,294.1773681640625,17.314477920532227,19.704919815063477,24.479820251464844,13.474325180053711,33.643341064453125,3.989664316177368,6.698799133300781,3.953580856323242,19.25351905822754,48.197235107421875,35.9370002746582
2023-05-19,21.83976936340332,63.36628723144531,41.06194305419922,92.67967224121094,241.12588500976562,295.7608642578125,17.306045532226562,19.832111358642578,24.850727081298828,13.437485694885254,33.366031646728516,3.989664316177368,6.689558982849121,3.990103244781494,19.501535415649414,48.14078140258789,36.07848358154297
2023-05-22,21.675765991210938,63.74897003173828,41.09914016723633,91.84387969970703,238.18946838378906,298.47125244140625,17.339780807495117,19.685352325439453,24.637454986572266,13.57563591003418,33.5542106628418,3.960184335708618,6.818915367126465,3.962711811065674,19.34537696838379,47.83972930908203,36.00302505493164
2023-05-23,21.83976936340332,63.440956115722656,40.72719955444336,92.3453598022461,237.97555541992188,300.37530517578125,17.24700927734375,19.812543869018555,24.730182647705078,13.75983715057373,33.62353515625,3.940530776977539,6.837395191192627,3.9718422889709473,19.529094696044922,46.95537567138672,35.78608322143555
2023-05-24,21.830656051635742,63.75829315185547,39.815948486328125,92.80038452148438,236.9449005126953,296.8974609375,16.547008514404297,19.665782928466797,24.67454719543457,13.57563591003418,33.37594223022461,3.920876979827881,6.9297919273376465,3.9718422889709473,19.501535415649414,46.68254089355469,35.9747314453125
2023-05-25,21.27486801147461,63.207618713378906,39.192962646484375,90.7480697631836,237.2852020263672,297.5580749511719,16.02411460876465,19.49945640563965,24.146005630493164,13.382224082946777,33.574012756347656,3.8127825260162354,6.911312580108643,3.953580856323242,19.189218521118164,46.1086540222168,36.01245880126953
2023-05-26,21.38420295715332,63.198272705078125,39.75086212158203,91.15668487548828,238.2186279296875,295.4985656738281,16.547008514404297,19.382049560546875,24.322185516357422,13.548006057739258,32.98969268798828,3.8619163036346436,6.8835930824279785,3.9809725284576416,19.21677589416504,46.033390045166016,35.823814392089844
2023-05-29,21.63020896911621,64.1783218383789,40.31807327270508,92.46607208251953,238.36447143554688,299.3163757324219,16.749420166015625,19.734270095825195,24.637454986572266,13.630897521972656,32.742095947265625,3.8815698623657227,6.94827127456665,3.9809725284576416,19.437236785888672,46.14628601074219,36.04075622558594
2023-05-30,21.32953643798828,63.96364212036133,40.43894958496094,92.1039047241211,238.17001342773438,299.4426574707031,16.715682983398438,19.61686134338379,24.591093063354492,13.676947593688965,32.900550842285156,3.920876979827881,6.9205522537231445,4.008364200592041,19.391307830810547,46.38148498535156,36.08791732788086
2023-05-31,20.883085250854492,62.93693923950195,39.072078704833984,89.87512969970703,236.67263793945312,297.6454772949219,16.209659576416016,19.205936431884766,24.08109474182129,13.465115547180176,32.13795471191406,3.8127825260162354,6.735757827758789,3.9809725284576416,18.99631690979004,44.84798049926758,35.40879440307617
2023-06-01,20.70996856689453,63.403621673583984,39.118568420410156,89.89371490478516,241.37867736816406,301.4342041015625,16.336166381835938,19.372264862060547,24.146005630493164,13.474325180053711,32.35584259033203,3.7931289672851562,6.781956672668457,4.008364200592041,18.922828674316406,45.09259033203125,35.92757034301758
2023-06-02,20.746414184570312,62.955604553222656,40.21578598022461,89.99585723876953,238.2283477783203,299.20953369140625,16.60604476928711,19.45053482055664,23.914188385009766,13.465115547180176,32.68266677856445,3.8619163036346436,6.874353885650635,3.962711811065674,18.867713928222656,44.97028732299805,35.41822814941406
2023-06-05,21.0653076171875,63.03960418701172,40.913169860839844,90.54376220703125,241.37867736816406,301.86163330078125,17.204837799072266,19.7244873046875,24.155277252197266,13.676947593688965,32.93026351928711,3.911050319671631,6.94827127456665,3.990103244781494,19.078989028930664,45.892269134521484,35.767215728759766
2023-06-06,20.719078063964844,56.59937286376953,40.54123306274414,89.67082214355469,231.7624053955078,298.93756103515625,17.171104431152344,19.509241104125977,23.886371612548828,13.594056129455566,32.94016647338867,3.8226094245910645,6.892833232879639,3.9444501399993896,18.683998107910156,44.913841247558594,35.32390594482422
2023-06-07,20.70996856689453,57.28073501586914,40.55982971191406,88.86289978027344,236.01145935058594,300.04498291015625,17.002431869506836,19.440753936767578,23.459827423095703,13.538795471191406,32.92036819458008,3.763648748397827,6.828155040740967,3.953580856323242,18.39923667907715,45.158447265625,35.27674102783203
2023-06-08,20.664413452148438,57.85942459106445,41.03404998779297,89.04862976074219,234.05709838867188,297.0237121582031,17.2891788482666,18.98090362548828,23.33000946044922,13.75983715057373,31.93988037109375,3.8422629833221436,6.874353885650635,3.9444501399993896,18.54621124267578,44.650413513183594,35.40879440307617
2023-06-09,20.819305419921875,57.32740020751953,41.58266067504883,88.96505737304688,232.85140991210938,296.5865783691406,17.533756256103516,19.186368942260742,23.367101669311523,13.805887222290039,31.840845108032227,3.8226094245910645,6.828155040740967,3.935319662094116,18.6013240814209,44.763309478759766,35.43708801269531
2023-06-13,20.892194747924805,56.71138000488281,41.18282699584961,89.63367462158203,233.32785034179688,299.7146911621094,17.542190551757812,19.196155548095703,23.385644912719727,13.796676635742188,31.97949981689453,3.8324360847473145,6.698799133300781,3.962711811065674,18.64725112915039,45.17726135253906,35.98416519165039
2023-06-14,20.883085250854492,56.76738357543945,42.67987823486328,90.42304229736328,230.8970489501953,279.0517578125,18.30122947692871,19.26464080810547,23.654552459716797,13.925618171691895,31.682382583618164,3.8324360847473145,6.735757827758789,3.9718422889709473,18.886083602905273,45.34660720825195,36.19166946411133
2023-06-15,21.074419021606445,57.00072479248047,43.00532150268555,90.9988021850586,230.28448486328125,271.52294921875,18.95905876159668,19.470102310180664,23.78437042236328,13.934828758239746,31.504114151000977,3.8520896434783936,6.744997501373291,3.962711811065674,18.922828674316406,45.59121322631836,36.30485916137695
2023-06-16,21.211091995239258,57.73808670043945,43.16339111328125,92.26177978515625,232.21942138671875,269.9297180175781,18.98436164855957,19.773406982421875,23.969825744628906,14.072979927062988,31.395172119140625,3.8619163036346436,7.022189140319824,3.962711811065674,19.207590103149414,46.12746810913086,36.42748260498047
2023-06-19,21.520875930786133,57.74741744995117,42.8658447265625,93.3390121459961,234.95164489746094,276.32196044921875,18.832551956176758,20.08649444580078,24.164548873901367,14.22033977508545,31.87055206298828,3.8422629833221436,6.994470119476318,3.999234199523926,19.428049087524414,46.55083084106445,37.29525375366211
2023-06-20,21.684877395629883,58.33543395996094,43.44234848022461,94.36981964111328,235.2141571044922,275.4087829589844,18.891590118408203,20.28217315673828,24.572546005249023,14.441381454467773,31.99930763244629,3.8717432022094727,7.15154504776001,4.035756587982178,19.685253143310547,46.88951873779297,37.66310501098633
2023-06-21,21.57554054260254,58.47544479370117,42.9774284362793,94.425537109375,233.68760681152344,275.52532958984375,18.571107864379883,20.027790069580078,24.600364685058594,14.55190372467041,31.781423568725586,3.7833023071289062,7.086867332458496,4.035756587982178,19.49234962463379,46.15569305419922,37.99323654174805
2023-06-22,21.229312896728516,57.92475891113281,41.95459747314453,92.93968963623047,229.73997497558594,273.9418640136719,18.157854080200195,19.7244873046875,24.248003005981445,14.367701530456543,31.702186584472656,3.734168529510498,7.049908638000488,3.962711811065674,19.327007293701172,45.5535774230957,37.56878662109375
2023-06-23,20.791969299316406,57.52341079711914,41.471073150634766,91.48170471191406,221.65028381347656,273.95159912109375,18.05664825439453,19.205936431884766,23.90491485595703,14.183500289916992,31.890365600585938,3.6555545330047607,6.744997501373291,3.9444501399993896,19.060617446899414,45.224300384521484,37.597084045410156
2023-06-26,20.746414184570312,57.67274856567383,41.331600189208984,90.94307708740234,221.60166931152344,272.0086669921875,17.99761390686035,19.147232055664062,23.710189819335938,14.017719268798828,31.8309383392334,3.6457276344299316,6.763477325439453,3.935319662094116,18.99631690979004,45.4406852722168,37.29525375366211
2023-06-27,21.0653076171875,57.4487419128418,41.9453010559082,91.40740966796875,220.20152282714844,271.0857849121094,18.51207160949707,19.382049560546875,23.877098083496094,14.165080070495605,31.613056182861328,3.6653811931610107,6.763477325439453,3.917057991027832,19.299449920654297,45.534767150878906,37.47446060180664
2023-06-28,21.347759246826172,57.69141387939453,42.23354721069336,92.43822479248047,222.3697967529297,270.40576171875,18.562673568725586,19.744056701660156,24.340728759765625,14.376911163330078,31.959688186645508,3.704688310623169,6.846634387969971,3.962711811065674,19.657695770263672,46.14628601074219,37.587646484375
2023-06-29,21.602872848510742,58.6807861328125,41.7965202331543,92.93041229248047,223.25462341308594,270.357177734375,18.647010803222656,19.83277130126953,24.43345832824707,14.432171821594238,32.217193603515625,3.67520809173584,6.892833232879639,3.9444501399993896,19.676067352294922,46.18391799926758,37.597084045410156
2023-06-30,21.602872848510742,58.8021240234375,41.83371353149414,93.11613464355469,222.72955322265625,269.46343994140625,18.70604705810547,19.783485412597656,24.452003479003906,14.432171821594238,32.49449920654297,3.69486141204834,6.94827127456665,3.9261884689331055,19.602581024169922,46.41912078857422,37.47446060180664
2023-07-03,21.78510093688965,58.42877197265625,42.084774017333984,93.73833465576172,222.7198486328125,268.3656921386719,18.781951904296875,19.89191436767578,24.47054672241211,14.478222846984863,32.633148193359375,3.743995428085327,7.040668964385986,3.9444501399993896,19.685253143310547,47.04945373535156,37.606510162353516
2023-07-04,22.040218353271484,58.33543395996094,42.02898406982422,94.98271942138672,223.0698699951172,268.6571350097656,18.6217098236084,20.03977394104004,24.77654457092285,14.616374015808105,32.217193603515625,3.743995428085327,7.068387985229492,3.935319662094116,19.914899826049805,46.833072662353516,37.61594772338867
2023-07-05,21.85799217224121,58.28877258300781,41.843013763427734,94.51840209960938,219.35560607910156,266.3644714355469,18.663877487182617,20.04962921142578,24.591093063354492,14.588743209838867,32.06863021850586,3.7833023071289062,7.031428813934326,3.9809725284576416,19.767927169799805,46.85188674926758,37.48389434814453
2023-07-06,21.438873291015625,57.86875534057617,40.885276794433594,93.26472473144531,218.12075805664062,264.7130126953125,18.343395233154297,20.108774185180664,24.071821212768555,14.478222846984863,32.00920867919922,3.69486141204834,6.994470119476318,3.962711811065674,19.428049087524414,45.64765930175781,37.087738037109375
2023-07-07,21.211091995239258,56.926055908203125,40.16929244995117,91.6860122680664,215.4274139404297,259.2825622558594,18.27592658996582,19.33991050720215,23.793643951416016,14.321651458740234,31.99930763244629,3.6064207553863525,6.892833232879639,3.8896660804748535,19.152475357055664,44.30231475830078,36.65385055541992
2023-07-10,21.192869186401367,56.56203842163086,39.72296905517578,91.49099731445312,215.7580108642578,256.5819091796875,17.90484046936035,19.05405044555664,23.775096893310547,14.21113109588623,31.900264739990234,3.498326301574707,6.855874061584473,3.862274169921875,19.14328956604004,44.020076751708984,36.238834381103516
2023-07-11,21.684877395629883,56.34736633300781,40.29017639160156,92.51250457763672,219.24867248535156,257.4465026855469,18.25905990600586,19.527196884155273,24.275821685791016,14.294022560119629,32.256805419921875,3.6260743141174316,6.911312580108643,3.880535125732422,19.446420669555664,44.763309478759766,36.38975524902344
2023-07-12,21.885326385498047,56.002017974853516,40.97825622558594,92.07604217529297,216.97340393066406,255.3578338623047,18.714481353759766,19.487770080566406,24.49836540222168,14.21113109588623,32.236995697021484,3.6653811931610107,6.994470119476318,3.8714046478271484,19.483163833618164,44.78212356567383,36.370887756347656
2023-07-13,22.195110321044922,56.56203842163086,41.591957092285156,93.44116973876953,221.76695251464844,256.921875,18.95905876159668,20.286203384399414,24.61890983581543,13.796676635742188,32.0587272644043,3.7931289672851562,7.086867332458496,3.8714046478271484,19.712810516357422,45.80759811401367,36.89908981323242
2023-07-14,22.26799964904785,56.91672134399414,42.326534271240234,94.10050964355469,223.97413635253906,253.53152465820312,19.220508575439453,20.345346450805664,24.961997985839844,13.805887222290039,31.67247772216797,3.8815698623657227,7.114586353302002,3.935319662094116,19.712810516357422,45.95812225341797,36.74817657470703
2023-07-17,22.359113693237305,57.28073501586914,42.084774017333984,94.60197448730469,226.08407592773438,251.4331512451172,18.967493057250977,20.434062957763672,25.147451400756836,13.870359420776367,32.28651428222656,3.8717432022094727,6.985230445861816,3.935319662094116,19.685253143310547,46.24037170410156,36.823638916015625
2023-07-18,22.732677459716797,57.15939712524414,41.67564392089844,95.25204467773438,225.84097290039062,257.01904296875,19.15303611755371,20.207345962524414,25.657445907592773,13.925618171691895,32.217193603515625,3.8324360847473145,6.957510948181152,3.862274169921875,19.841413497924805,46.118064880371094,36.47463607788086
2023-07-19,23.197351455688477,57.64474868774414,41.53616714477539,97.18364715576172,228.62184143066406,257.9419250488281,18.798818588256836,20.227062225341797,25.944900512695312,14.036139488220215,32.07853317260742,3.763648748397827,7.068387985229492,3.844012975692749,20.263959884643555,46.33444595336914,36.314292907714844
2023-07-20,23.09712791442871,57.840755462646484,41.48967361450195,97.74083709716797,226.98831176757812,257.72821044921875,19.051830291748047,20.11863136291504,25.90781021118164,14.367701530456543,31.81113052368164,3.743995428085327,7.05914831161499,3.8348820209503174,20.319076538085938,46.15569305419922,36.24826431274414
2023-07-21,22.924013137817383,57.50474166870117,41.86161422729492,97.09078216552734,227.39669799804688,259.4768371582031,19.009662628173828,20.21720314025879,25.870718002319336,14.57032299041748,32.22709274291992,3.753822088241577,7.142305850982666,3.862274169921875,20.190473556518555,46.136878967285156,36.738746643066406
2023-07-24,22.887569427490234,57.68207931518555,41.22932052612305,96.97933959960938,228.28152465820312,258.6705322265625,18.714481353759766,20.404491424560547,25.675992965698242,14.588743209838867,32.3459358215332,3.6555545330047607,7.299381256103516,3.880535125732422,20.172101974487305,46.34385299682617,36.62556076049805
2023-07-25,22.832901000976562,57.36473846435547,42.60548782348633,96.7657470703125,229.04965209960938,257.80596923828125,19.5662899017334,20.443920135498047,25.6018123626709,14.404542922973633,32.15776824951172,3.7833023071289062,7.345579147338867,3.880535125732422,19.960826873779297,45.92990493774414,36.45577621459961
2023-07-26,23.197351455688477,57.16872787475586,43.59112548828125,97.5086669921875,230.24559020996094,255.3578338623047,20.013277053833008,20.227062225341797,26.00053596496582,14.542693138122559,32.39546203613281,3.8619163036346436,7.364058971405029,3.880535125732422,20.29151725769043,46.41912078857422,36.57839584350586
2023-07-27,23.488914489746094,57.80342102050781,42.94023513793945,98.92950439453125,234.3196258544922,260.05975341796875,19.33014488220215,20.79878044128418,26.399259567260742,14.690053939819336,33.29670333862305,3.8226094245910645,7.345579147338867,3.935319662094116,20.530351638793945,47.18116760253906,37.00285339355469
2023-07-28,23.47068977355957,57.598079681396484,42.586891174316406,97.97299194335938,232.45278930664062,259.1465759277344,18.284360885620117,20.207345962524414,26.315805435180664,14.607163429260254,33.158058166503906,3.7833023071289062,7.336339950561523,3.9079275131225586,20.46605110168457,46.673133850097656,36.90852737426758
2023-07-31,23.461578369140625,57.9714241027832,42.78215408325195,98.16800689697266,232.55972290039062,260.8563232421875,18.284360885620117,20.246776580810547,26.35289764404297,14.524273872375488,33.3165168762207,3.8127825260162354,7.354819297790527,3.8896660804748535,20.52116584777832,46.71076965332031,36.42748260498047
2023-08-01,23.58002471923828,58.28877258300781,43.11690139770508,98.29801940917969,232.25830078125,261.6335144042969,18.537370681762695,20.374921798706055,26.50126075744629,14.597952842712402,33.326419830322266,3.8324360847473145,7.410257816314697,3.8896660804748535,20.603837966918945,47.18116760253906,36.87079620361328
2023-08-02,23.09712791442871,57.89675521850586,42.63338088989258,96.07854461669922,230.5956268310547,260.4385986328125,18.174720764160156,19.882057189941406,26.065446853637695,14.432171821594238,33.66315841674805,3.8520896434783936,7.2901411056518555,3.862274169921875,20.190473556518555,46.757808685302734,36.568965911865234
2023-08-03,23.015125274658203,57.9714241027832,42.13126754760742,95.14988708496094,229.18577575683594,259.37969970703125,17.947010040283203,19.83277130126953,25.898536682128906,14.597952842712402,33.52449417114258,3.8226094245910645,7.2347025871276855,3.8896660804748535,20.116987228393555,46.62609100341797,36.54066848754883
2023-08-04,23.188241958618164,58.37277603149414,42.586891174316406,94.60197448730469,228.8649139404297,257.5727844238281,18.03978157043457,19.665199279785156,25.917083740234375,14.671634674072266,30.404788970947266,3.8717432022094727,7.299381256103516,3.8714046478271484,20.190473556518555,46.80484390258789,36.54066848754883
2023-08-07,23.051570892333984,58.5594482421875,42.373023986816406,94.58340454101562,226.8619384765625,254.67782592773438,17.753032684326172,19.83277130126953,25.926355361938477,14.413751602172852,29.117286682128906,3.8422629833221436,7.3178606033325195,3.8896660804748535,20.05268669128418,47.02123260498047,36.27656555175781
2023-08-08,22.996902465820312,58.447444915771484,42.14056396484375,94.917724609375,227.31890869140625,257.3201904296875,17.828937530517578,19.91162872314453,25.99126434326172,14.62558364868164,28.47353744506836,3.8127825260162354,7.262422561645508,3.862274169921875,19.94245719909668,46.8801155090332,36.21053695678711
2023-08-09,23.170019149780273,58.99812698364258,42.30793762207031,97.36936950683594,226.85220336914062,255.14413452148438,17.862672805786133,19.87220001220703,26.556894302368164,14.367701530456543,27.156328201293945,3.8226094245910645,7.253182411193848,3.8896660804748535,20.273147583007812,46.91773986816406,36.229400634765625
2023-08-10,23.142683029174805,58.35410690307617,42.568294525146484,97.0164794921875,228.72879028320312,257.05792236328125,18.10725212097168,19.98063087463379,26.519805908203125,14.192710876464844,27.047382354736328,3.8226094245910645,7.437976837158203,3.917057991027832,20.337446212768555,47.501041412353516,36.13508224487305
2023-08-11,23.09712791442871,58.18609619140625,42.52180099487305,96.95147705078125,227.36752319335938,258.4859619140625,17.710866928100586,19.901771545410156,26.48271369934082,14.155869483947754,27.20584487915039,3.7833023071289062,7.3178606033325195,3.8896660804748535,20.34663200378418,47.877357482910156,36.16337585449219
2023-08-14,22.896678924560547,57.458072662353516,41.61055374145508,96.3014144897461,226.75497436523438,255.4938507080078,17.390382766723633,19.71448516845703,26.269441604614258,13.99008846282959,27.7109432220459,3.743995428085327,7.336339950561523,3.898796796798706,20.12617301940918,47.71742630004883,36.13508224487305
2023-08-15,22.851123809814453,57.30873489379883,41.48967361450195,96.1249771118164,239.64794921875,265.0141296386719,17.559059143066406,19.606054306030273,26.612533569335938,14.165080070495605,28.067481994628906,3.734168529510498,7.308620452880859,3.8896660804748535,20.18128776550293,47.74564743041992,36.26713180541992
2023-08-16,22.614229202270508,57.53274154663086,40.08560562133789,94.87005615234375,239.38540649414062,263.83868408203125,17.02773094177246,19.468053817749023,26.3343505859375,14.02692985534668,28.14486312866211,3.6457276344299316,7.243942737579346,3.880535125732422,20.006757736206055,47.35051345825195,36.1539421081543
2023-08-17,22.40467071533203,56.46870803833008,40.08560562133789,94.7369613647461,244.03311157226562,261.9054870605469,16.977128982543945,20.581920623779297,25.787263870239258,13.933974266052246,26.696447372436523,3.6162474155426025,7.243942737579346,3.770967483520508,19.620952606201172,46.738990783691406,35.53141403198242
2023-08-18,22.313556671142578,55.08732223510742,40.624916076660156,94.16653442382812,254.45639038085938,262.84783935546875,17.14580535888672,22.08022117614746,25.666719436645508,13.933974266052246,25.972240447998047,3.6260743141174316,7.179264545440674,3.652268409729004,19.538278579711914,46.4849739074707,35.43708801269531
2023-08-21,22.085773468017578,53.40726089477539,40.46684265136719,93.59610748291016,258.501220703125,259.2436828613281,17.221708297729492,22.10979461669922,25.564720153808594,13.729474067687988,25.87303352355957,3.6162474155426025,7.253182411193848,3.6248764991760254,18.941200256347656,46.68254089355469,35.229576110839844
2023-08-22,22.140439987182617,53.73394012451172,40.178592681884766,93.8052749633789,258.7832336425781,256.6110534667969,17.2891788482666,22.09993553161621,25.898536682128906,13.497085571289062,25.46628761291504,3.6653811931610107,7.216223239898682,3.74357533454895,19.180030822753906,45.65707015991211,34.16373062133789
2023-08-23,22.27711296081543,53.50993728637695,40.941062927246094,94.54681396484375,257.32470703125,255.6881866455078,17.727733612060547,22.03093719482422,26.00053596496582,13.692291259765625,25.089303970336914,3.68503475189209,7.142305850982666,3.6979222297668457,19.41886329650879,46.19332504272461,35.36163330078125
2023-08-24,22.377334594726562,54.14461898803711,40.70860290527344,95.64962005615234,258.68597412109375,256.3196105957031,17.7614688873291,22.1295108795166,26.3250789642334,13.692291259765625,24.791683197021484,3.5965938568115234,7.216223239898682,3.670529842376709,19.685253143310547,46.494380950927734,34.95604705810547
2023-08-25,22.17688751220703,53.463260650634766,40.001922607421875,94.66089630126953,257.6456298828125,255.90188598632812,17.651830673217773,22.257652282714844,25.861446380615234,13.469199180603027,24.95041275024414,3.4197123050689697,7.133065700531006,3.6613993644714355,19.58420753479004,47.98085021972656,35.286170959472656
2023-08-28,22.395559310913086,53.1365852355957,40.4947395324707,95.81124114990234,258.9873962402344,260.3025817871094,16.75785255432129,22.40550994873047,26.20453453063965,13.515677452087402,25.09922218322754,3.3705785274505615,7.174435138702393,3.6613993644714355,19.63932228088379,49.01572799682617,35.701194763183594
2023-08-29,22.596004486083984,53.5659294128418,40.996856689453125,96.04891204833984,258.88043212890625,259.5545349121094,17.2891788482666,22.592798233032227,26.343626022338867,13.60863208770752,25.089303970336914,3.3509249687194824,7.1556291580200195,3.670529842376709,19.795482635498047,50.48337936401367,35.98416519165039
2023-08-30,22.81467628479004,54.25662612915039,41.591957092285156,96.81898498535156,265.6964111328125,264.1495666503906,18.065082550048828,22.86880111694336,26.75162124633789,13.664403915405273,25.32740020751953,3.3509249687194824,7.249658584594727,3.7031774520874023,19.951642990112305,51.07809066772461,36.710445404052734
2023-08-31,23.07890510559082,53.75260925292969,41.70353317260742,97.1422119140625,263.97540283203125,265.72332763671875,18.073516845703125,23.026517868041992,26.853618621826172,13.924678802490234,25.287715911865234,3.3410983085632324,7.2120466232299805,3.7404892444610596,20.162918090820312,51.67280197143555,36.50937271118164
2023-09-01,22.933124542236328,53.593936920166016,41.60125732421875,96.35313415527344,261.0682067871094,261.4100341796875,17.120502471923828,22.701229095458984,26.797985076904297,14.045519828796387,24.583351135253906,3.3410983085632324,7.343687534332275,3.749817132949829,20.01594352722168,51.653621673583984,36.4902229309082
2023-09-04,22.95134735107422,52.753902435302734,42.70777130126953,96.98059844970703,260.48480224609375,260.7688903808594,17.918869018554688,22.839229583740234,26.84434700012207,13.924678802490234,24.414701461791992,3.468846082687378,7.437716960906982,3.768472909927368,20.05268669128418,51.413814544677734,36.32744598388672
2023-09-05,22.960458755493164,53.173919677734375,42.8658447265625,97.18024444580078,262.64337158203125,263.1100769042969,17.785808563232422,22.77022933959961,26.89998435974121,13.943270683288574,24.325414657592773,3.4197123050689697,7.409508228302002,3.7591450214385986,19.77711296081543,51.663211822509766,36.45192337036133
2023-09-06,22.832901000976562,52.875244140625,42.8658447265625,96.5052490234375,260.4361877441406,263.4598388671875,18.043058395385742,22.7603702545166,26.575439453125,14.082701683044434,23.650814056396484,3.3804051876068115,7.4565229415893555,3.6845219135284424,19.464794158935547,51.519325256347656,36.471073150634766
2023-09-07,22.659786224365234,52.25725555419922,41.776885986328125,95.92532348632812,260.7181396484375,260.54547119140625,17.626134872436523,22.878658294677734,26.51053237915039,14.045519828796387,23.640888214111328,3.262483835220337,7.3248820304870605,3.6751937866210938,19.40049171447754,51.375450134277344,36.279571533203125
2023-09-08,22.714454650878906,52.50482940673828,41.27988052368164,95.83975982666016,261.8363342285156,263.11981201171875,17.209211349487305,22.858945846557617,26.5661678314209,14.054817199707031,23.26390838623047,3.223177194595337,7.315479278564453,3.6658661365509033,19.446420669555664,51.030128479003906,36.14552307128906
2023-09-11,23.033348083496094,52.961891174316406,41.729095458984375,97.00912475585938,260.1736145019531,262.8533935546875,17.413236618041992,22.7209415435791,26.937074661254883,14.054817199707031,23.21430206298828,3.233003616333008,7.353090763092041,3.6658661365509033,19.795482635498047,50.97257995605469,36.48064422607422
2023-09-12,23.02423667907715,53.1237678527832,42.23565673828125,97.07566833496094,260.5820007324219,264.6150817871094,17.705970764160156,22.58294105529785,26.99271011352539,14.045519828796387,23.571443557739258,3.203523635864258,7.259061336517334,3.6192264556884766,19.804670333862305,51.26993942260742,36.605125427246094
2023-09-13,23.07890510559082,52.723838806152344,41.8629035949707,96.68588256835938,256.75103759765625,263.4797668457031,17.386625289916992,22.32665252685547,26.87216567993164,13.980452537536621,23.065494537353516,3.203523635864258,7.277866840362549,3.609898328781128,19.740367889404297,50.96298599243164,36.24127197265625
2023-09-14,23.324909210205078,52.838104248046875,42.1878662109375,97.09468078613281,256.10931396484375,261.248291015625,18.105154037475586,22.277368545532227,27.178163528442383,14.147771835327148,22.698429107666016,3.243265151977539,7.2872700691223145,3.6192264556884766,19.859786987304688,50.838287353515625,36.03062438964844
2023-09-15,23.416025161743164,53.06663513183594,43.659759521484375,98.07390594482422,254.53421020507812,261.9627685546875,18.82368278503418,22.34636878967285,27.521251678466797,14.268613815307617,22.79763412475586,3.353037118911743,7.437716960906982,3.6472103595733643,19.997573852539062,51.509742736816406,36.30829620361328
2023-09-18,23.461578369140625,53.885536193847656,43.73622131347656,97.57002258300781,253.07569885253906,260.0151672363281,18.80594253540039,22.28722381591797,27.428524017333984,14.045519828796387,22.628984451293945,3.3829751014709473,7.315479278564453,3.6192264556884766,20.01594352722168,51.05891036987305,36.1838264465332
2023-09-19,23.242908477783203,53.685569763183594,43.10540771484375,97.09468078613281,255.77732849121094,257.98919677734375,18.601913452148438,22.237939834594727,27.243072509765625,14.175657272338867,22.539697647094727,3.3929543495178223,7.3812994956970215,3.609898328781128,19.92408561706543,51.30830764770508,36.00189971923828
2023-09-20,23.270244598388672,54.07597732543945,42.66575241088867,96.81898498535156,254.5048065185547,257.0398254394531,18.282569885253906,22.13936424255371,27.25234603881836,14.3336820602417,22.04366683959961,3.323099136352539,7.240255355834961,3.5819146633148193,19.77711296081543,51.442596435546875,36.21255111694336
2023-09-21,22.823789596557617,54.590171813964844,42.149635314941406,95.14575958251953,250.90260314941406,250.89349365234375,18.19386100769043,21.86336326599121,26.65889549255371,14.166362762451172,21.547632217407227,3.3729958534240723,7.1368231773376465,3.591242790222168,19.281076431274414,51.212379455566406,35.79125213623047
2023-09-22,22.805564880371094,53.637962341308594,42.379024505615234,95.12673950195312,251.0298614501953,246.78289794921875,18.45998191833496,21.390216827392578,26.77943992614746,14.603251457214355,21.428585052490234,3.343057870864868,7.183837890625,3.5819146633148193,19.41886329650879,51.05891036987305,35.59975051879883
2023-09-25,22.760009765625,54.161678314208984,42.197425842285156,94.95560455322266,252.01849365234375,247.61480712890625,18.220474243164062,21.557788848876953,26.760894775390625,14.603251457214355,21.26985740661621,3.323099136352539,7.230853080749512,3.6192264556884766,19.40049171447754,51.3658561706543,36.05934524536133
2023-09-26,22.8602352142334,53.95219039916992,41.385013580322266,95.14575958251953,253.1050567626953,250.1594696044922,17.839033126831055,21.20292854309082,26.77943992614746,14.80775260925293,21.76589012145996,3.293161392211914,7.193241119384766,3.6005706787109375,19.336191177368164,51.02054214477539,35.973175048828125
2023-09-27,22.960458755493164,53.94266891479492,41.56661605834961,95.57356262207031,250.697021484375,246.67523193359375,18.069671630859375,21.30150032043457,26.92780303955078,14.659025192260742,22.80755615234375,3.253244400024414,7.202643394470215,3.591242790222168,19.464794158935547,50.9150276184082,35.99232482910156
2023-09-28,23.215574264526367,53.71413803100586,41.795997619628906,95.02216339111328,249.87478637695312,246.67523193359375,18.326921463012695,21.271926879882812,26.77943992614746,14.761275291442871,23.90874671936035,3.263223648071289,7.47532844543457,3.591242790222168,19.409677505493164,50.502567291259766,35.6859245300293
2023-09-29,23.37957763671875,54.39020538330078,42.29300308227539,95.04118347167969,249.92373657226562,245.46165466308594,18.557559967041016,21.14378547668457,26.95562171936035,14.603251457214355,23.412715911865234,3.3829751014709473,7.428314208984375,3.591242790222168,19.428049087524414,50.704002380371094,35.733802795410156
2023-10-02,23.224685668945312,54.25689697265625,42.62752151489258,94.92709350585938,249.3657684326172,241.1161346435547,18.681751251220703,21.360645294189453,26.853618621826172,14.454524040222168,22.748035430908203,3.4827678203582764,7.4001054763793945,3.5819146633148193,19.409677505493164,50.40664291381836,35.30292510986328
2023-10-03,23.151796340942383,53.5141716003418,41.90113830566406,94.77498626708984,248.5435333251953,243.41612243652344,18.38901710510254,20.926923751831055,26.695985794067383,14.166362762451172,22.857158660888672,3.4029335975646973,7.0804057121276855,3.57258677482605,19.336191177368164,50.56970977783203,35.322078704833984
2023-10-04,22.705341339111328,53.276123046875,41.786441802978516,93.25386047363281,247.31996154785156,243.40634155273438,18.433372497558594,20.91706657409668,26.250896453857422,14.02692985534668,22.658748626708984,3.333078622817993,7.005181789398193,3.525947332382202,19.05143165588379,50.253170013427734,35.38909912109375
2023-10-05,22.8602352142334,53.4665641784668,41.50926971435547,94.09999084472656,249.94329833984375,244.15016174316406,18.433372497558594,21.459217071533203,26.436351776123047,14.082701683044434,23.095256805419922,3.363016366958618,6.976973533630371,3.5632588863372803,19.299449920654297,50.42582702636719,35.92530059814453
2023-10-06,23.069793701171875,54.29498291015625,42.025386810302734,95.10772705078125,249.94329833984375,244.8743896484375,18.681751251220703,21.271926879882812,26.83507537841797,14.463818550109863,22.68851089477539,3.363016366958618,6.9111528396606445,3.5446033477783203,19.694438934326172,49.54335021972656,36.040199279785156
2023-10-09,23.170019149780273,54.12358856201172,42.08272933959961,95.09821319580078,250.00204467773438,248.0552215576172,18.335792541503906,21.24235725402832,26.853618621826172,14.361568450927734,22.80755615234375,3.363016366958618,7.202643394470215,3.5352752208709717,19.676067352294922,49.44742965698242,35.81997299194336
2023-10-10,23.297574996948242,54.46638107299805,42.197425842285156,95.73518371582031,251.94998168945312,249.64076232910156,18.477724075317383,21.745075225830078,27.029800415039062,14.435932159423828,23.095256805419922,3.4228920936584473,7.240255355834961,3.609898328781128,19.731182098388672,50.04214096069336,36.3370246887207
2023-10-11,23.370466232299805,54.885353088378906,42.751773834228516,95.67813873291016,253.7608642578125,248.85777282714844,18.77046012878418,21.80422019958496,27.15962028503418,14.659025192260742,23.21430206298828,3.4228920936584473,7.2872700691223145,3.6378822326660156,19.694438934326172,50.51215744018555,36.30829620361328
2023-10-12,23.561803817749023,55.1995849609375,42.856910705566406,96.59081268310547,251.88145446777344,233.1689910888672,18.921260833740234,22.13936424255371,27.40997886657715,14.668319702148438,21.994064331054688,3.4628093242645264,7.174435138702393,3.628554344177246,19.868968963623047,50.79991912841797,36.17424774169922
2023-10-13,23.425134658813477,54.70443344116211,43.01939010620117,95.99187469482422,251.3626708984375,236.25192260742188,19.045452117919922,21.794363021850586,27.187435150146484,14.612547874450684,21.369062423706055,3.4927470684051514,7.183837890625,3.6192264556884766,19.731182098388672,50.69440460205078,35.94445037841797
2023-10-16,23.27935218811035,54.03788757324219,43.1818733215332,95.7066650390625,249.68881225585938,234.7936248779297,19.107547760009766,21.587358474731445,27.011255264282227,14.454524040222168,21.994064331054688,3.4927470684051514,7.202643394470215,3.6192264556884766,19.575023651123047,50.5505256652832,35.88699722290039
2023-10-17,23.47068977355957,54.49494552612305,43.554622650146484,96.21053314208984,248.5337371826172,231.36814880371094,19.364797592163086,21.80422019958496,27.233800888061523,14.7055025100708,21.984142303466797,3.4528300762176514,7.240255355834961,3.6192264556884766,19.731182098388672,50.38745880126953,35.86784744262695
2023-10-18,23.525358200073242,54.180721282958984,43.85091781616211,96.41969299316406,250.0999298095703,233.86386108398438,19.43576431274414,21.676074981689453,27.400707244873047,15.077322006225586,22.18255615234375,3.4927470684051514,7.3812994956970215,3.609898328781128,19.703624725341797,50.435420989990234,35.6859245300293
2023-10-19,23.35224151611328,52.723838806152344,43.22966003417969,94.86053466796875,245.3132781982422,230.8494110107422,19.40028190612793,21.14378547668457,27.001983642578125,14.742684364318848,22.440492630004883,3.3829751014709473,7.3812994956970215,3.609898328781128,19.428049087524414,49.591312408447266,35.2263298034668
2023-10-20,23.02423667907715,51.75258255004883,42.46504211425781,93.8813247680664,239.95889282226562,228.12860107421875,18.974483489990234,20.79878044128418,26.5661678314209,14.510295867919922,22.46033477783203,3.363016366958618,7.522343635559082,3.5539309978485107,19.16166114807129,49.17885208129883,34.99652862548828
2023-10-23,22.978679656982422,52.66670608520508,41.44236755371094,92.99717712402344,242.23963928222656,231.75962829589844,18.45998191833496,20.75935173034668,26.48271369934082,14.268613815307617,23.253984451293945,3.263223648071289,7.334285259246826,3.5352752208709717,19.14328956604004,49.15007400512695,35.24547576904297
2023-10-24,22.942235946655273,52.714317321777344,41.66218948364258,93.23485565185547,241.45654296875,232.20005798339844,18.939002990722656,20.769210815429688,26.48271369934082,14.259317398071289,22.648822784423828,3.213327407836914,7.3812994956970215,3.5352752208709717,19.180030822753906,49.034969329833984,34.80502700805664
2023-10-25,22.641563415527344,52.942848205566406,42.742218017578125,92.55035400390625,239.3128204345703,231.0255889892578,19.533342361450195,20.434062957763672,26.260169982910156,14.305795669555664,22.192480087280273,3.243265151977539,7.3060760498046875,3.609898328781128,19.10654640197754,48.7472038269043,34.115631103515625
2023-10-26,22.586896896362305,52.876190185546875,42.942928314208984,92.21760559082031,237.51173400878906,229.35198974609375,19.701885223388672,19.862342834472656,26.14889907836914,14.417341232299805,22.281763076782227,3.233285903930664,7.3248820304870605,3.5539309978485107,18.8952693939209,48.31555938720703,33.684757232666016
2023-10-27,22.641563415527344,53.19994354248047,43.06718063354492,92.97816467285156,237.38446044921875,229.10731506347656,19.737367630004883,19.901771545410156,26.3343505859375,14.175657272338867,21.38890266418457,3.323099136352539,7.362493515014648,3.5539309978485107,18.98712921142578,48.277191162109375,33.924129486083984
2023-10-30,22.368223190307617,52.714317321777344,43.11497116088867,91.47607421875,236.9243927001953,225.7405242919922,19.763980865478516,20.187631607055664,25.8521728515625,14.073408126831055,21.646841049194336,3.323099136352539,7.2120466232299805,3.5446033477783203,18.794225692749023,48.1141242980957,33.426231384277344
2023-10-31,22.51400375366211,53.44751739501953,42.531944274902344,91.7992935180664,235.749755859375,227.40435791015625,19.781721115112305,20.443920135498047,26.009807586669922,14.501001358032227,21.617080688476562,3.313119888305664,7.2120466232299805,3.5539309978485107,18.922828674316406,48.459442138671875,33.72305679321289
2023-11-01,22.659786224365234,54.01884460449219,43.191429138183594,92.0940170288086,239.10728454589844,229.97836303710938,20.27848243713379,20.89735221862793,26.111806869506836,14.640434265136719,22.51985740661621,3.313119888305664,7.277866840362549,3.5539309978485107,19.05143165588379,48.93904495239258,33.52198028564453
2023-11-02,23.1153507232666,54.209285736083984,43.37302780151367,93.57710266113281,240.73219299316406,233.03195190429688,20.624441146850586,21.360645294189453,26.491987228393555,14.696207046508789,23.253984451293945,3.313119888305664,7.061600208282471,3.591242790222168,19.446420669555664,49.33232498168945,33.608154296875
2023-11-03,23.324909210205078,54.31403350830078,43.48772048950195,95.0031509399414,242.3473358154297,238.80636596679688,20.60669708251953,21.72536277770996,26.946348190307617,14.57536506652832,22.96628761291504,3.313119888305664,6.976973533630371,3.609898328781128,19.749555587768555,50.18602752685547,33.99115753173828
2023-11-06,23.45246696472168,54.48542404174805,43.43037033081055,95.46898651123047,242.0634307861328,242.93655395507812,20.597827911376953,21.636648178100586,27.205982208251953,14.417341232299805,23.680574417114258,3.263223648071289,6.948764801025391,3.6005706787109375,20.135360717773438,50.445011138916016,33.74220657348633
2023-11-07,23.206462860107422,53.99979782104492,43.545066833496094,95.07920837402344,245.088134765625,242.8386688232422,20.72201919555664,21.616933822631836,26.92780303955078,14.28720474243164,23.571443557739258,3.243265151977539,6.89234733581543,3.609898328781128,19.593393325805664,50.63685989379883,33.72305679321289
2023-11-08,23.288463592529297,54.59968948364258,42.72310256958008,95.7256851196289,247.08502197265625,242.57443237304688,20.49138069152832,22.01122283935547,27.04834747314453,14.324386596679688,23.688745498657227,3.103555202484131,6.89234733581543,3.6565380096435547,19.88734245300293,50.65604019165039,33.94327926635742
2023-11-09,23.516246795654297,54.92344284057617,42.96204376220703,97.07566833496094,248.5337371826172,246.92971801757812,20.801855087280273,22.14922332763672,26.83507537841797,14.398750305175781,22.84378433227539,3.193368673324585,6.864138126373291,3.693849563598633,20.134389877319336,50.9150276184082,33.94327926635742
2023-11-10,23.206462860107422,54.71395492553711,43.26789093017578,96.32462310791016,247.37869262695312,246.77310180664062,21.067977905273438,22.17879295349121,26.389986038208008,14.426637649536133,22.257282257080078,3.14347243309021,6.788914680480957,3.6751937866210938,19.820829391479492,50.9150276184082,33.99115753173828
2023-11-13,22.504894256591797,54.24737548828125,43.392147064208984,96.31510925292969,247.04586791992188,246.63609313964844,21.014753341674805,22.38579559326172,26.797985076904297,14.352272033691406,22.227460861206055,3.0536587238311768,6.676079750061035,3.6845219135284424,19.763816833496094,50.704002380371094,34.048606872558594
2023-11-14,22.55956268310547,54.237850189208984,43.98472213745117,97.2372817993164,247.56468200683594,248.2509765625,21.591350555419922,22.444942474365234,26.712032318115234,14.612547874450684,22.33680534362793,3.16343092918396,6.845332622528076,3.609898328781128,19.963356018066406,51.06850051879883,34.192230224609375
2023-11-15,22.787342071533203,54.33307647705078,44.768455505371094,97.11370086669922,252.26321411132812,255.00408935546875,22.33649253845215,23.213804244995117,26.712032318115234,14.612547874450684,22.79408073425293,3.16343092918396,6.770108699798584,3.57258677482605,20.09638214111328,51.97975158691406,34.13478088378906
2023-11-16,22.900949478149414,53.352291107177734,44.5008430480957,97.24679565429688,251.97935485839844,252.71389770507812,22.35423469543457,23.125089645385742,26.50192642211914,13.961862564086914,23.181766510009766,3.16343092918396,6.638467788696289,3.591242790222168,20.09638214111328,51.78791046142578,34.23052978515625
2023-11-17,22.787342071533203,54.39973068237305,44.54862976074219,97.41792297363281,254.26010131835938,253.1053924560547,22.37197494506836,22.7997989654541,26.482826232910156,13.961862564086914,22.913368225097656,3.16343092918396,6.5726470947265625,3.5819146633148193,20.048873901367188,50.838287353515625,33.818809509277344
2023-11-20,22.957752227783203,55.0377082824707,44.672882080078125,98.08340454101562,255.7283935546875,252.136474609375,22.44293975830078,22.82937240600586,26.673831939697266,13.803837776184082,22.694673538208008,3.18338942527771,6.647871017456055,3.5539309978485107,20.162893295288086,51.010948181152344,33.416656494140625
2023-11-21,22.995620727539062,54.39020538330078,45.30369186401367,98.58727264404297,255.2095947265625,251.33392333984375,22.593740463256836,22.573081970214844,26.69293212890625,13.8317232131958,23.062480926513672,3.233285903930664,6.647871017456055,3.5632588863372803,20.229408264160156,50.61766815185547,33.03365707397461
2023-11-22,23.04295539855957,54.37116241455078,45.7242317199707,98.6823501586914,257.1673278808594,253.7219696044922,22.567129135131836,22.612512588500977,26.73113250732422,14.119884490966797,23.261295318603516,3.233285903930664,6.694885730743408,3.5352752208709717,20.172395706176758,50.61766815185547,32.985782623291016
2023-11-23,23.01455307006836,54.237850189208984,45.06475067138672,97.8837661743164,254.7593231201172,252.44967651367188,22.132465362548828,22.592798233032227,26.73113250732422,14.157066345214844,23.23147201538086,3.133493185043335,6.582050800323486,3.5446033477783203,20.248411178588867,50.35868453979492,32.81343460083008
2023-11-24,23.09975814819336,54.04740905761719,45.122093200683594,98.57777404785156,253.3399658203125,252.59646606445312,22.20343017578125,22.740657806396484,26.712032318115234,14.222135543823242,23.29111671447754,3.133493185043335,6.647871017456055,3.525947332382202,20.267414093017578,50.21480178833008,33.04323196411133
2023-11-27,22.844144821166992,54.35212326049805,44.46261215209961,97.55101776123047,253.23231506347656,250.82498168945312,21.74215316772461,22.67165756225586,26.759782791137695,14.538183212280273,22.9531307220459,3.0835964679718018,6.610259532928467,3.507291555404663,20.048873901367188,49.91744613647461,32.74641036987305
2023-11-28,23.0618896484375,54.59968948364258,44.376590728759766,98.2450180053711,255.7382049560547,251.4122314453125,22.070369720458984,22.96737289428711,27.084491729736328,14.547478675842285,23.082361221313477,3.093575954437256,6.582050800323486,3.525947332382202,20.1914005279541,50.09010314941406,33.02408218383789
2023-11-29,22.891481399536133,55.30432891845703,44.14720153808594,98.23551940917969,261.35687255859375,256.6189880371094,21.98166275024414,22.98708724975586,26.836185455322266,14.10129451751709,23.65892219543457,3.0536587238311768,6.525633335113525,3.525947332382202,20.09638214111328,50.56970977783203,32.82300567626953
2023-11-30,23.07135772705078,55.30432891845703,44.25233840942383,99.49994659423828,267.26922607421875,256.6483459472656,22.167945861816406,22.42522621154785,27.122692108154297,14.28720474243164,24.195724487304688,3.0736172199249268,6.4974236488342285,3.5632588863372803,20.305421829223633,50.51215744018555,33.416656494140625
2023-12-01,23.12816047668457,55.180538177490234,44.29056930541992,99.0531234741211,266.5350646972656,257.2649230957031,22.35423469543457,22.7209415435791,27.151344299316406,14.250021934509277,23.798095703125,3.0835964679718018,6.488021373748779,3.5352752208709717,20.210403442382812,50.080509185791016,33.09111022949219
2023-12-04,23.1470947265625,55.51381301879883,45.05519104003906,99.93727111816406,267.4258117675781,258.54705810546875,22.43406867980957,23.046228408813477,27.361448287963867,13.79454231262207,24.146018981933594,3.113534450531006,6.412797927856445,3.5352752208709717,20.324424743652344,50.58889389038086,33.36878204345703
2023-12-05,23.090290069580078,54.885353088378906,44.46261215209961,99.54747772216797,271.9286193847656,257.5194091796875,22.23891258239746,22.740657806396484,27.476051330566406,13.729474067687988,24.583410263061523,3.0536587238311768,6.356380462646484,3.525947332382202,20.35293197631836,50.281944274902344,33.52198028564453
2023-12-06,23.383771896362305,56.09465789794922,45.14120864868164,101.09710693359375,278.3988952636719,261.77679443359375,22.247783660888672,23.144804000854492,28.001314163208008,13.999044418334961,24.802106857299805,3.113534450531006,6.375186443328857,3.591242790222168,20.704500198364258,51.12605285644531,34.1539306640625
2023-12-07,23.289100646972656,56.580284118652344,45.32280349731445,101.03056335449219,275.8734130859375,260.8176574707031,22.60261344909668,22.977230072021484,27.87716293334961,13.60863208770752,24.643056869506836,3.12351393699646,6.422200679779053,3.5819146633148193,20.81852149963379,51.10686492919922,34.32627868652344
2023-12-08,23.298566818237305,56.38032531738281,45.62865447998047,101.19218444824219,277.3319396972656,261.2385559082031,22.84212303161621,22.86880111694336,27.8867130279541,13.497085571289062,24.5535888671875,3.12351393699646,6.817123889923096,3.5819146633148193,20.82802391052246,51.509742736816406,34.24968338012695
2023-12-11,23.298566818237305,56.62790298461914,45.4375,101.66754150390625,280.93414306640625,262.05084228515625,23.01066780090332,22.77022933959961,27.982213973999023,13.469199180603027,24.60329246520996,3.0835964679718018,6.854735374450684,3.57258677482605,20.847026824951172,52.085262298583984,34.51778030395508
2023-12-12,23.47844123840332,57.170658111572266,45.45661544799805,102.11436462402344,287.6393737792969,263.76361083984375,23.383235931396484,22.937803268432617,28.19232177734375,13.441312789916992,24.911453247070312,3.0436794757843018,6.873541355133057,3.591242790222168,20.847026824951172,52.114044189453125,35.149723052978516
2023-12-13,23.65831756591797,57.62771987915039,45.752906799316406,102.81788635253906,292.4651794433594,266.5431213378906,23.69371223449707,23.499666213989258,28.421525955200195,13.432016372680664,25.219615936279297,3.0337002277374268,6.864138126373291,3.5819146633148193,21.037063598632812,52.16200256347656,34.900779724121094
2023-12-14,23.894994735717773,58.637062072753906,46.11609649658203,104.12033081054688,291.2122497558594,270.8691101074219,24.35901641845703,24.19952964782715,28.602981567382812,13.078786849975586,25.686832427978516,3.153451681137085,7.061600208282471,3.6472103595733643,21.17959213256836,52.34425735473633,35.06355285644531
2023-12-15,24.17901039123535,58.73228454589844,47.224796295166016,104.6432113647461,293.43426513671875,272.8069152832031,24.704975128173828,23.77566909790039,28.8226375579834,13.199628829956055,25.75641632080078,3.233285903930664,7.2872700691223145,3.6565380096435547,21.36962890625,52.84304428100586,35.10185241699219
2023-12-18,24.16954231262207,58.77989196777344,47.157894134521484,104.57666778564453,290.9969177246094,273.5703125,24.651752471923828,23.795381546020508,28.832185745239258,13.11596965789795,25.24943733215332,3.243265151977539,7.174435138702393,3.6192264556884766,21.360126495361328,52.593650817871094,34.8529052734375
2023-12-19,24.264211654663086,59.47500228881836,47.42551040649414,105.14708709716797,292.86651611328125,275.1069030761719,24.91787338256836,24.2586727142334,28.984989166259766,13.627223014831543,25.408491134643555,3.243265151977539,7.174435138702393,3.628554344177246,21.521657943725586,53.26509475708008,34.95822525024414
2023-12-20,24.434621810913086,59.98919677734375,47.5975456237793,105.49884796142578,293.6104736328125,278.0038757324219,24.73158836364746,24.2586727142334,29.175994873046875,13.645813941955566,25.666950225830078,3.263223648071289,7.1556291580200195,3.693849563598633,21.740198135375977,53.82144546508789,35.23590087890625
2023-12-21,24.453554153442383,59.541656494140625,47.54020309448242,105.10906219482422,289.1468505859375,276.4966735839844,24.864648818969727,24.15024185180664,29.10914421081543,13.673701286315918,25.8359432220459,3.243265151977539,7.146225929260254,3.7031774520874023,21.711694717407227,53.65837478637695,35.111427307128906
2023-12-22,24.425153732299805,59.0845947265625,47.530643463134766,105.05201721191406,288.9021301269531,276.14434814453125,25.14851188659668,24.307958602905273,29.023189544677734,13.617926597595215,25.398550033569336,3.233285903930664,7.127420425415039,3.693849563598633,21.702192306518555,53.52408218383789,34.99652862548828
2023-12-27,24.444087982177734,59.67496871948242,48.03720474243164,105.70800018310547,293.2972106933594,279.5698547363281,25.325925827026367,24.790964126586914,29.137792587280273,13.562153816223145,25.299142837524414,3.303140640258789,7.193241119384766,3.6751937866210938,21.740198135375977,54.09961700439453,35.30292510986328
2023-12-28,24.595561981201172,60.14154815673828,48.47686004638672,106.75376892089844,294.0607604980469,280.54852294921875,25.84929847717285,24.99920654296875,29.347898483276367,13.692291259765625,25.31902503967285,3.333078622817993,7.2120466232299805,3.693849563598633,21.863723754882812,54.790245056152344,35.60932159423828
2023-12-29,24.538759231567383,60.046329498291016,48.180572509765625,106.28792572021484,292.3575134277344,280.54852294921875,25.742849349975586,25.088455200195312,29.31924819946289,13.766655921936035,25.289203643798828,3.323099136352539,7.146225929260254,3.693849563598633,21.75920295715332,54.7135124206543,35.618900299072266
